transcript_id,gene_id,n_codons,cds_start,cds_end,sum_avg_count,sum_avg_count_norm,cv5_test_fold
ENST00000000233.10,ENSG00000004059,181,88,631,1781.5,3.2808,1
ENST00000000412.8,ENSG00000003056,278,159,993,608.0,0.729,1
ENST00000001008.6,ENSG00000004478,460,170,1550,3711.0,2.6891,5
ENST00000002165.11,ENSG00000001036,468,86,1490,1700.0,1.2108,4
ENST00000003100.13,ENSG00000001630,510,113,1643,3591.0,2.3471,1
ENST00000005257.7,ENSG00000006451,207,291,912,383.0,0.6167,5
ENST00000005386.8,ENSG00000005175,666,85,2083,1179.5,0.5903,1
ENST00000006777.11,ENSG00000005486,365,49,1144,553.5,0.5055,4
ENST00000007516.8,ENSG00000004779,157,26,497,3560.5,7.5594,5
ENST00000010404.6,ENSG00000008394,156,65,533,763.5,1.6314,4
ENST00000011691.6,ENSG00000008324,78,38,272,417.0,1.7821,4
ENST00000012443.9,ENSG00000011485,500,10,1510,1493.0,0.9953,1
ENST00000013034.3,ENSG00000239672,178,209,743,5172.0,9.6854,2
ENST00000013070.11,ENSG00000012963,426,36,1314,797.0,0.6236,4
ENST00000014930.9,ENSG00000013583,190,151,721,462.5,0.8114,4
ENST00000016171.6,ENSG00000014919,411,78,1311,1098.0,0.8905,3
ENST00000020945.4,ENSG00000019549,269,164,971,618.0,0.7658,1
ENST00000023939.8,ENSG00000022277,337,113,1124,1271.5,1.2577,2
ENST00000025399.10,ENSG00000023734,364,314,1406,3197.0,2.9277,5
ENST00000037243.7,ENSG00000034713,118,108,462,1916.5,5.4138,3
ENST00000044462.12,ENSG00000041357,262,119,905,9555.0,12.1565,2
ENST00000053468.4,ENSG00000048544,202,12,618,982.0,1.6205,3
ENST00000053867.8,ENSG00000030582,594,40,1822,2577.5,1.4464,1
ENST00000054666.11,ENSG00000049245,101,88,391,451.5,1.4901,4
ENST00000054950.4,ENSG00000049449,332,123,1119,932.0,0.9357,1
ENST00000055077.8,ENSG00000049541,355,16,1081,1546.5,1.4521,3
ENST00000081029.8,ENSG00000061794,324,12,984,1255.0,1.2912,4
ENST00000085068.7,ENSG00000063241,222,137,803,527.5,0.792,4
ENST00000157812.7,ENSG00000013275,419,38,1295,2116.0,1.6834,2
ENST00000158771.9,ENSG00000072849,240,17,737,563.0,0.7819,5
ENST00000162044.14,ENSG00000064545,480,50,1490,1173.5,0.8149,1
ENST00000166345.8,ENSG00000071539,433,115,1414,839.5,0.6463,1
ENST00000168216.11,ENSG00000072506,262,25,811,1610.0,2.0483,5
ENST00000173527.6,ENSG00000066583,299,18,915,687.0,0.7659,3
ENST00000175091.5,ENSG00000068697,234,108,810,1702.5,2.4252,3
ENST00000177742.7,ENSG00000074071,226,31,709,1735.0,2.559,5
ENST00000179259.6,ENSG00000078237,271,59,872,408.5,0.5025,3
ENST00000184266.3,ENSG00000065518,130,24,414,2651.5,6.7987,5
ENST00000188312.7,ENSG00000075089,397,37,1228,1048.0,0.8799,3
ENST00000196371.10,ENSG00000083720,521,67,1630,791.5,0.5064,4
ENST00000199320.9,ENSG00000086189,314,133,1075,659.0,0.6996,1
ENST00000199389.11,ENSG00000086232,631,92,1985,1334.0,0.7047,5
ENST00000199706.13,ENSG00000086504,257,47,818,1689.0,2.1907,4
ENST00000199814.9,ENSG00000086589,421,77,1340,1041.5,0.8246,5
ENST00000202017.6,ENSG00000088356,134,85,487,380.0,0.9453,2
ENST00000202773.14,ENSG00000089009,289,19,886,1791.5,2.0663,2
ENST00000203407.6,ENSG00000010256,481,26,1469,4617.0,3.1996,3
ENST00000203630.10,ENSG00000089693,249,231,978,1240.5,1.6606,4
ENST00000204566.7,ENSG00000090487,309,274,1201,473.0,0.5102,3
ENST00000205061.9,ENSG00000090863,1204,20,3632,2808.5,0.7775,5
ENST00000205402.10,ENSG00000091140,510,68,1598,3701.0,2.419,1
ENST00000205636.4,ENSG00000091317,184,107,659,757.0,1.3714,4
ENST00000206020.8,ENSG00000091640,228,13,697,612.0,0.8947,4
ENST00000206380.8,ENSG00000091947,258,11,785,437.0,0.5646,1
ENST00000209728.9,ENSG00000094804,561,225,1908,2013.5,1.1964,3
ENST00000209873.9,ENSG00000094914,547,145,1786,971.5,0.592,3
ENST00000209875.9,ENSG00000094916,192,157,733,1789.5,3.1068,1
ENST00000210060.12,ENSG00000095059,370,114,1224,631.0,0.5685,3
ENST00000210444.6,ENSG00000095380,360,77,1157,1394.5,1.2912,1
ENST00000211314.5,ENSG00000096092,100,149,449,434.5,1.4483,2
ENST00000211998.10,ENSG00000035403,1135,92,3497,2244.5,0.6592,5
ENST00000215375.7,ENSG00000099624,169,100,607,1526.0,3.0099,3
ENST00000215565.3,ENSG00000099795,138,66,480,833.5,2.0133,4
ENST00000215570.8,ENSG00000099800,96,53,341,1276.0,4.4306,4
ENST00000215574.9,ENSG00000099804,237,172,883,375.5,0.5281,4
ENST00000215754.8,ENSG00000240972,116,92,440,1086.0,3.1207,2
ENST00000215793.13,ENSG00000099995,794,102,2484,2710.5,1.1379,2
ENST00000215829.8,ENSG00000100028,127,91,472,7645.5,20.0669,3
ENST00000215832.11,ENSG00000100030,361,205,1288,1266.5,1.1694,1
ENST00000215882.10,ENSG00000100075,312,63,999,1087.5,1.1619,3
ENST00000215980.10,ENSG00000100162,181,76,619,622.5,1.1464,4
ENST00000216034.6,ENSG00000100216,143,22,451,1620.5,3.7774,2
ENST00000216038.6,ENSG00000100220,506,91,1609,2747.5,1.8099,1
ENST00000216117.9,ENSG00000100292,289,78,945,585.0,0.6747,4
ENST00000216121.12,ENSG00000184117,285,31,886,1438.0,1.6819,3
ENST00000216122.9,ENSG00000100297,735,77,2282,3678.0,1.668,4
ENST00000216129.7,ENSG00000100304,645,65,2000,1319.5,0.6819,1
ENST00000216146.9,ENSG00000100316,404,26,1238,12786.5,10.5499,4
ENST00000216185.7,ENSG00000100348,167,77,578,953.5,1.9032,3
ENST00000216187.10,ENSG00000100350,685,112,2167,1126.5,0.5482,4
ENST00000216190.13,ENSG00000100353,549,101,1748,5066.5,3.0762,2
ENST00000216218.8,ENSG00000100380,370,99,1209,5458.5,4.9176,5
ENST00000216225.9,ENSG00000100387,109,21,348,3251.5,9.9434,1
ENST00000216252.4,ENSG00000100410,111,39,372,1174.5,3.527,4
ENST00000216277.13,ENSG00000090060,746,211,2449,1851.5,0.8273,4
ENST00000216297.7,ENSG00000092201,1048,92,3236,6100.0,1.9402,3
ENST00000216330.7,ENSG00000100442,225,411,1086,3232.5,4.7889,1
ENST00000216392.8,ENSG00000100504,848,80,2624,3877.5,1.5242,3
ENST00000216410.8,ENSG00000100522,185,194,749,588.5,1.0604,5
ENST00000216442.12,ENSG00000100554,248,106,850,791.5,1.0638,3
ENST00000216452.9,ENSG00000100564,189,65,632,345.5,0.6093,4
ENST00000216455.9,ENSG00000100567,256,78,846,3633.5,4.7311,2
ENST00000216479.8,ENSG00000100591,339,97,1114,1559.5,1.5334,3
ENST00000216484.7,ENSG00000100596,563,58,1747,852.0,0.5044,2
ENST00000216500.9,ENSG00000100612,340,456,1476,1014.0,0.9941,3
ENST00000216554.8,ENSG00000100664,432,441,1737,1386.5,1.0698,5
ENST00000216714.8,ENSG00000100823,319,237,1194,1902.5,1.988,5
ENST00000216727.9,ENSG00000100836,307,13,934,1729.5,1.8779,1
ENST00000216774.11,ENSG00000100883,505,257,1772,1911.5,1.2617,4
ENST00000216780.9,ENSG00000100889,641,95,2018,1122.0,0.5835,2
ENST00000216832.9,ENSG00000100941,718,26,2180,1463.0,0.6792,3
ENST00000217109.9,ENSG00000101138,432,101,1397,874.0,0.6744,5
ENST00000217195.12,ENSG00000101220,200,152,752,639.5,1.0658,3
ENST00000217244.9,ENSG00000101266,392,345,1521,1320.5,1.1229,2
ENST00000217402.3,ENSG00000101421,225,121,796,889.5,1.3178,3
ENST00000217426.7,ENSG00000101444,433,85,1384,4031.0,3.1032,2
ENST00000217456.3,ENSG00000101474,417,63,1314,1185.5,0.9476,2
ENST00000217515.11,ENSG00000091164,290,152,1022,830.0,0.954,1
ENST00000217893.10,ENSG00000273841,265,168,963,687.0,0.8642,3
ENST00000217901.10,ENSG00000067829,394,49,1231,1018.5,0.8617,1
ENST00000217958.8,ENSG00000101843,227,22,703,1005.0,1.4758,5
ENST00000217971.8,ENSG00000101856,196,79,667,3961.5,6.7372,4
ENST00000218089.13,ENSG00000101972,1269,510,4317,5984.5,1.572,4
ENST00000218224.9,ENSG00000102103,266,572,1370,558.5,0.6999,5
ENST00000218230.6,ENSG00000102109,261,78,861,441.0,0.5632,5
ENST00000218348.7,ENSG00000102226,964,49,2941,1722.5,0.5956,4
ENST00000218364.5,ENSG00000102241,756,93,2361,2942.5,1.2974,4
ENST00000218388.9,ENSG00000102265,208,47,671,1428.0,2.2885,1
ENST00000218439.8,ENSG00000102316,607,125,1946,3498.5,1.9212,4
ENST00000218652.12,ENSG00000102471,337,49,1060,1565.0,1.548,4
ENST00000219066.5,ENSG00000065057,313,19,958,621.0,0.6613,1
ENST00000219097.7,ENSG00000091651,253,47,806,687.5,0.9058,1
ENST00000219204.8,ENSG00000102931,164,109,601,270.0,0.5488,5
ENST00000219252.10,ENSG00000102978,276,46,874,1049.0,1.2669,3
ENST00000219302.8,ENSG00000103024,170,9,519,487.5,0.9559,4
ENST00000219313.9,ENSG00000103035,325,101,1076,1253.5,1.2856,4
ENST00000219548.9,ENSG00000103266,304,116,1028,756.5,0.8295,5
ENST00000219700.10,ENSG00000103415,317,80,1031,676.0,0.7108,3
ENST00000219782.11,ENSG00000103495,494,173,1655,1226.0,0.8273,5
ENST00000220764.7,ENSG00000104325,336,16,1024,555.0,0.5506,1
ENST00000220853.8,ENSG00000104412,298,35,929,973.0,1.0884,1
ENST00000221114.8,ENSG00000104671,191,15,588,389.5,0.6798,1
ENST00000221130.11,ENSG00000104687,523,11,1580,1055.5,0.6727,3
ENST00000221265.8,ENSG00000006712,532,242,1838,904.5,0.5667,2
ENST00000221418.9,ENSG00000104823,329,22,1009,1009.0,1.0223,1
ENST00000221486.6,ENSG00000104889,300,90,990,1766.5,1.9628,3
ENST00000221494.10,ENSG00000104897,465,115,1510,1031.5,0.7394,4
ENST00000221801.8,ENSG00000105202,322,79,1045,6333.5,6.5564,3
ENST00000221859.9,ENSG00000105258,126,19,397,568.5,1.504,4
ENST00000222005.7,ENSG00000105401,379,63,1200,2351.0,2.0677,5
ENST00000222008.11,ENSG00000105404,186,29,587,1526.5,2.7357,3
ENST00000222219.8,ENSG00000105612,361,74,1157,630.0,0.5817,1
ENST00000222247.10,ENSG00000105640,177,47,578,9831.0,18.5141,3
ENST00000222266.2,ENSG00000205155,102,140,446,436.0,1.4248,5
ENST00000222284.10,ENSG00000105677,225,114,789,520.0,0.7704,2
ENST00000222388.6,ENSG00000285292,635,46,1951,2361.5,1.2396,2
ENST00000222547.8,ENSG00000105829,119,139,496,349.0,0.9776,1
ENST00000222553.8,ENSG00000105835,492,99,1575,2009.5,1.3614,4
ENST00000222726.4,ENSG00000106004,271,74,887,446.5,0.5492,3
ENST00000222969.10,ENSG00000106245,145,442,877,675.0,1.5517,2
ENST00000223029.8,ENSG00000106305,321,92,1055,1137.0,1.1807,1
ENST00000223073.6,ENSG00000106344,760,115,2395,1180.0,0.5175,1
ENST00000223129.8,ENSG00000106399,122,1172,1538,2837.0,7.7514,4
ENST00000223136.5,ENSG00000214253,153,77,536,610.0,1.329,5
ENST00000223321.9,ENSG00000106588,235,16,721,4490.5,6.3695,4
ENST00000223324.3,ENSG00000106591,189,11,578,1061.0,1.8713,2
ENST00000223336.11,ENSG00000106603,147,133,574,428.5,0.9717,3
ENST00000223369.3,ENSG00000106636,199,158,755,313.0,0.5243,2
ENST00000223500.9,ENSG00000086065,220,30,690,1250.5,1.8947,3
ENST00000223641.5,ENSG00000106803,97,82,373,1026.5,3.5275,5
ENST00000223864.7,ENSG00000107020,148,269,713,333.5,0.7511,5
ENST00000224073.6,ENSG00000107223,149,50,497,1380.5,3.0884,2
ENST00000224237.9,ENSG00000026025,467,145,1546,3861.0,2.7559,4
ENST00000225174.8,ENSG00000108179,208,80,704,1970.0,3.1571,2
ENST00000225298.12,ENSG00000011260,557,39,1710,1496.5,0.8956,4
ENST00000225388.9,ENSG00000108256,696,89,2177,1248.5,0.5979,4
ENST00000225504.8,ENSG00000213246,118,66,420,1092.0,3.0847,1
ENST00000225525.4,ENSG00000213977,125,52,427,331.5,0.884,3
ENST00000225603.9,ENSG00000108468,186,248,806,1402.0,2.5125,3
ENST00000225614.6,ENSG00000108479,393,100,1279,643.5,0.5458,3
ENST00000225655.6,ENSG00000108518,141,136,559,7938.0,18.766,2
ENST00000225665.12,ENSG00000108528,315,136,1081,1457.5,1.5423,4
ENST00000225696.9,ENSG00000108559,758,204,2478,1626.0,0.715,5
ENST00000225698.8,ENSG00000108561,283,82,931,11695.5,13.7756,2
ENST00000225719.9,ENSG00000108582,1381,54,4197,2588.5,0.6248,5
ENST00000225724.9,ENSG00000108587,251,72,825,599.5,0.7961,1
ENST00000225726.10,ENSG00000108588,484,205,1657,3656.5,2.5183,2
ENST00000225728.8,ENSG00000108590,132,77,473,333.5,0.8422,3
ENST00000225729.8,ENSG00000108591,365,76,1171,774.5,0.7073,3
ENST00000225792.10,ENSG00000108654,615,170,2015,10439.0,5.658,2
ENST00000225969.9,ENSG00000108826,149,14,461,847.5,1.896,3
ENST00000225972.8,ENSG00000108829,308,206,1130,2085.5,2.257,4
ENST00000226004.8,ENSG00000108861,186,53,611,444.5,0.7966,1
ENST00000226105.11,ENSG00000108961,187,119,680,301.5,0.5374,2
ENST00000226230.8,ENSG00000109084,177,40,571,767.5,1.4454,1
ENST00000226299.9,ENSG00000002549,520,268,1828,823.5,0.5279,5
ENST00000226796.7,ENSG00000109534,218,55,709,1211.0,1.8517,5
ENST00000227135.7,ENSG00000064199,152,76,532,245.5,0.5384,1
ENST00000227266.10,ENSG00000109861,464,64,1456,979.0,0.7033,5
ENST00000227378.7,ENSG00000109971,647,8,1949,8385.0,4.3199,4
ENST00000227524.9,ENSG00000110107,505,203,1718,3173.0,2.0944,3
ENST00000227525.8,ENSG00000110108,244,119,851,1106.0,1.5109,5
ENST00000228136.9,ENSG00000110696,184,132,684,2862.5,5.1857,4
ENST00000228251.9,ENSG00000060138,373,212,1331,3347.0,2.9911,4
ENST00000228306.8,ENSG00000089157,318,237,1191,8846.5,9.2731,5
ENST00000228318.8,ENSG00000075415,363,59,1148,7743.5,7.1107,5
ENST00000228495.11,ENSG00000110906,314,38,980,517.5,0.5494,2
ENST00000228506.8,ENSG00000110917,293,148,1027,887.5,1.0097,4
ENST00000228740.7,ENSG00000111144,612,68,1904,2046.0,1.1144,2
ENST00000228825.12,ENSG00000111229,179,77,614,1118.5,2.0829,3
ENST00000228843.13,ENSG00000111247,353,50,1109,765.0,0.7224,1
ENST00000229179.9,ENSG00000111581,926,88,2866,2212.5,0.7964,3
ENST00000229195.8,ENSG00000111596,541,143,1766,834.0,0.5139,4
ENST00000229214.9,ENSG00000111615,382,12,1158,1512.0,1.3194,1
ENST00000229238.5,ENSG00000111639,129,126,513,1999.5,5.1667,2
ENST00000229239.10,ENSG00000111640,336,76,1084,10976.5,10.8894,5
ENST00000229251.7,ENSG00000111652,276,125,953,419.5,0.5066,1
ENST00000229266.8,ENSG00000111666,407,222,1443,688.5,0.5639,2
ENST00000229268.13,ENSG00000111667,859,30,2607,1603.5,0.6222,2
ENST00000229270.8,ENSG00000111669,287,337,1198,5859.0,6.8049,2
ENST00000229281.6,ENSG00000111678,127,100,481,317.5,0.8333,4
ENST00000229314.10,ENSG00000111711,139,135,552,361.0,0.8657,3
ENST00000229329.7,ENSG00000111726,435,86,1391,868.5,0.6655,1
ENST00000229340.10,ENSG00000111737,202,103,709,620.5,1.0239,2
ENST00000229379.3,ENSG00000111775,110,14,344,7101.5,21.5197,4
ENST00000229390.8,ENSG00000111786,222,139,805,3373.0,5.0646,3
ENST00000229563.6,ENSG00000111843,113,216,555,1834.0,5.41,5
ENST00000229595.6,ENSG00000111875,205,262,877,587.0,0.9545,3
ENST00000229633.7,ENSG00000111911,183,208,757,311.5,0.5674,3
ENST00000229758.8,ENSG00000112029,448,82,1426,851.0,0.6332,5
ENST00000229794.9,ENSG00000112062,361,350,1433,606.5,0.56,1
ENST00000230048.5,ENSG00000112304,141,187,610,444.5,1.0508,1
ENST00000230050.4,ENSG00000112306,133,82,481,7504.5,18.8083,3
ENST00000230056.8,ENSG00000112312,210,333,963,2883.5,4.577,5
ENST00000230085.13,ENSG00000112335,163,119,608,836.0,1.7096,3
ENST00000230340.9,ENSG00000112578,438,64,1378,784.0,0.5967,5
ENST00000230431.11,ENSG00000112667,175,25,550,1174.0,2.2362,3
ENST00000230461.11,ENSG00000112697,362,154,1240,1042.0,0.9595,3
ENST00000230640.10,ENSG00000039123,1043,25,3154,2861.0,0.9143,2
ENST00000231061.9,ENSG00000113140,304,64,976,692.0,0.7588,4
ENST00000231238.10,ENSG00000113312,293,84,963,692.5,0.7878,3
ENST00000231498.8,ENSG00000113569,1392,129,4305,3570.5,0.855,2
ENST00000231512.5,ENSG00000113583,266,41,839,1147.5,1.438,2
ENST00000231572.8,ENSG00000113643,661,28,2011,2936.5,1.4808,2
ENST00000232508.9,ENSG00000114395,223,231,900,377.5,0.5643,5
ENST00000232519.9,ENSG00000114405,129,46,433,358.0,0.9251,3
ENST00000232564.8,ENSG00000114450,341,167,1190,589.0,0.5758,5
ENST00000232607.7,ENSG00000114491,481,20,1463,1279.0,0.8863,4
ENST00000232905.4,ENSG00000114784,114,235,577,1288.5,3.7675,3
ENST00000233025.11,ENSG00000114902,170,205,715,2533.5,4.9676,5
ENST00000233078.9,ENSG00000071626,408,188,1412,1990.5,1.6262,1
ENST00000233084.8,ENSG00000079785,741,66,2289,5269.5,2.3704,3
ENST00000233143.6,ENSG00000034510,45,78,213,4351.5,32.2333,4
ENST00000233146.7,ENSG00000095002,935,36,2841,3096.0,1.1037,4
ENST00000233190.11,ENSG00000023228,728,108,2292,3357.5,1.5373,1
ENST00000233468.5,ENSG00000115128,126,97,475,3813.0,10.0873,4
ENST00000233575.7,ENSG00000115234,471,128,1541,1112.5,0.7873,4
ENST00000233714.8,ENSG00000115365,400,75,1275,958.5,0.7987,2
ENST00000233809.9,ENSG00000115457,326,104,1082,810.0,0.8282,3
ENST00000233893.10,ENSG00000115541,103,58,367,6842.5,22.144,5
ENST00000234038.11,ENSG00000115685,361,29,1112,1350.0,1.2465,1
ENST00000234091.8,ENSG00000115738,135,860,1265,2358.5,5.8235,4
ENST00000234111.9,ENSG00000115758,462,334,1720,2144.5,1.5473,4
ENST00000234160.5,ENSG00000115806,453,88,1447,1248.5,0.9187,3
ENST00000234198.9,ENSG00000115844,329,362,1349,654.5,0.6631,2
ENST00000234296.7,ENSG00000115942,578,230,1964,1087.5,0.6272,4
ENST00000234301.3,ENSG00000115944,115,56,401,851.0,2.4667,4
ENST00000234590.10,ENSG00000074800,435,116,1421,22497.5,17.2395,3
ENST00000234626.11,ENSG00000097046,575,161,1886,1725.5,1.0003,4
ENST00000234831.10,ENSG00000116209,324,16,988,1738.5,1.7886,5
ENST00000234875.9,ENSG00000116251,129,22,409,1406.0,3.6331,2
ENST00000235090.10,ENSG00000116455,343,87,1116,1868.0,1.8154,1
ENST00000235835.8,ENSG00000053371,360,20,1100,807.5,0.7477,3
ENST00000236273.9,ENSG00000117614,244,35,767,506.5,0.6919,4
ENST00000236957.9,ENSG00000114942,226,121,799,9187.0,13.5501,1
ENST00000236959.14,ENSG00000138363,593,84,1863,3679.0,2.068,2
ENST00000237380.12,ENSG00000118579,179,14,551,1116.5,2.0791,1
ENST00000237500.10,ENSG00000118680,173,120,639,869.5,1.6753,5
ENST00000237654.9,ENSG00000118816,378,561,1695,929.5,0.8197,3
ENST00000237858.11,ENSG00000173221,107,64,385,236.5,0.7368,1
ENST00000237889.9,ENSG00000119013,99,61,358,3111.0,10.4747,5
ENST00000238081.8,ENSG00000134308,246,139,877,4366.5,5.9167,5
ENST00000238112.8,ENSG00000119203,685,120,2175,1563.0,0.7606,1
ENST00000238823.13,ENSG00000119812,519,78,1635,1082.5,0.6952,3
ENST00000238831.9,ENSG00000119820,245,252,987,788.0,1.0721,1
ENST00000238892.4,ENSG00000119878,102,68,374,485.5,1.5866,4
ENST00000239231.7,ENSG00000120137,371,85,1198,578.5,0.5198,5
ENST00000239666.9,ENSG00000120509,141,81,504,466.5,1.1028,1
ENST00000239891.4,ENSG00000120697,325,40,1015,1043.5,1.0703,4
ENST00000240185.8,ENSG00000120948,415,102,1347,1122.5,0.9016,5
ENST00000240285.10,ENSG00000121039,342,688,1714,532.0,0.5185,5
ENST00000240316.5,ENSG00000121058,577,31,1762,922.0,0.5326,2
ENST00000240423.9,ENSG00000121152,742,64,2290,1651.5,0.7419,3
ENST00000240488.8,ENSG00000121211,206,50,668,473.5,0.7662,5
ENST00000240922.8,ENSG00000121579,170,300,810,1939.5,3.8029,5
ENST00000241502.9,ENSG00000122068,319,89,1046,630.0,0.6583,3
ENST00000241600.10,ENSG00000122140,297,29,920,1032.5,1.1588,2
ENST00000242257.14,ENSG00000122687,247,36,777,375.0,0.5061,2
ENST00000242285.11,ENSG00000122705,249,136,883,1974.5,2.6432,1
ENST00000242576.7,ENSG00000076248,314,83,1025,1713.0,1.8185,2
ENST00000242577.11,ENSG00000088986,90,110,380,2915.0,10.7963,2
ENST00000242776.9,ENSG00000123136,428,76,1360,2094.0,1.6308,1
ENST00000242784.5,ENSG00000123144,177,27,558,1242.5,2.3399,1
ENST00000242827.11,ENSG00000123179,207,62,683,787.0,1.2673,3
ENST00000242872.7,ENSG00000123219,270,58,868,407.5,0.5031,2
ENST00000243045.10,ENSG00000123353,154,73,535,572.5,1.2392,3
ENST00000243563.8,ENSG00000077312,283,206,1055,1685.5,1.9853,2
ENST00000243997.8,ENSG00000124172,52,84,240,5684.5,36.4391,1
ENST00000244020.5,ENSG00000124193,345,138,1173,2201.0,2.1266,5
ENST00000244061.6,ENSG00000124226,229,16,703,610.0,0.8879,2
ENST00000244496.6,ENSG00000124541,260,32,812,1171.5,1.5019,4
ENST00000244534.7,ENSG00000124575,222,54,720,8626.5,12.9527,5
ENST00000244537.6,ENSG00000274618,104,33,345,175.5,0.5625,5
ENST00000244745.4,ENSG00000124766,475,784,2209,907.5,0.6368,5
ENST00000245206.10,ENSG00000125166,431,88,1381,3422.0,2.6466,1
ENST00000245544.9,ENSG00000125450,657,83,2054,1275.0,0.6469,4
ENST00000245552.7,ENSG00000125458,202,35,641,353.5,0.5833,3
ENST00000245812.8,ENSG00000125652,222,27,693,360.5,0.5413,2
ENST00000245816.11,ENSG00000125656,278,44,878,960.0,1.1511,2
ENST00000245838.13,ENSG00000125676,1594,30,4812,2827.5,0.5913,1
ENST00000246069.12,ENSG00000125868,166,134,632,711.5,1.4287,2
ENST00000246071.8,ENSG00000125870,226,174,852,1987.0,2.9307,4
ENST00000246117.9,ENSG00000125912,564,101,1793,1021.0,0.6034,3
ENST00000246194.8,ENSG00000125970,307,313,1234,1142.0,1.24,2
ENST00000246337.9,ENSG00000126088,368,12,1116,1395.0,1.2636,4
ENST00000246548.9,ENSG00000126261,641,52,1975,3986.5,2.0731,3
ENST00000246747.9,ENSG00000213465,185,48,603,1374.5,2.4766,3
ENST00000246784.8,ENSG00000126453,251,143,896,521.5,0.6926,1
ENST00000246802.10,ENSG00000105373,479,14,1451,838.0,0.5832,5
ENST00000246912.8,ENSG00000108788,299,53,950,550.5,0.6137,5
ENST00000246957.10,ENSG00000126602,705,16,2131,4302.0,2.034,4
ENST00000247003.9,ENSG00000105671,484,27,1479,905.5,0.6236,2
ENST00000247020.9,ENSG00000132581,212,30,666,466.0,0.7327,2
ENST00000247191.7,ENSG00000126787,847,124,2665,1676.5,0.6598,1
ENST00000247655.4,ENSG00000127184,64,115,307,1292.0,6.7292,3
ENST00000247665.12,ENSG00000054148,126,22,400,550.5,1.4563,2
ENST00000247843.7,ENSG00000127337,228,230,914,828.0,1.2105,5
ENST00000247866.9,ENSG00000090266,106,37,355,1163.0,3.6572,3
ENST00000247970.9,ENSG00000127445,164,27,519,741.0,1.5061,3
ENST00000248342.9,ENSG00000178982,219,81,738,2437.0,3.7093,1
ENST00000248378.6,ENSG00000127774,111,137,470,441.0,1.3243,4
ENST00000248958.5,ENSG00000128228,222,35,701,697.0,1.0465,1
ENST00000248975.6,ENSG00000128245,247,199,940,1293.0,1.7449,1
ENST00000249014.5,ENSG00000128283,392,387,1563,591.5,0.503,4
ENST00000249064.9,ENSG00000159873,280,155,995,492.5,0.5863,1
ENST00000249299.7,ENSG00000128534,97,60,351,1355.5,4.6581,3
ENST00000249442.11,ENSG00000128654,264,188,980,774.0,0.9773,3
ENST00000249647.8,ENSG00000092531,212,94,730,590.0,0.9277,4
ENST00000249776.13,ENSG00000128944,317,115,1066,740.5,0.7787,1
ENST00000249923.7,ENSG00000129083,954,301,3163,3112.0,1.0874,2
ENST00000250101.10,ENSG00000129235,124,23,395,2241.5,6.0255,1
ENST00000250124.11,ENSG00000129255,248,11,755,612.0,0.8226,1
ENST00000250454.8,ENSG00000129518,286,73,931,567.0,0.6608,2
ENST00000250495.10,ENSG00000129559,82,100,346,1436.5,5.8394,5
ENST00000250498.9,ENSG00000129562,114,67,409,2193.5,6.4137,3
ENST00000250559.14,ENSG00000127314,185,171,726,1038.5,1.8712,1
ENST00000251038.10,ENSG00000100722,737,97,2308,1178.0,0.5328,5
ENST00000251047.6,ENSG00000074695,511,21,1554,2017.5,1.316,1
ENST00000251074.5,ENSG00000075188,327,65,1046,1157.0,1.1794,2
ENST00000251241.9,ENSG00000108406,780,62,2402,1429.5,0.6109,1
ENST00000251412.8,ENSG00000037042,452,220,1576,758.5,0.5594,3
ENST00000251496.7,ENSG00000109805,1016,99,3147,2216.5,0.7272,4
ENST00000251775.9,ENSG00000114520,451,30,1383,681.0,0.5033,1
ENST00000251968.4,ENSG00000074319,391,126,1299,882.0,0.7519,5
ENST00000252015.3,ENSG00000100991,798,26,2420,1521.5,0.6355,5
ENST00000252102.9,ENSG00000131495,100,47,347,1513.5,5.045,2
ENST00000252329.3,ENSG00000157778,123,553,922,282.5,0.7656,1
ENST00000252487.9,ENSG00000130204,362,101,1187,1391.0,1.2808,4
ENST00000252622.15,ENSG00000130332,104,20,332,1461.5,4.6843,3
ENST00000252699.7,ENSG00000130402,912,97,2833,1656.0,0.6053,5
ENST00000252934.10,ENSG00000130638,476,230,1658,3218.5,2.2539,1
ENST00000253003.7,ENSG00000130706,408,54,1278,1355.5,1.1074,3
ENST00000253023.8,ENSG00000130725,184,230,782,1804.5,3.269,4
ENST00000253024.10,ENSG00000130726,836,694,3202,9035.0,3.6025,4
ENST00000253039.9,ENSG00000130741,473,13,1432,8217.0,5.7907,3
ENST00000253047.7,ENSG00000130748,189,10,577,348.0,0.6138,2
ENST00000253063.4,ENSG00000130766,481,330,1773,1378.5,0.9553,3
ENST00000253107.12,ENSG00000130810,474,33,1455,730.5,0.5137,3
ENST00000253108.9,ENSG00000130811,321,40,1003,3142.0,3.2627,3
ENST00000253233.6,ENSG00000130921,167,124,625,254.0,0.507,2
ENST00000253237.10,ENSG00000105447,447,23,1364,1089.5,0.8125,5
ENST00000253247.9,ENSG00000130935,720,12,2172,3337.5,1.5451,3
ENST00000253329.3,ENSG00000131013,493,38,1517,1419.0,0.9594,2
ENST00000253363.11,ENSG00000131051,531,333,1926,2226.5,1.3977,2
ENST00000253413.10,ENSG00000131100,227,114,795,2376.0,3.489,5
ENST00000253452.8,ENSG00000131143,170,59,569,6432.0,12.6118,1
ENST00000253457.8,ENSG00000131148,211,249,882,584.5,0.9234,2
ENST00000253462.8,ENSG00000131153,186,56,614,1049.5,1.8808,2
ENST00000253686.7,ENSG00000131368,174,121,643,303.0,0.5805,2
ENST00000253788.12,ENSG00000131469,137,55,466,10387.0,25.2725,1
ENST00000253794.7,ENSG00000131475,177,27,558,1559.5,2.9369,2
ENST00000253814.6,ENSG00000131507,222,196,862,1125.0,1.6892,4
ENST00000254193.11,ENSG00000131876,256,70,838,1752.5,2.2819,4
ENST00000254286.9,ENSG00000131966,418,69,1323,1384.0,1.1037,3
ENST00000254480.10,ENSG00000173473,1106,96,3414,4304.5,1.2973,2
ENST00000254616.11,ENSG00000132286,104,16,328,230.5,0.7388,3
ENST00000254630.12,ENSG00000132300,690,13,2083,1448.0,0.6995,1
ENST00000254719.10,ENSG00000132383,617,89,1940,2893.5,1.5632,4
ENST00000254722.9,ENSG00000132386,419,62,1319,1466.5,1.1667,5
ENST00000254759.8,ENSG00000132423,370,16,1126,744.5,0.6707,4
ENST00000254799.11,ENSG00000132463,481,63,1506,1811.0,1.255,3
ENST00000254806.8,ENSG00000132471,262,38,824,1223.5,1.5566,4
ENST00000254810.8,ENSG00000132475,137,133,544,5138.5,12.5024,5
ENST00000254878.8,ENSG00000132541,138,75,489,579.0,1.3986,1
ENST00000254928.10,ENSG00000132591,438,19,1333,1424.0,1.0837,5
ENST00000254940.10,ENSG00000132603,181,58,601,810.0,1.4917,4
ENST00000254950.13,ENSG00000132612,438,162,1476,788.5,0.6001,4
ENST00000255175.5,ENSG00000132824,474,134,1556,1154.0,0.8115,4
ENST00000255390.10,ENSG00000133028,302,26,932,888.0,0.9801,4
ENST00000255631.9,ENSG00000133265,360,311,1391,658.0,0.6093,4
ENST00000255764.4,ENSG00000133398,136,64,472,291.5,0.7145,5
ENST00000256015.5,ENSG00000133639,172,311,827,363.5,0.7045,1
ENST00000256151.8,ENSG00000133773,242,11,737,833.5,1.1481,4
ENST00000256255.11,ENSG00000133872,340,115,1135,946.0,0.9275,5
ENST00000256319.7,ENSG00000133935,141,133,556,472.5,1.117,4
ENST00000256366.6,ENSG00000213463,146,127,565,378.0,0.863,4
ENST00000256383.11,ENSG00000134001,316,130,1078,1777.5,1.875,5
ENST00000256433.6,ENSG00000134049,83,87,336,555.0,2.2289,5
ENST00000256441.5,ENSG00000134056,104,70,382,938.0,3.0064,1
ENST00000256442.10,ENSG00000134057,434,113,1415,4382.0,3.3656,2
ENST00000256443.8,ENSG00000134058,347,90,1131,618.0,0.5937,5
ENST00000256496.8,ENSG00000134108,187,174,735,524.0,0.934,4
ENST00000256545.9,ENSG00000134153,243,23,752,770.5,1.0569,2
ENST00000256594.7,ENSG00000134202,226,229,907,1083.5,1.5981,4
ENST00000256644.8,ENSG00000134248,174,76,598,1286.0,2.4636,1
ENST00000256682.9,ENSG00000134287,182,271,817,1225.5,2.2445,2
ENST00000256689.10,ENSG00000134294,507,351,1872,5014.0,3.2965,3
ENST00000256854.10,ENSG00000134440,549,119,1766,3123.0,1.8962,3
ENST00000256897.9,ENSG00000134480,324,136,1108,521.5,0.5365,4
ENST00000257181.10,ENSG00000134748,313,148,1087,755.5,0.8046,4
ENST00000257245.9,ENSG00000134809,91,142,415,464.5,1.7015,3
ENST00000257696.5,ENSG00000135245,64,214,406,125.0,0.651,5
ENST00000257787.6,ENSG00000135334,204,549,1161,822.5,1.344,2
ENST00000257829.8,ENSG00000135372,1026,179,3257,1573.0,0.511,2
ENST00000257857.9,ENSG00000135404,239,68,785,1975.5,2.7552,3
ENST00000257904.11,ENSG00000135446,304,155,1067,2294.5,2.5159,4
ENST00000258091.10,ENSG00000135624,544,71,1703,12920.5,7.917,3
ENST00000258169.9,ENSG00000135698,161,49,532,761.5,1.5766,5
ENST00000258341.5,ENSG00000135862,1610,297,5127,4936.5,1.022,2
ENST00000258383.4,ENSG00000135900,333,10,1009,1081.5,1.0826,2
ENST00000258416.8,ENSG00000135930,246,36,774,394.0,0.5339,4
ENST00000258418.10,ENSG00000135932,342,432,1458,773.0,0.7534,4
ENST00000258424.3,ENSG00000135940,130,25,415,4927.5,12.6346,4
ENST00000258455.8,ENSG00000135972,397,24,1215,1126.5,0.9458,3
ENST00000258648.7,ENSG00000136146,271,26,839,638.5,0.7854,3
ENST00000258662.3,ENSG00000136159,165,21,516,544.5,1.1,1
ENST00000258739.9,ENSG00000136240,213,95,734,1569.0,2.4554,3
ENST00000258761.8,ENSG00000136261,420,115,1375,1523.0,1.2087,4
ENST00000258770.8,ENSG00000136270,632,105,2001,1022.0,0.539,2
ENST00000258772.10,ENSG00000136271,548,13,1657,1448.5,0.8811,1
ENST00000258886.13,ENSG00000136381,964,122,3014,2302.0,0.796,4
ENST00000258960.7,ENSG00000136448,497,13,1504,1581.5,1.0607,2
ENST00000258975.7,ENSG00000136463,298,189,1083,678.5,0.7589,1
ENST00000259037.8,ENSG00000136521,190,22,592,963.0,1.6895,3
ENST00000259050.8,ENSG00000136536,705,122,2237,1422.0,0.6723,1
ENST00000259053.6,ENSG00000241399,233,10,709,517.5,0.7403,2
ENST00000259199.9,ENSG00000136682,396,178,1366,652.5,0.5492,4
ENST00000259239.8,ENSG00000136718,292,36,912,512.0,0.5845,4
ENST00000259457.8,ENSG00000136930,278,17,851,3818.5,4.5785,3
ENST00000259467.9,ENSG00000136940,302,123,1029,496.5,0.548,4
ENST00000259470.6,ENSG00000136943,335,82,1087,734.0,0.7303,2
ENST00000259477.6,ENSG00000136950,154,86,548,373.0,0.8074,3
ENST00000259512.9,ENSG00000136986,252,180,936,898.5,1.1885,5
ENST00000259632.12,ENSG00000137100,187,31,592,1098.0,1.9572,1
ENST00000259667.6,ENSG00000137133,164,63,555,570.0,1.1585,4
ENST00000259818.8,ENSG00000137285,446,110,1448,1040.5,0.7777,4
ENST00000259873.5,ENSG00000204568,259,26,803,1617.0,2.0811,2
ENST00000260102.9,ENSG00000137547,297,43,934,1789.5,2.0084,3
ENST00000260118.7,ENSG00000137563,319,38,995,2313.0,2.4169,5
ENST00000260247.10,ENSG00000137692,238,288,1002,797.0,1.1162,4
ENST00000260270.3,ENSG00000137714,185,173,728,381.5,0.6874,1
ENST00000260379.11,ENSG00000137818,115,131,476,5075.5,14.7116,2
ENST00000260508.9,ENSG00000137944,455,46,1411,1058.5,0.7755,3
ENST00000260563.4,ENSG00000137996,380,127,1267,703.0,0.6167,2
ENST00000260585.12,ENSG00000138018,398,90,1284,981.0,0.8216,3
ENST00000260648.10,ENSG00000138078,728,959,3143,1858.0,0.8507,4
ENST00000260731.5,ENSG00000138160,1057,246,3417,3179.0,1.0025,3
ENST00000260746.6,ENSG00000138175,183,122,671,621.0,1.1311,5
ENST00000260956.9,ENSG00000138385,409,115,1342,5683.5,4.632,4
ENST00000261015.5,ENSG00000138442,424,197,1469,990.5,0.7787,3
ENST00000261245.9,ENSG00000020426,310,102,1032,662.0,0.7118,2
ENST00000261263.5,ENSG00000080371,226,267,945,498.0,0.7345,2
ENST00000261296.7,ENSG00000088451,351,16,1069,715.5,0.6795,1
ENST00000261303.13,ENSG00000100764,441,45,1368,1322.5,0.9996,2
ENST00000261313.3,ENSG00000089220,188,86,650,4484.5,7.9512,3
ENST00000261332.11,ENSG00000172466,369,144,1251,2079.0,1.878,1
ENST00000261353.9,ENSG00000119801,122,80,446,264.0,0.7213,4
ENST00000261366.10,ENSG00000113368,587,373,2134,4429.0,2.515,1
ENST00000261396.6,ENSG00000069248,1157,92,3563,5076.5,1.4625,3
ENST00000261416.12,ENSG00000049860,557,28,1699,1238.0,0.7409,3
ENST00000261427.10,ENSG00000078140,201,192,795,874.5,1.4502,5
ENST00000261497.9,ENSG00000124422,526,176,1754,2916.0,1.8479,3
ENST00000261499.11,ENSG00000108641,205,154,769,319.5,0.5195,5
ENST00000261507.11,ENSG00000052802,294,127,1009,1171.0,1.3277,2
ENST00000261574.10,ENSG00000065150,1116,180,3528,7918.0,2.365,1
ENST00000261590.13,ENSG00000046604,1119,75,3432,5015.5,1.494,5
ENST00000261593.8,ENSG00000134758,246,439,1177,1775.0,2.4051,4
ENST00000261601.8,ENSG00000101557,495,142,1627,1824.0,1.2283,5
ENST00000261622.5,ENSG00000103257,508,85,1609,1819.5,1.1939,5
ENST00000261647.10,ENSG00000011295,381,25,1168,921.0,0.8058,2
ENST00000261667.8,ENSG00000102753,522,176,1742,1119.5,0.7149,2
ENST00000261692.7,ENSG00000111328,116,238,586,358.0,1.0287,1
ENST00000261700.8,ENSG00000087302,245,94,829,2693.5,3.6646,4
ENST00000261708.9,ENSG00000108651,598,81,1875,2086.0,1.1628,2
ENST00000261712.8,ENSG00000108671,423,14,1283,3036.0,2.3924,3
ENST00000261714.11,ENSG00000108578,456,125,1493,1372.5,1.0033,1
ENST00000261721.9,ENSG00000064726,483,101,1550,1202.0,0.8295,4
ENST00000261733.7,ENSG00000111275,518,50,1604,1150.0,0.74,2
ENST00000261735.4,ENSG00000089248,262,40,826,1868.0,2.3766,1
ENST00000261758.6,ENSG00000117899,235,28,733,848.5,1.2035,2
ENST00000261811.6,ENSG00000120306,98,118,412,338.0,1.1497,3
ENST00000261813.9,ENSG00000113068,123,28,397,747.5,2.0257,5
ENST00000261819.8,ENSG00000089053,756,71,2339,1705.5,0.752,2
ENST00000261868.10,ENSG00000104131,259,48,825,990.0,1.2741,5
ENST00000261880.10,ENSG00000103591,316,30,978,1175.0,1.2395,5
ENST00000261881.9,ENSG00000075131,302,55,961,1159.0,1.2792,4
ENST00000261889.9,ENSG00000028528,558,21,1695,842.5,0.5033,4
ENST00000261890.7,ENSG00000103769,217,95,746,2794.0,4.2919,4
ENST00000261942.7,ENSG00000113194,446,23,1361,1791.5,1.3389,3
ENST00000262027.10,ENSG00000166986,901,23,2726,4752.5,1.7582,3
ENST00000262030.8,ENSG00000110955,530,21,1611,17604.0,11.0717,4
ENST00000262053.8,ENSG00000123268,272,213,1029,440.5,0.5398,3
ENST00000262120.10,ENSG00000128791,224,185,857,345.0,0.5134,1
ENST00000262146.9,ENSG00000066855,334,131,1133,521.0,0.52,2
ENST00000262177.9,ENSG00000105993,327,167,1148,1413.5,1.4409,5
ENST00000262193.7,ENSG00000008018,242,65,791,6555.5,9.0296,3
ENST00000262213.7,ENSG00000067167,375,217,1342,1546.0,1.3742,3
ENST00000262225.8,ENSG00000086598,202,85,691,1650.5,2.7236,4
ENST00000262238.10,ENSG00000100811,415,101,1346,1377.5,1.1064,4
ENST00000262288.8,ENSG00000121064,453,29,1388,1078.0,0.7932,5
ENST00000262293.9,ENSG00000068489,361,65,1148,593.0,0.5476,4
ENST00000262302.14,ENSG00000095906,272,61,877,539.0,0.6605,1
ENST00000262306.11,ENSG00000103363,162,38,524,2477.5,5.0977,3
ENST00000262375.11,ENSG00000103423,481,14,1457,773.0,0.5357,5
ENST00000262428.5,ENSG00000103187,143,164,593,655.0,1.5268,2
ENST00000262455.7,ENSG00000023318,407,160,1381,1710.5,1.4009,2
ENST00000262482.11,ENSG00000108523,351,516,1569,552.5,0.5247,3
ENST00000262498.8,ENSG00000070761,194,266,848,512.0,0.8797,5
ENST00000262506.8,ENSG00000070770,351,370,1423,1070.5,1.0166,5
ENST00000262544.6,ENSG00000101310,768,490,2794,1501.0,0.6515,4
ENST00000262584.7,ENSG00000161016,258,233,1007,21329.5,27.5575,2
ENST00000262633.9,ENSG00000126254,481,118,1561,1516.0,1.0506,3
ENST00000262640.11,ENSG00000124333,261,83,866,493.0,0.6296,2
ENST00000262644.9,ENSG00000104331,360,282,1362,1333.5,1.2347,1
ENST00000262646.12,ENSG00000104388,213,221,860,1061.0,1.6604,3
ENST00000262710.5,ENSG00000100813,1342,328,4354,2143.0,0.5323,2
ENST00000262746.5,ENSG00000117450,200,341,941,7379.0,12.2983,2
ENST00000262890.8,ENSG00000079462,232,315,1011,552.0,0.7931,3
ENST00000262942.10,ENSG00000241685,371,136,1249,1692.5,1.5207,3
ENST00000262948.10,ENSG00000126934,401,247,1450,1107.5,0.9206,4
ENST00000262982.3,ENSG00000124207,972,123,3039,7120.0,2.4417,1
ENST00000262990.9,ENSG00000109445,321,220,1183,657.0,0.6822,3
ENST00000263012.10,ENSG00000103226,1268,66,3870,5631.0,1.4803,1
ENST00000263025.9,ENSG00000102882,380,11,1151,910.5,0.7987,5
ENST00000263168.4,ENSG00000116489,287,13,874,3372.5,3.917,2
ENST00000263202.15,ENSG00000070010,308,108,1032,1019.5,1.1034,5
ENST00000263228.4,ENSG00000107341,239,598,1315,560.0,0.781,5
ENST00000263238.7,ENSG00000115091,419,191,1448,2732.5,2.1738,3
ENST00000263239.7,ENSG00000088205,671,87,2100,2211.0,1.0984,5
ENST00000263246.8,ENSG00000100266,487,206,1667,1018.0,0.6968,5
ENST00000263256.7,ENSG00000100418,169,204,711,561.0,1.1065,1
ENST00000263354.8,ENSG00000105402,296,123,1011,1028.0,1.1577,4
ENST00000263382.8,ENSG00000105011,203,133,742,776.5,1.275,4
ENST00000263384.12,ENSG00000105058,113,33,372,268.0,0.7906,2
ENST00000263401.10,ENSG00000110442,199,12,609,577.0,0.9665,2
ENST00000263440.6,ENSG00000088035,508,268,1792,1538.5,1.0095,4
ENST00000263556.3,ENSG00000122884,535,241,1846,845.0,0.5265,1
ENST00000263559.11,ENSG00000122958,328,100,1084,1573.5,1.5991,4
ENST00000263574.9,ENSG00000084234,764,72,2364,7017.5,3.0617,1
ENST00000263657.7,ENSG00000115946,253,47,806,696.5,0.9177,1
ENST00000263663.10,ENSG00000115750,589,68,1835,922.5,0.5221,3
ENST00000263672.11,ENSG00000118363,227,20,701,1334.5,1.9596,5
ENST00000263681.7,ENSG00000077514,467,77,1478,739.0,0.5275,1
ENST00000263694.9,ENSG00000060688,358,37,1111,2517.0,2.3436,1
ENST00000263697.6,ENSG00000126698,254,31,793,3316.0,4.3517,3
ENST00000263774.9,ENSG00000213619,265,18,813,1515.5,1.9063,1
ENST00000263856.9,ENSG00000115561,223,95,764,382.5,0.5717,1
ENST00000263864.10,ENSG00000118640,101,61,364,355.5,1.1733,5
ENST00000263956.8,ENSG00000119041,887,72,2733,1481.5,0.5567,3
ENST00000264027.9,ENSG00000109929,300,56,956,1586.0,1.7622,5
ENST00000264093.9,ENSG00000114956,278,31,865,749.0,0.8981,2
ENST00000264108.5,ENSG00000128708,420,40,1300,3596.5,2.8544,1
ENST00000264156.3,ENSG00000076003,822,78,2544,5024.5,2.0375,4
ENST00000264161.9,ENSG00000115866,502,158,1664,2820.0,1.8725,4
ENST00000264169.6,ENSG00000115947,437,174,1485,840.0,0.6407,4
ENST00000264187.7,ENSG00000116962,1248,11,3755,3193.0,0.8528,4
ENST00000264218.7,ENSG00000109255,175,106,631,267.0,0.5086,5
ENST00000264220.6,ENSG00000128059,518,138,1692,1297.0,0.8346,3
ENST00000264228.9,ENSG00000128039,319,95,1052,633.5,0.662,4
ENST00000264254.11,ENSG00000115539,240,75,795,521.0,0.7236,2
ENST00000264255.8,ENSG00000115514,227,127,808,836.5,1.2283,5
ENST00000264263.9,ENSG00000168827,771,38,2351,1639.5,0.7088,2
ENST00000264279.10,ENSG00000055044,530,179,1769,1668.0,1.0491,4
ENST00000264312.12,ENSG00000109180,246,167,905,1700.0,2.3035,5
ENST00000264331.9,ENSG00000077097,1627,610,5491,4239.5,0.8686,1
ENST00000264335.13,ENSG00000108953,256,112,880,4484.5,5.8392,3
ENST00000264451.12,ENSG00000014824,569,122,1829,924.5,0.5416,1
ENST00000264552.14,ENSG00000108106,223,199,868,2041.0,3.0508,3
ENST00000264639.9,ENSG00000108344,535,164,1769,2958.0,1.843,3
ENST00000264645.12,ENSG00000108349,704,12,2124,1059.5,0.5017,5
ENST00000264670.11,ENSG00000037474,768,65,2369,1580.0,0.6858,5
ENST00000264710.5,ENSG00000084733,201,525,1128,1007.0,1.67,3
ENST00000264896.8,ENSG00000138760,479,281,1718,804.5,0.5598,1
ENST00000264904.8,ENSG00000138768,974,222,3144,1699.5,0.5816,1
ENST00000264933.9,ENSG00000249915,192,75,651,516.0,0.8958,3
ENST00000264954.5,ENSG00000109519,218,32,686,1197.0,1.8303,5
ENST00000264993.8,ENSG00000091527,259,359,1136,801.5,1.0315,1
ENST00000265028.8,ENSG00000090520,359,178,1255,872.0,0.8097,5
ENST00000265056.12,ENSG00000073111,905,56,2771,5084.5,1.8727,1
ENST00000265069.13,ENSG00000056097,1075,82,3307,2461.5,0.7633,5
ENST00000265070.7,ENSG00000113384,299,285,1182,557.0,0.621,2
ENST00000265073.9,ENSG00000113387,128,70,454,2762.0,7.1927,5
ENST00000265087.9,ENSG00000113739,303,221,1130,1249.0,1.374,2
ENST00000265174.5,ENSG00000138801,625,55,1930,1170.0,0.624,5
ENST00000265192.9,ENSG00000120727,128,153,537,1318.5,3.4336,5
ENST00000265260.8,ENSG00000081154,179,36,573,822.0,1.5307,3
ENST00000265295.9,ENSG00000040275,606,140,1958,1247.0,0.6859,5
ENST00000265304.11,ENSG00000106028,149,96,543,4527.5,10.1286,4
ENST00000265333.8,ENSG00000213585,284,87,939,3059.0,3.5904,2
ENST00000265339.7,ENSG00000119048,153,27,486,584.0,1.2723,5
ENST00000265350.9,ENSG00000124641,213,121,760,366.0,0.5728,2
ENST00000265351.12,ENSG00000124571,1205,174,3789,2907.0,0.8041,5
ENST00000265394.10,ENSG00000106066,477,119,1550,1692.5,1.1827,4
ENST00000265395.7,ENSG00000106049,337,95,1106,509.5,0.504,2
ENST00000265462.9,ENSG00000126432,215,95,740,1980.5,3.0705,5
ENST00000265465.8,ENSG00000014138,599,331,2128,1090.5,0.6068,3
ENST00000265498.6,ENSG00000085871,148,201,645,449.5,1.0124,4
ENST00000265523.9,ENSG00000106605,297,76,967,598.5,0.6717,4
ENST00000265563.13,ENSG00000114302,405,278,1493,998.0,0.8214,3
ENST00000265564.8,ENSG00000075914,292,34,910,990.5,1.1307,2
ENST00000265643.4,ENSG00000069482,124,189,561,552.0,1.4839,5
ENST00000265651.8,ENSG00000110429,472,23,1439,929.0,0.6561,5
ENST00000265729.7,ENSG00000075142,199,12,609,1797.0,3.0101,3
ENST00000265734.8,ENSG00000105810,327,412,1393,516.5,0.5265,5
ENST00000265753.13,ENSG00000106682,249,28,775,1747.5,2.3394,4
ENST00000265758.7,ENSG00000071462,282,29,875,1689.0,1.9965,2
ENST00000265866.12,ENSG00000096746,347,176,1217,3153.5,3.0293,5
ENST00000265872.11,ENSG00000060339,1151,94,3547,1761.0,0.51,3
ENST00000265881.10,ENSG00000076043,238,62,776,585.0,0.8193,2
ENST00000265896.10,ENSG00000104549,575,899,2624,2075.5,1.2032,4
ENST00000266069.5,ENSG00000101193,229,119,806,632.0,0.9199,4
ENST00000266085.7,ENSG00000100234,212,297,933,327.0,0.5142,1
ENST00000266087.12,ENSG00000100225,523,192,1761,1039.0,0.6622,3
ENST00000266126.10,ENSG00000119718,352,70,1126,681.0,0.6449,5
ENST00000266263.10,ENSG00000242114,167,112,613,415.5,0.8293,2
ENST00000266483.7,ENSG00000139133,474,104,1526,884.5,0.622,4
ENST00000266544.10,ENSG00000139180,378,13,1147,2101.5,1.8532,3
ENST00000266679.8,ENSG00000111605,589,31,1798,1620.5,0.9171,5
ENST00000266682.10,ENSG00000072041,731,465,2658,1957.0,0.8924,5
ENST00000267750.9,ENSG00000128463,184,99,651,885.0,1.6033,5
ENST00000267812.4,ENSG00000140259,440,121,1441,843.5,0.639,3
ENST00000267884.11,ENSG00000140319,137,65,476,2852.5,6.9404,3
ENST00000267935.13,ENSG00000140365,200,27,627,782.0,1.3033,5
ENST00000267970.9,ENSG00000140391,254,155,917,3696.5,4.8511,1
ENST00000267973.7,ENSG00000140395,306,87,1005,1518.0,1.6536,2
ENST00000268099.13,ENSG00000140497,330,110,1100,823.0,0.8313,3
ENST00000268150.13,ENSG00000140545,388,60,1224,1022.5,0.8784,3
ENST00000268379.9,ENSG00000140740,454,63,1425,4504.5,3.3073,3
ENST00000268668.11,ENSG00000140990,173,87,606,2667.0,5.1387,3
ENST00000268717.10,ENSG00000141030,424,60,1332,2613.5,2.0546,3
ENST00000268802.10,ENSG00000141101,413,16,1255,1020.5,0.8236,4
ENST00000268835.7,ENSG00000141127,370,259,1369,1146.0,1.0324,3
ENST00000269097.9,ENSG00000141349,347,231,1272,1036.5,0.9957,2
ENST00000269141.8,ENSG00000170558,907,108,2829,2225.5,0.8179,1
ENST00000269187.10,ENSG00000141424,756,236,2504,1904.5,0.8397,5
ENST00000269195.6,ENSG00000141429,560,226,1906,1282.0,0.7631,4
ENST00000269298.10,ENSG00000141504,171,186,699,264.5,0.5156,3
ENST00000269518.9,ENSG00000141682,137,162,573,534.5,1.3005,2
ENST00000269601.10,ENSG00000141759,143,171,600,747.0,1.7413,1
ENST00000270142.11,ENSG00000142168,155,77,542,7055.0,15.172,1
ENST00000270225.12,ENSG00000142230,347,96,1137,2367.0,2.2738,4
ENST00000270538.8,ENSG00000104980,453,15,1374,1153.0,0.8484,2
ENST00000270586.8,ENSG00000142507,240,31,751,3446.5,4.7868,1
ENST00000270625.7,ENSG00000142534,159,23,500,14756.0,30.935,4
ENST00000270776.13,ENSG00000142657,484,54,1506,1986.0,1.3678,1
ENST00000270792.10,ENSG00000142669,94,70,352,233.0,0.8262,1
ENST00000271308.9,ENSG00000143106,242,118,844,3753.5,5.1701,4
ENST00000271373.9,ENSG00000143158,128,191,575,563.0,1.4661,1
ENST00000271375.7,ENSG00000213064,161,76,559,815.5,1.6884,5
ENST00000271452.8,ENSG00000143228,465,279,1674,1422.0,1.0194,3
ENST00000271526.9,ENSG00000143294,492,237,1713,1025.0,0.6944,3
ENST00000271628.9,ENSG00000143368,425,44,1319,2029.0,1.5914,4
ENST00000271638.3,ENSG00000163191,106,89,407,1392.0,4.3774,3
ENST00000271688.10,ENSG00000143418,381,426,1569,1176.0,1.0289,2
ENST00000271732.8,ENSG00000143457,286,175,1033,622.0,0.7249,3
ENST00000271843.9,ENSG00000143543,147,422,863,872.5,1.9785,5
ENST00000271850.11,ENSG00000143549,286,40,898,1218.5,1.4202,2
ENST00000272065.10,ENSG00000143727,159,18,495,1092.5,2.2904,2
ENST00000272091.8,ENSG00000143751,452,31,1387,1519.0,1.1202,4
ENST00000272102.10,ENSG00000143761,182,95,641,6827.0,12.5037,4
ENST00000272139.5,ENSG00000143793,264,98,890,436.5,0.5511,3
ENST00000272163.9,ENSG00000143815,616,99,1947,5313.5,2.8753,5
ENST00000272167.10,ENSG00000143819,456,51,1419,1327.0,0.97,4
ENST00000272233.6,ENSG00000143878,197,392,983,608.0,1.0288,1
ENST00000272274.8,ENSG00000122026,161,90,573,441.5,0.9141,1
ENST00000272317.11,ENSG00000143947,157,38,509,506.5,1.0754,3
ENST00000272418.7,ENSG00000144029,431,17,1310,752.5,0.582,4
ENST00000272542.8,ENSG00000144136,680,457,2497,1423.5,0.6978,3
ENST00000272638.14,ENSG00000144224,509,75,1602,1069.5,0.7004,2
ENST00000272645.9,ENSG00000144231,143,55,484,471.5,1.0991,1
ENST00000273047.9,ENSG00000144566,216,518,1166,590.5,0.9113,2
ENST00000273130.9,ENSG00000144635,524,88,1660,1866.5,1.1873,3
ENST00000273223.10,ENSG00000144713,154,58,520,2825.0,6.1147,1
ENST00000273258.4,ENSG00000144746,189,111,678,1711.0,3.0176,3
ENST00000273308.9,ENSG00000257727,183,193,742,536.0,0.9763,5
ENST00000273359.8,ENSG00000144827,307,36,957,1166.5,1.2666,4
ENST00000273398.8,ENSG00000114573,618,92,1946,2832.0,1.5275,1
ENST00000273480.4,ENSG00000114125,114,44,386,301.0,0.8801,5
ENST00000273541.12,ENSG00000240682,308,73,997,651.0,0.7045,3
ENST00000273590.4,ENSG00000145022,104,4,316,167.5,0.5369,5
ENST00000273739.9,ENSG00000145147,1543,226,4855,3524.5,0.7614,2
ENST00000273920.8,ENSG00000145293,262,240,1026,531.5,0.6762,3
ENST00000273968.5,ENSG00000145337,115,76,421,878.0,2.5449,5
ENST00000274026.10,ENSG00000145386,433,255,1554,2532.0,1.9492,2
ENST00000274031.8,ENSG00000145391,367,82,1183,577.5,0.5245,2
ENST00000274065.9,ENSG00000145425,265,25,820,15663.0,19.7019,3
ENST00000274140.10,ENSG00000145495,911,204,2937,1993.5,0.7294,3
ENST00000274242.10,ENSG00000145592,98,37,331,4367.0,14.8537,2
ENST00000274496.10,ENSG00000145817,258,135,909,706.0,0.9121,4
ENST00000274606.8,ENSG00000145912,154,68,530,2180.5,4.7197,2
ENST00000274712.8,ENSG00000146007,200,14,614,1283.0,2.1383,4
ENST00000274787.3,ENSG00000146066,107,69,390,871.0,2.7134,1
ENST00000274849.3,ENSG00000146109,273,30,849,888.0,1.0842,3
ENST00000275235.8,ENSG00000146416,246,25,763,572.5,0.7757,5
ENST00000275428.9,ENSG00000006625,189,120,687,511.0,0.9012,4
ENST00000275603.9,ENSG00000146731,532,84,1680,4129.0,2.5871,5
ENST00000275605.8,ENSG00000146733,226,598,1276,783.5,1.1556,1
ENST00000276201.7,ENSG00000125351,484,35,1487,754.5,0.5196,3
ENST00000276390.7,ENSG00000147416,512,26,1562,852.5,0.555,2
ENST00000276533.4,ENSG00000147536,224,155,827,539.0,0.8021,2
ENST00000276569.8,ENSG00000104442,283,215,1064,567.5,0.6684,5
ENST00000276585.9,ENSG00000147586,188,11,575,1071.0,1.8989,4
ENST00000276590.5,ENSG00000147592,289,65,932,592.5,0.6834,2
ENST00000276682.8,ENSG00000147677,367,767,1868,3705.5,3.3656,1
ENST00000276689.8,ENSG00000147684,180,64,604,2817.0,5.2167,3
ENST00000276692.11,ENSG00000147687,298,39,933,460.0,0.5145,3
ENST00000276925.7,ENSG00000147883,139,352,769,408.5,0.9796,1
ENST00000277010.9,ENSG00000147955,224,90,762,1966.5,2.9263,4
ENST00000277632.8,ENSG00000148481,446,208,1546,798.0,0.5964,2
ENST00000277865.5,ENSG00000148672,559,74,1751,2459.5,1.4666,2
ENST00000278193.7,ENSG00000148943,198,17,611,1151.5,1.9386,1
ENST00000278200.5,ENSG00000148950,167,196,697,301.5,0.6018,3
ENST00000278353.10,ENSG00000149084,313,90,1029,739.5,0.7875,2
ENST00000278412.7,ENSG00000149136,710,282,2412,6821.5,3.2026,2
ENST00000278483.8,ENSG00000149196,198,209,803,367.0,0.6178,3
ENST00000278572.10,ENSG00000149273,260,18,798,26355.5,33.7891,4
ENST00000278618.9,ENSG00000149313,310,49,979,1565.5,1.6833,5
ENST00000278671.10,ENSG00000149357,162,73,559,340.0,0.6996,1
ENST00000278823.7,ENSG00000149480,669,415,2422,2262.5,1.1273,1
ENST00000278903.11,ENSG00000149547,341,167,1190,611.5,0.5978,2
ENST00000279146.8,ENSG00000110711,331,133,1126,893.5,0.8998,3
ENST00000279242.7,ENSG00000149792,167,26,527,684.5,1.3663,4
ENST00000279387.12,ENSG00000149923,308,164,1088,2807.5,3.0384,3
ENST00000279839.8,ENSG00000150316,230,67,757,657.0,0.9522,3
ENST00000280154.12,ENSG00000150593,470,153,1563,3501.5,2.4833,5
ENST00000280326.9,ENSG00000150753,542,61,1687,7795.5,4.7943,5
ENST00000280346.11,ENSG00000150768,648,65,2009,1749.5,0.8999,3
ENST00000280362.8,ENSG00000150787,146,16,454,345.0,0.7877,5
ENST00000280557.11,ENSG00000139726,199,136,733,1174.5,1.9673,2
ENST00000280612.9,ENSG00000151012,502,280,1786,1426.0,0.9469,4
ENST00000280756.9,ENSG00000151135,117,233,584,549.0,1.5641,2
ENST00000281031.5,ENSG00000151366,120,118,478,2964.0,8.2333,3
ENST00000281141.9,ENSG00000151465,337,58,1069,2145.0,2.1217,5
ENST00000281453.10,ENSG00000151725,419,34,1291,1176.0,0.9356,5
ENST00000281456.11,ENSG00000151729,299,107,1004,465.0,0.5184,2
ENST00000281828.8,ENSG00000116120,590,19,1789,2191.0,1.2379,4
ENST00000281950.8,ENSG00000152147,168,91,595,369.5,0.7331,1
ENST00000282032.4,ENSG00000152219,261,162,945,394.0,0.5032,5
ENST00000282050.6,ENSG00000152234,554,145,1807,5851.0,3.5205,4
ENST00000282058.11,ENSG00000152240,279,27,864,833.0,0.9952,2
ENST00000282074.7,ENSG00000152253,225,127,802,1131.5,1.6763,3
ENST00000282541.10,ENSG00000152642,352,92,1148,558.5,0.5289,1
ENST00000282561.4,ENSG00000152661,383,203,1352,1750.0,1.5231,5
ENST00000282841.9,ENSG00000152904,301,232,1135,507.0,0.5615,3
ENST00000282903.10,ENSG00000152952,759,195,2472,1498.0,0.6579,4
ENST00000283006.7,ENSG00000153044,248,52,796,967.0,1.2997,2
ENST00000283109.8,ENSG00000058729,553,56,1715,872.0,0.5256,2
ENST00000283131.4,ENSG00000153147,1053,223,3382,4238.5,1.3417,3
ENST00000283290.10,ENSG00000144848,315,434,1379,882.0,0.9333,1
ENST00000283632.5,ENSG00000153561,392,377,1553,949.5,0.8074,3
ENST00000283882.4,ENSG00000153774,300,151,1051,648.5,0.7206,4
ENST00000284000.9,ENSG00000153879,151,283,736,464.5,1.0254,4
ENST00000284073.7,ENSG00000153944,329,220,1207,760.5,0.7705,3
ENST00000284292.11,ENSG00000154146,79,143,380,199.5,0.8418,4
ENST00000284320.6,ENSG00000154174,609,140,1967,2674.5,1.4639,5
ENST00000284727.9,ENSG00000154518,143,128,557,6771.5,15.7844,1
ENST00000284984.8,ENSG00000154734,968,455,3359,1517.5,0.5226,3
ENST00000285093.15,ENSG00000167315,398,49,1243,722.5,0.6051,2
ENST00000285298.9,ENSG00000239789,131,71,464,403.5,1.0267,2
ENST00000285379.10,ENSG00000104267,261,75,858,5923.5,7.5651,4
ENST00000285667.4,ENSG00000155304,472,27,1443,2433.0,1.7182,5
ENST00000285697.9,ENSG00000155330,155,31,496,330.0,0.7097,1
ENST00000285814.9,ENSG00000155438,294,25,907,458.5,0.5198,4
ENST00000285896.11,ENSG00000155508,293,214,1093,622.0,0.7076,2
ENST00000285930.9,ENSG00000085662,317,38,989,4767.0,5.0126,5
ENST00000285968.11,ENSG00000155561,2013,28,6067,6094.5,1.0092,4
ENST00000286175.12,ENSG00000240344,166,384,882,266.5,0.5351,5
ENST00000286371.8,ENSG00000069849,280,159,999,4231.0,5.0369,1
ENST00000286398.11,ENSG00000136824,1198,304,3898,2485.5,0.6916,3
ENST00000286424.12,ENSG00000155957,286,11,869,457.0,0.5326,2
ENST00000286428.7,ENSG00000155959,198,23,617,3021.5,5.0867,2
ENST00000286692.8,ENSG00000156171,267,618,1419,485.0,0.6055,5
ENST00000286713.7,ENSG00000148175,289,63,930,483.0,0.5571,4
ENST00000286788.9,ENSG00000156261,549,58,1705,9558.5,5.8036,2
ENST00000286824.6,ENSG00000156298,267,3,804,457.5,0.5712,5
ENST00000287038.8,ENSG00000156482,116,70,418,7076.5,20.3348,3
ENST00000287437.8,ENSG00000156831,248,209,953,462.0,0.621,5
ENST00000287600.9,ENSG00000156973,151,168,621,334.0,0.7373,3
ENST00000287667.12,ENSG00000103512,1223,131,3800,5777.5,1.5747,1
ENST00000287844.7,ENSG00000033050,624,85,1957,2387.5,1.2754,5
ENST00000287916.8,ENSG00000157224,245,287,1022,492.5,0.6701,5
ENST00000287936.9,ENSG00000113161,889,104,2771,2238.0,0.8391,4
ENST00000288207.7,ENSG00000157456,399,123,1320,1444.5,1.2068,4
ENST00000288266.8,ENSG00000157500,710,155,2285,1231.5,0.5782,5
ENST00000288532.11,ENSG00000110871,328,17,1001,547.0,0.5559,1
ENST00000288937.7,ENSG00000158042,176,44,572,953.0,1.8049,2
ENST00000289119.7,ENSG00000158201,410,109,1339,805.5,0.6549,2
ENST00000289316.2,ENSG00000158373,127,24,405,14825.0,38.9108,2
ENST00000289371.11,ENSG00000158417,1221,166,3829,2185.0,0.5965,5
ENST00000289373.5,ENSG00000158164,46,91,229,237.0,1.7174,4
ENST00000289952.9,ENSG00000104635,493,216,1695,1226.0,0.8289,3
ENST00000290079.9,ENSG00000244187,109,27,354,369.0,1.1284,2
ENST00000290130.4,ENSG00000159055,234,35,737,896.5,1.2771,3
ENST00000290155.8,ENSG00000159079,291,134,1007,1810.0,2.0733,1
ENST00000290158.9,ENSG00000108424,877,326,2957,10469.5,3.9793,5
ENST00000290208.11,ENSG00000159111,272,453,1269,620.5,0.7604,5
ENST00000290299.7,ENSG00000241837,214,41,683,5884.0,9.1651,2
ENST00000290341.8,ENSG00000159217,578,361,2095,2984.5,1.7212,3
ENST00000290349.11,ENSG00000159228,278,92,926,613.0,0.735,5
ENST00000290541.7,ENSG00000159377,265,15,810,5939.5,7.4711,1
ENST00000290663.10,ENSG00000159479,302,44,950,468.0,0.5166,4
ENST00000291295.14,ENSG00000160014,150,105,555,2749.0,6.1089,2
ENST00000291458.9,ENSG00000160124,145,7,442,857.0,1.9701,5
ENST00000291552.9,ENSG00000160201,241,76,799,2693.5,3.7254,2
ENST00000291565.9,ENSG00000160209,313,166,1105,956.0,1.0181,5
ENST00000291568.7,ENSG00000160213,99,39,336,1375.5,4.6313,4
ENST00000291577.11,ENSG00000160221,269,15,822,998.5,1.2373,4
ENST00000291634.11,ENSG00000160256,231,29,722,605.0,0.873,1
ENST00000292314.6,ENSG00000160799,180,151,691,550.5,1.0194,3
ENST00000292494.11,ENSG00000160932,132,115,511,596.5,1.5063,5
ENST00000292644.5,ENSG00000161057,434,69,1371,2451.0,1.8825,1
ENST00000292778.11,ENSG00000161179,324,8,980,802.0,0.8251,5
ENST00000293362.7,ENSG00000131467,268,161,965,2330.0,2.898,3
ENST00000293777.6,ENSG00000161920,118,62,416,342.5,0.9675,1
ENST00000293831.13,ENSG00000161960,407,17,1238,1774.5,1.4533,1
ENST00000293860.6,ENSG00000161980,109,22,349,423.5,1.2951,4
ENST00000294053.9,ENSG00000162129,708,57,2181,1274.0,0.5998,2
ENST00000294119.6,ENSG00000162191,313,132,1071,1032.5,1.0996,2
ENST00000294360.5,ENSG00000162384,161,59,542,409.0,0.8468,5
ENST00000294742.6,ENSG00000162704,155,98,563,1388.5,2.986,1
ENST00000294785.10,ENSG00000162736,710,14,2144,1881.0,0.8831,3
ENST00000295006.6,ENSG00000162909,701,102,2205,1253.0,0.5958,3
ENST00000295050.12,ENSG00000010072,490,91,1561,905.0,0.6156,3
ENST00000295066.3,ENSG00000162961,100,249,549,914.5,3.0483,4
ENST00000295470.10,ENSG00000152795,421,772,2035,8593.5,6.804,5
ENST00000295491.9,ENSG00000163319,143,20,449,788.5,1.838,1
ENST00000295598.10,ENSG00000163399,1024,268,3340,9582.5,3.1193,3
ENST00000295628.4,ENSG00000163428,372,111,1227,583.0,0.5224,2
ENST00000295633.8,ENSG00000163430,309,96,1023,984.5,1.062,4
ENST00000295640.9,ENSG00000176393,651,19,1972,1488.0,0.7619,1
ENST00000295685.14,ENSG00000163466,301,261,1164,1601.0,1.773,3
ENST00000295688.8,ENSG00000163468,546,108,1746,15600.5,9.5241,3
ENST00000295702.9,ENSG00000163479,184,64,616,2191.5,3.9701,2
ENST00000295746.13,ENSG00000163507,906,63,2781,1377.5,0.5068,5
ENST00000295766.9,ENSG00000167552,452,480,1836,8849.0,6.5258,1
ENST00000295767.9,ENSG00000163528,156,325,793,243.0,0.5192,1
ENST00000295770.4,ENSG00000163527,827,74,2555,3968.0,1.5994,5
ENST00000295830.13,ENSG00000163584,123,28,397,8217.0,22.2683,3
ENST00000295899.10,ENSG00000163634,205,15,630,1475.5,2.3992,4
ENST00000295959.10,ENSG00000163684,125,194,569,238.0,0.6347,4
ENST00000296102.8,ENSG00000243147,66,59,257,486.5,2.4571,3
ENST00000296121.6,ENSG00000163807,155,17,482,421.5,0.9065,3
ENST00000296135.11,ENSG00000163818,300,128,1028,577.5,0.6417,1
ENST00000296149.9,ENSG00000163832,267,122,923,742.5,0.927,4
ENST00000296255.8,ENSG00000163902,608,18,1842,5026.5,2.7558,4
ENST00000296273.7,ENSG00000163918,364,204,1296,954.5,0.8741,2
ENST00000296277.9,ENSG00000163923,52,376,532,1662.0,10.6538,2
ENST00000296292.8,ENSG00000163933,542,35,1661,928.0,0.5707,1
ENST00000296411.11,ENSG00000164024,387,33,1194,1086.5,0.9358,5
ENST00000296412.14,ENSG00000197894,375,88,1213,1812.0,1.6107,2
ENST00000296417.6,ENSG00000164032,129,105,492,12152.5,31.4018,3
ENST00000296424.9,ENSG00000164039,246,72,810,659.0,0.893,5
ENST00000296456.10,ENSG00000164062,733,51,2250,1669.0,0.759,5
ENST00000296490.8,ENSG00000164091,314,288,1230,1188.0,1.2611,2
ENST00000296503.10,ENSG00000164104,210,107,737,5429.5,8.6183,1
ENST00000296509.11,ENSG00000164109,206,114,732,2636.5,4.2662,3
ENST00000296511.10,ENSG00000164111,321,153,1116,3907.5,4.0576,3
ENST00000296543.10,ENSG00000164134,867,273,2874,2900.0,1.115,4
ENST00000296577.9,ENSG00000164163,600,136,1936,3032.5,1.6847,3
ENST00000296581.11,ENSG00000164167,81,104,347,617.5,2.5412,4
ENST00000296674.13,ENSG00000186468,144,31,463,16897.0,39.1134,1
ENST00000296679.9,ENSG00000164253,460,96,1476,969.0,0.7022,4
ENST00000296684.10,ENSG00000164258,176,24,552,963.0,1.8239,3
ENST00000296786.8,ENSG00000164332,319,117,1074,1142.5,1.1938,5
ENST00000297071.9,ENSG00000164548,283,157,1006,3274.5,3.8569,3
ENST00000297156.4,ENSG00000164615,297,73,964,823.0,0.9237,2
ENST00000297185.9,ENSG00000113013,680,83,2123,9061.0,4.4417,1
ENST00000297338.7,ENSG00000164754,632,198,2094,4696.5,2.4771,5
ENST00000297534.7,ENSG00000164898,114,48,390,1202.5,3.5161,3
ENST00000297540.5,ENSG00000164902,395,16,1201,822.5,0.6941,1
ENST00000297564.6,ENSG00000164919,76,72,300,5187.5,22.7522,5
ENST00000297579.9,ENSG00000164934,598,277,2071,1956.0,1.0903,3
ENST00000297613.4,ENSG00000164967,164,281,773,583.5,1.186,4
ENST00000298048.7,ENSG00000165304,652,151,2107,1123.5,0.5744,1
ENST00000298130.5,ENSG00000165389,72,33,249,382.5,1.7708,2
ENST00000298159.11,ENSG00000165410,167,53,554,1310.0,2.6148,5
ENST00000298283.5,ENSG00000165496,215,45,690,1557.5,2.4147,2
ENST00000298289.7,ENSG00000165502,107,101,422,448.5,1.3972,1
ENST00000298316.7,ENSG00000165527,176,557,1085,765.0,1.4489,3
ENST00000298510.4,ENSG00000165672,257,22,793,6377.0,8.2711,4
ENST00000298556.8,ENSG00000165704,219,147,804,4816.5,7.331,5
ENST00000298746.5,ENSG00000165832,350,59,1109,729.0,0.6943,2
ENST00000298852.8,ENSG00000165916,440,160,1480,2405.0,1.822,2
ENST00000298875.9,ENSG00000165934,783,253,2602,1803.0,0.7676,5
ENST00000299106.9,ENSG00000166086,311,12,945,724.5,0.7765,2
ENST00000299138.12,ENSG00000069329,797,45,2436,2843.5,1.1893,3
ENST00000299163.7,ENSG00000166135,350,16,1066,542.0,0.5162,1
ENST00000299166.9,ENSG00000166136,187,20,581,3558.5,6.3431,2
ENST00000299259.10,ENSG00000166200,451,83,1436,1657.5,1.2251,5
ENST00000299299.4,ENSG00000166228,105,32,347,669.5,2.1254,3
ENST00000299300.11,ENSG00000166226,536,63,1671,9395.5,5.843,3
ENST00000299335.8,ENSG00000166260,277,8,839,1161.5,1.3977,4
ENST00000299381.5,ENSG00000166295,111,154,487,439.0,1.3183,4
ENST00000299424.9,ENSG00000166337,219,27,684,634.5,0.9658,5
ENST00000299518.7,ENSG00000166411,367,42,1143,1480.0,1.3442,1
ENST00000299608.7,ENSG00000166479,455,127,1492,690.5,0.5059,4
ENST00000299633.7,ENSG00000166503,204,409,1021,325.5,0.5319,1
ENST00000299705.10,ENSG00000166557,218,138,792,975.0,1.4908,1
ENST00000299736.5,ENSG00000166582,273,33,852,710.5,0.8675,5
ENST00000299821.15,ENSG00000025770,607,78,1899,942.0,0.5173,2
ENST00000300026.4,ENSG00000166794,217,36,687,5576.0,8.5653,2
ENST00000300086.5,ENSG00000166848,400,110,1310,1131.0,0.9425,2
ENST00000300087.7,ENSG00000166847,183,77,626,373.5,0.6803,3
ENST00000300093.9,ENSG00000166851,604,44,1856,2335.5,1.2889,5
ENST00000300128.9,ENSG00000166881,445,46,1381,951.5,0.7127,5
ENST00000300151.5,ENSG00000166902,252,120,876,1381.0,1.8267,3
ENST00000300249.10,ENSG00000166974,328,127,1111,945.0,0.9604,4
ENST00000300283.10,ENSG00000237289,418,392,1646,2006.0,1.5997,2
ENST00000300291.10,ENSG00000167005,228,130,814,1908.5,2.7902,5
ENST00000300408.8,ENSG00000167085,273,75,894,2374.0,2.8987,1
ENST00000300413.10,ENSG00000167088,120,116,476,4740.0,13.1667,4
ENST00000300688.8,ENSG00000167283,104,60,372,2837.0,9.0929,4
ENST00000300738.10,ENSG00000167325,793,214,2593,4488.0,1.8865,2
ENST00000300811.8,ENSG00000131116,189,202,769,512.5,0.9039,5
ENST00000300935.8,ENSG00000167461,208,13,637,676.5,1.0841,1
ENST00000301019.9,ENSG00000167513,547,43,1684,1784.0,1.0871,4
ENST00000301328.9,ENSG00000167699,314,24,966,1265.5,1.3434,3
ENST00000301364.10,ENSG00000167721,805,30,2445,2462.5,1.0197,4
ENST00000301457.3,ENSG00000267855,114,17,359,1196.0,3.4971,2
ENST00000301458.10,ENSG00000167775,283,68,917,981.0,1.1555,2
ENST00000301522.3,ENSG00000167815,199,70,667,4758.0,7.9698,5
ENST00000301585.10,ENSG00000167862,207,17,638,782.5,1.2601,3
ENST00000301587.9,ENSG00000167863,162,54,540,2776.0,5.7119,5
ENST00000301633.8,ENSG00000089685,166,131,629,1787.0,3.5884,2
ENST00000301729.9,ENSG00000167969,303,21,930,1310.0,1.4411,4
ENST00000301730.12,ENSG00000205937,306,240,1158,1295.0,1.4107,1
ENST00000301764.12,ENSG00000167986,1141,137,3560,6874.0,2.0082,2
ENST00000301785.7,ENSG00000214753,748,301,2545,1649.0,0.7348,1
ENST00000301788.12,ENSG00000168002,173,69,588,1910.0,3.6802,1
ENST00000301886.3,ENSG00000273003,114,26,368,981.0,2.8684,2
ENST00000302190.9,ENSG00000169439,202,459,1065,918.5,1.5157,2
ENST00000302243.12,ENSG00000168872,479,89,1526,1227.5,0.8542,4
ENST00000302279.8,ENSG00000168522,380,24,1164,581.5,0.5101,4
ENST00000302313.10,ENSG00000114742,678,10,2044,1403.0,0.6898,4
ENST00000302362.11,ENSG00000172301,185,45,600,572.5,1.0315,4
ENST00000302386.10,ENSG00000170296,118,119,473,2053.0,5.7994,2
ENST00000302418.5,ENSG00000170759,964,452,3344,2158.5,0.7464,1
ENST00000302422.4,ENSG00000205544,114,13,355,1259.5,3.6827,2
ENST00000302503.8,ENSG00000109919,304,94,1006,1594.5,1.7484,4
ENST00000302506.8,ENSG00000164045,525,470,2045,1559.5,0.9902,3
ENST00000302516.10,ENSG00000189091,1218,183,3837,5425.5,1.4848,1
ENST00000302550.16,ENSG00000121644,195,188,773,297.0,0.5077,1
ENST00000302631.8,ENSG00000116521,348,209,1253,984.5,0.943,3
ENST00000302746.11,ENSG00000168291,360,23,1103,3444.5,3.1894,4
ENST00000302759.11,ENSG00000169679,1086,68,3326,1777.0,0.5454,4
ENST00000302763.12,ENSG00000044115,907,88,2809,3529.5,1.2971,5
ENST00000302764.9,ENSG00000170584,158,52,526,388.5,0.8196,1
ENST00000302787.3,ENSG00000168924,740,206,2426,1168.0,0.5261,2
ENST00000302904.8,ENSG00000108312,765,493,2788,1221.5,0.5322,4
ENST00000302907.9,ENSG00000170889,195,56,641,5020.0,8.5812,2
ENST00000302979.5,ENSG00000186184,134,92,494,687.0,1.709,3
ENST00000303127.12,ENSG00000169223,357,21,1092,2467.0,2.3035,1
ENST00000303151.5,ENSG00000172336,141,194,617,595.5,1.4078,3
ENST00000303210.9,ENSG00000172354,341,273,1296,1533.5,1.499,4
ENST00000303305.11,ENSG00000170515,395,179,1364,4677.5,3.9473,2
ENST00000303436.11,ENSG00000168374,181,204,747,2145.5,3.9512,3
ENST00000303575.9,ENSG00000170348,220,33,693,644.0,0.9758,4
ENST00000303577.7,ENSG00000169564,357,267,1338,780.5,0.7288,1
ENST00000303731.9,ENSG00000170043,146,117,555,1111.0,2.5365,5
ENST00000303759.3,ENSG00000170791,111,171,504,562.0,1.6877,2
ENST00000303887.10,ENSG00000166508,720,103,2263,8094.5,3.7475,1
ENST00000303904.8,ENSG00000168090,328,22,1006,2064.5,2.0981,4
ENST00000303910.5,ENSG00000277075,131,54,447,1436.0,3.6539,1
ENST00000304043.10,ENSG00000169567,127,51,432,4063.0,10.664,4
ENST00000304191.4,ENSG00000169612,119,218,575,477.0,1.3361,1
ENST00000304218.6,ENSG00000168298,220,62,722,56818.0,86.0879,1
ENST00000304312.5,ENSG00000169020,70,29,239,2190.5,10.431,4
ENST00000304414.12,ENSG00000170540,204,83,695,1831.0,2.9918,4
ENST00000304478.9,ENSG00000171861,421,26,1289,637.0,0.5044,3
ENST00000304511.7,ENSG00000171202,196,130,718,391.5,0.6658,4
ENST00000304661.6,ENSG00000171155,319,143,1100,1072.0,1.1202,1
ENST00000304734.9,ENSG00000146223,256,229,997,2166.0,2.8203,2
ENST00000304786.12,ENSG00000143742,87,115,376,7185.5,27.5306,5
ENST00000304800.14,ENSG00000168701,174,89,611,411.0,0.7874,4
ENST00000304858.7,ENSG00000170606,841,238,2761,5459.0,2.1637,3
ENST00000304863.6,ENSG00000169021,275,33,858,2205.5,2.6733,1
ENST00000304979.8,ENSG00000171960,178,24,558,732.0,1.3708,1
ENST00000304992.11,ENSG00000174231,2336,99,7107,9914.5,1.4147,2
ENST00000305105.3,ENSG00000106400,155,31,496,1151.0,2.4753,1
ENST00000305321.4,ENSG00000169627,153,513,972,666.0,1.451,2
ENST00000305533.10,ENSG00000247596,350,142,1192,731.5,0.6967,3
ENST00000305536.11,ENSG00000134597,323,46,1015,646.0,0.6667,3
ENST00000305596.8,ENSG00000169217,342,123,1149,911.0,0.8879,3
ENST00000305632.11,ENSG00000106638,448,30,1374,756.5,0.5629,4
ENST00000305784.7,ENSG00000168393,213,32,671,897.0,1.4038,1
ENST00000305786.7,ENSG00000172115,106,69,387,592.0,1.8616,4
ENST00000305885.3,ENSG00000168496,381,139,1282,2181.5,1.9086,4
ENST00000305943.9,ENSG00000168159,236,107,815,1751.0,2.4732,5
ENST00000305963.3,ENSG00000169446,132,313,709,903.0,2.2803,2
ENST00000305978.7,ENSG00000171222,180,110,650,801.0,1.4833,1
ENST00000306024.4,ENSG00000170860,103,44,353,1280.0,4.1424,3
ENST00000306077.5,ENSG00000170876,401,142,1345,1029.0,0.8554,3
ENST00000306107.9,ENSG00000170017,584,500,2252,1099.5,0.6276,3
ENST00000306125.12,ENSG00000172053,776,24,2352,2866.0,1.2311,3
ENST00000306185.8,ENSG00000172172,179,56,593,2193.5,4.0847,5
ENST00000306193.8,ENSG00000145439,238,166,880,639.5,0.8957,2
ENST00000306306.8,ENSG00000168476,258,425,1199,608.0,0.7855,1
ENST00000306368.9,ENSG00000168894,154,19,481,264.5,0.5725,2
ENST00000306434.8,ENSG00000168906,396,120,1308,2508.0,2.1111,3
ENST00000306442.5,ENSG00000168938,213,100,739,636.5,0.9961,1
ENST00000306585.9,ENSG00000286140,525,342,1917,1000.0,0.6349,4
ENST00000306627.8,ENSG00000170142,194,167,749,1762.5,3.0284,1
ENST00000306721.8,ENSG00000144354,451,92,1445,1610.5,1.1903,1
ENST00000306749.4,ENSG00000169710,2512,123,7659,6634.0,0.8803,1
ENST00000306846.8,ENSG00000172239,480,231,1671,853.5,0.5927,5
ENST00000306869.7,ENSG00000169738,245,15,750,1187.5,1.6156,4
ENST00000306897.9,ENSG00000169750,193,84,663,392.5,0.6779,1
ENST00000306984.8,ENSG00000168303,180,55,595,515.0,0.9537,3
ENST00000307301.11,ENSG00000154719,354,42,1104,996.0,0.9379,3
ENST00000307363.10,ENSG00000170266,678,61,2095,1243.5,0.6114,4
ENST00000307365.4,ENSG00000168209,233,197,896,724.5,1.0365,5
ENST00000307630.5,ENSG00000170027,248,183,927,1645.5,2.2117,2
ENST00000307712.11,ENSG00000100934,766,225,2523,1951.5,0.8492,1
ENST00000307720.4,ENSG00000171497,371,108,1221,850.0,0.7637,3
ENST00000307731.2,ENSG00000168438,580,18,1758,997.0,0.573,4
ENST00000307767.13,ENSG00000171928,206,111,729,477.5,0.7727,2
ENST00000307839.10,ENSG00000174748,205,52,667,5013.0,8.1512,4
ENST00000307877.7,ENSG00000167881,628,26,1910,2084.0,1.1062,2
ENST00000307961.11,ENSG00000174444,428,65,1349,33808.5,26.3306,4
ENST00000308018.9,ENSG00000128626,139,74,491,421.5,1.0108,2
ENST00000308153.9,ENSG00000105968,129,116,503,452.5,1.1693,1
ENST00000308275.8,ENSG00000167196,404,86,1298,767.0,0.6328,1
ENST00000308317.12,ENSG00000092208,270,16,826,745.0,0.9198,3
ENST00000308394.9,ENSG00000164305,278,235,1069,487.5,0.5845,1
ENST00000308448.11,ENSG00000138138,362,379,1465,1178.0,1.0847,5
ENST00000308580.12,ENSG00000138594,353,258,1317,613.0,0.5788,3
ENST00000308696.11,ENSG00000173692,954,159,3021,3126.5,1.0924,3
ENST00000308733.9,ENSG00000066136,459,6,1383,797.0,0.5788,3
ENST00000308742.9,ENSG00000175548,474,120,1542,794.0,0.5584,4
ENST00000308775.7,ENSG00000173402,896,283,2971,1626.0,0.6049,5
ENST00000308924.9,ENSG00000063244,476,70,1498,4234.5,2.9653,1
ENST00000308987.6,ENSG00000173207,80,65,305,1014.5,4.2271,4
ENST00000309052.8,ENSG00000172954,415,209,1454,922.5,0.741,2
ENST00000309137.13,ENSG00000172775,255,234,999,494.0,0.6458,2
ENST00000309268.11,ENSG00000156508,463,63,1452,75574.0,54.4089,1
ENST00000309311.7,ENSG00000167658,859,83,2660,43403.5,16.8426,5
ENST00000309318.8,ENSG00000173457,148,270,714,300.0,0.6757,3
ENST00000309328.8,ENSG00000173465,200,15,615,466.0,0.7767,4
ENST00000309352.4,ENSG00000204316,381,9,1152,1413.5,1.2367,2
ENST00000309366.9,ENSG00000173486,143,42,471,428.5,0.9988,3
ENST00000309439.9,ENSG00000164162,186,95,653,318.5,0.5708,3
ENST00000309451.7,ENSG00000173272,159,21,498,1482.5,3.108,5
ENST00000309534.10,ENSG00000163320,168,462,966,627.0,1.244,5
ENST00000309579.7,ENSG00000173915,59,67,244,2760.5,15.596,2
ENST00000309594.5,ENSG00000173141,103,65,374,393.5,1.2735,4
ENST00000309859.8,ENSG00000103365,614,83,1925,990.0,0.5375,2
ENST00000309922.7,ENSG00000174173,404,148,1360,1477.5,1.2191,3
ENST00000309983.5,ENSG00000137364,246,89,827,400.0,0.542,2
ENST00000310046.9,ENSG00000173914,360,136,1216,1195.5,1.1069,1
ENST00000310053.10,ENSG00000071794,1010,197,3227,2975.5,0.982,3
ENST00000310092.12,ENSG00000173933,365,62,1157,1801.5,1.6452,2
ENST00000310118.9,ENSG00000175166,909,26,2753,3341.5,1.2253,5
ENST00000310137.5,ENSG00000239306,670,91,2101,1787.5,0.8893,3
ENST00000310144.11,ENSG00000087191,407,60,1281,2872.5,2.3526,2
ENST00000310256.7,ENSG00000173409,272,12,828,1061.0,1.3002,4
ENST00000310418.9,ENSG00000175416,230,176,866,534.5,0.7746,5
ENST00000310447.10,ENSG00000106144,453,105,1464,981.0,0.7219,1
ENST00000310483.10,ENSG00000143570,325,466,1441,949.0,0.9733,5
ENST00000310604.9,ENSG00000172992,232,331,1027,529.5,0.7608,2
ENST00000310614.12,ENSG00000175581,213,98,737,1056.5,1.6534,1
ENST00000310653.10,ENSG00000175582,209,502,1129,536.0,0.8549,1
ENST00000310786.10,ENSG00000135535,198,89,683,2098.0,3.532,4
ENST00000310931.10,ENSG00000115677,1269,205,4012,4359.0,1.145,3
ENST00000310999.11,ENSG00000174547,193,94,673,896.5,1.5484,5
ENST00000311052.10,ENSG00000153048,148,48,492,383.5,0.8637,3
ENST00000311086.9,ENSG00000145919,186,214,772,368.0,0.6595,4
ENST00000311111.11,ENSG00000172809,71,106,319,5586.0,26.2254,5
ENST00000311129.9,ENSG00000137713,668,21,2025,1315.0,0.6562,5
ENST00000311177.7,ENSG00000170689,251,89,842,1421.0,1.8871,4
ENST00000311180.9,ENSG00000174840,610,106,1936,915.5,0.5003,1
ENST00000311181.5,ENSG00000174684,416,84,1332,1391.0,1.1146,3
ENST00000311212.9,ENSG00000120963,77,241,472,366.0,1.5844,3
ENST00000311337.11,ENSG00000113552,290,39,909,675.0,0.7759,3
ENST00000311351.9,ENSG00000175324,134,173,575,222.0,0.5522,2
ENST00000311459.12,ENSG00000125375,201,742,1345,344.0,0.5705,4
ENST00000311481.11,ENSG00000174903,202,41,647,847.5,1.3985,3
ENST00000311487.9,ENSG00000137309,108,249,573,1929.0,5.9537,2
ENST00000311528.10,ENSG00000167526,212,51,687,16330.5,25.6769,5
ENST00000311672.10,ENSG00000173660,92,69,345,3421.5,12.3967,1
ENST00000311772.10,ENSG00000117751,352,54,1110,797.0,0.7547,4
ENST00000312037.6,ENSG00000164587,152,208,664,10342.5,22.6809,1
ENST00000312175.7,ENSG00000175334,90,84,354,2580.5,9.5574,1
ENST00000312184.6,ENSG00000175606,261,87,870,777.5,0.993,1
ENST00000312239.10,ENSG00000127483,554,104,1766,1104.0,0.6643,2
ENST00000312377.10,ENSG00000161800,633,101,2000,1431.0,0.7536,5
ENST00000312475.5,ENSG00000259494,280,11,851,743.0,0.8845,4
ENST00000312499.6,ENSG00000175643,148,13,457,327.5,0.7376,2
ENST00000312783.10,ENSG00000087586,404,243,1455,1281.5,1.0573,4
ENST00000312989.11,ENSG00000172531,342,11,1037,2139.0,2.0848,1
ENST00000312990.10,ENSG00000135446.17,112,292,628,541.0,1.6101,
ENST00000313117.11,ENSG00000115875,239,105,822,4677.0,6.523,3
ENST00000313132.8,ENSG00000165637,310,249,1179,3324.5,3.5747,2
ENST00000313269.5,ENSG00000178719,372,278,1394,1146.5,1.0273,3
ENST00000313288.9,ENSG00000013810,839,124,2641,1812.5,0.7201,4
ENST00000313334.13,ENSG00000134717,159,98,575,562.5,1.1792,2
ENST00000313368.8,ENSG00000178913,350,740,1790,860.0,0.819,4
ENST00000313433.11,ENSG00000117748,359,70,1147,2328.5,2.162,2
ENST00000313468.10,ENSG00000110717,211,53,686,1884.0,2.9763,5
ENST00000313486.12,ENSG00000174238,271,232,1045,605.0,0.7442,5
ENST00000313511.8,ENSG00000178952,456,79,1447,4847.5,3.5435,3
ENST00000313601.11,ENSG00000114353,356,132,1200,548.0,0.5131,5
ENST00000313608.13,ENSG00000181610,191,34,607,1456.5,2.5419,3
ENST00000313655.5,ENSG00000136982,394,99,1281,680.5,0.5757,1
ENST00000313899.12,ENSG00000138668,356,313,1381,7979.0,7.471,2
ENST00000314103.6,ENSG00000159259,560,137,1817,1117.5,0.6652,3
ENST00000314133.4,ENSG00000176340,70,61,271,1320.0,6.2857,1
ENST00000314138.11,ENSG00000166441,149,22,469,16123.0,36.0694,5
ENST00000314191.7,ENSG00000253729,4129,10,12397,12070.0,0.9744,4
ENST00000314262.10,ENSG00000087269,858,49,2623,1561.5,0.6066,1
ENST00000314332.5,ENSG00000180596,127,6,387,11661.5,30.6076,1
ENST00000314340.10,ENSG00000177674,160,73,553,282.0,0.5875,4
ENST00000314355.7,ENSG00000123975,80,98,338,2627.0,10.9458,2
ENST00000314423.12,ENSG00000141076,687,43,2104,1213.0,0.5885,4
ENST00000314595.6,ENSG00000047315,1175,90,3615,3604.5,1.0226,2
ENST00000314761.9,ENSG00000115368,831,19,2512,1413.0,0.5668,1
ENST00000314797.10,ENSG00000181789,875,104,2729,1950.5,0.743,2
ENST00000314940.7,ENSG00000177733,306,297,1215,3470.5,3.7805,3
ENST00000315554.15,ENSG00000070831,192,84,660,2204.5,3.8273,2
ENST00000315567.13,ENSG00000169288,326,19,997,675.0,0.6902,2
ENST00000315579.10,ENSG00000010292,1402,76,4282,2769.5,0.6585,5
ENST00000315660.8,ENSG00000157514,201,312,915,1174.5,1.9478,3
ENST00000315758.10,ENSG00000146701,339,55,1072,6124.5,6.0221,3
ENST00000315985.7,ENSG00000221914,458,31,1405,1202.0,0.8748,5
ENST00000316052.6,ENSG00000178896,246,57,795,376.5,0.5102,1
ENST00000316084.10,ENSG00000198034,264,53,845,7381.0,9.3194,4
ENST00000316097.13,ENSG00000227500,230,82,772,770.0,1.1159,3
ENST00000316149.8,ENSG00000123545,176,90,618,505.5,0.9574,1
ENST00000316199.10,ENSG00000178999,346,78,1116,1786.0,1.7206,1
ENST00000316299.9,ENSG00000181929,341,39,1062,805.0,0.7869,2
ENST00000316448.10,ENSG00000179218,418,71,1325,8289.5,6.6104,1
ENST00000316586.9,ENSG00000115694,427,242,1523,645.5,0.5039,5
ENST00000316594.6,ENSG00000126945,450,151,1501,3311.5,2.453,5
ENST00000316694.8,ENSG00000176974,484,198,1650,929.5,0.6402,4
ENST00000316731.13,ENSG00000146574,483,78,1527,1119.5,0.7726,4
ENST00000316788.12,ENSG00000177879,194,103,685,471.0,0.8093,3
ENST00000316804.10,ENSG00000177885,218,327,981,1254.5,1.9182,4
ENST00000316836.5,ENSG00000176903,354,745,1807,724.0,0.6817,1
ENST00000316939.3,ENSG00000179271,223,11,680,1601.0,2.3931,5
ENST00000316963.8,ENSG00000120992,231,124,817,608.0,0.8773,4
ENST00000317040.12,ENSG00000141971,274,89,911,635.5,0.7731,4
ENST00000317089.10,ENSG00000069345,413,102,1341,1689.0,1.3632,1
ENST00000317147.10,ENSG00000125107,2377,273,7404,4026.0,0.5646,4
ENST00000317378.5,ENSG00000181029,189,187,754,935.0,1.649,2
ENST00000317502.11,ENSG00000148824,335,64,1069,564.5,0.5617,2
ENST00000317534.6,ENSG00000062582,168,22,526,1548.0,3.0714,3
ENST00000317635.6,ENSG00000178307,193,9,588,335.0,0.5786,5
ENST00000317677.9,ENSG00000214078,543,135,1764,1162.5,0.7136,5
ENST00000317799.10,ENSG00000138029,475,60,1485,2073.5,1.4551,5
ENST00000317868.9,ENSG00000125703,459,210,1587,691.0,0.5018,4
ENST00000317869.7,ENSG00000179172,294,221,1103,1479.0,1.6769,2
ENST00000317881.9,ENSG00000005022,299,72,969,5263.0,5.8673,1
ENST00000317943.6,ENSG00000178449,58,300,474,432.5,2.4856,4
ENST00000317995.5,ENSG00000178538,291,253,1126,529.0,0.606,4
ENST00000318008.11,ENSG00000002834,262,132,918,446.5,0.5681,5
ENST00000318066.7,ENSG00000177889,153,63,522,1814.5,3.9532,4
ENST00000318190.7,ENSG00000144034,215,121,766,572.0,0.8868,1
ENST00000318240.8,ENSG00000177576,77,215,446,174.5,0.7554,1
ENST00000318386.8,ENSG00000163950,278,62,896,1292.5,1.5498,5
ENST00000318443.10,ENSG00000103855,535,132,1737,1033.0,0.6436,2
ENST00000318607.10,ENSG00000070756,637,505,2416,2745.5,1.4367,3
ENST00000318911.5,ENSG00000179091,326,24,1002,2683.0,2.7434,5
ENST00000319006.8,ENSG00000177156,338,18,1032,3415.5,3.3683,2
ENST00000319074.6,ENSG00000179933,141,116,539,483.5,1.143,3
ENST00000319285.5,ENSG00000179958,171,50,563,1500.0,2.924,5
ENST00000319410.9,ENSG00000065427,626,122,2000,2927.0,1.5586,2
ENST00000319466.9,ENSG00000180398,147,90,531,497.5,1.1281,3
ENST00000319550.9,ENSG00000178425,456,78,1446,1411.5,1.0318,2
ENST00000319725.10,ENSG00000107164,573,104,1823,1269.0,0.7382,3
ENST00000319942.8,ENSG00000137955,332,16,1012,1680.0,1.6867,5
ENST00000320152.11,ENSG00000099256,226,31,709,348.0,0.5133,4
ENST00000320330.8,ENSG00000280789,255,374,1139,511.5,0.6686,5
ENST00000320676.11,ENSG00000147274,392,155,1331,4092.0,3.4796,2
ENST00000320756.7,ENSG00000111196,149,77,524,1094.0,2.4474,4
ENST00000320848.7,ENSG00000178988,128,236,620,1048.0,2.7292,4
ENST00000320857.7,ENSG00000180879,174,1084,1606,4983.5,9.5469,2
ENST00000320912.8,ENSG00000179010,128,653,1037,1785.0,4.6484,1
ENST00000320954.11,ENSG00000170275,402,64,1270,2049.5,1.6994,1
ENST00000320963.9,ENSG00000117906,336,104,1112,3003.0,2.9792,4
ENST00000321030.9,ENSG00000105618,500,52,1552,888.0,0.592,3
ENST00000321143.8,ENSG00000004961,269,202,1009,472.5,0.5855,4
ENST00000321153.9,ENSG00000177600,116,74,422,7424.5,21.3348,2
ENST00000321169.10,ENSG00000131373,579,106,1843,1082.0,0.6229,1
ENST00000321256.10,ENSG00000114503,157,25,496,424.0,0.9002,1
ENST00000321265.10,ENSG00000090273,332,106,1102,2317.5,2.3268,4
ENST00000321341.11,ENSG00000082212,585,203,1958,957.5,0.5456,5
ENST00000321358.12,ENSG00000065978,325,148,1123,3499.0,3.5887,5
ENST00000321394.12,ENSG00000120438,557,134,1805,6109.0,3.6559,2
ENST00000321442.10,ENSG00000164466,323,89,1058,2511.5,2.5918,3
ENST00000321562.9,ENSG00000141756,583,31,1780,2347.5,1.3422,1
ENST00000321751.9,ENSG00000175756,200,129,729,1129.0,1.8817,3
ENST00000321792.5,ENSG00000213516,391,428,1601,2304.5,1.9646,5
ENST00000321919.14,ENSG00000140632,554,23,1685,1444.5,0.8691,3
ENST00000321998.10,ENSG00000167186,218,51,705,365.0,0.5581,4
ENST00000322008.9,ENSG00000177697,254,140,902,1093.0,1.4344,3
ENST00000322028.5,ENSG00000177700,68,21,225,870.5,4.2672,2
ENST00000322067.12,ENSG00000162813,309,111,1038,1227.0,1.3236,4
ENST00000322090.8,ENSG00000146729,287,25,886,1276.5,1.4826,3
ENST00000322203.7,ENSG00000198755,218,34,688,12944.5,19.7928,3
ENST00000322209.5,ENSG00000177144,182,179,725,369.0,0.6758,2
ENST00000322213.9,ENSG00000072501,1234,54,3756,4770.5,1.2886,4
ENST00000322244.10,ENSG00000033178,1053,36,3195,1735.0,0.5492,5
ENST00000322310.10,ENSG00000176101,120,51,411,222.5,0.6181,3
ENST00000322535.11,ENSG00000087365,896,21,2709,3244.0,1.2068,1
ENST00000322602.9,ENSG00000037749,363,482,1571,662.0,0.6079,5
ENST00000322623.10,ENSG00000175792,457,88,1459,2874.5,2.0966,5
ENST00000322723.9,ENSG00000115053,711,131,2264,21738.0,10.1913,5
ENST00000322753.7,ENSG00000173436,79,67,304,709.5,2.9937,1
ENST00000322764.10,ENSG00000159840,573,80,1799,873.5,0.5081,1
ENST00000322776.11,ENSG00000167792,465,69,1464,1578.5,1.1315,1
ENST00000322875.8,ENSG00000117335,400,156,1356,1096.0,0.9133,1
ENST00000322989.8,ENSG00000134419,131,96,489,20305.0,51.6667,2
ENST00000323013.7,ENSG00000189306,281,10,853,477.0,0.5658,5
ENST00000323274.15,ENSG00000176890,314,90,1032,2517.0,2.672,2
ENST00000323303.9,ENSG00000115540,226,21,699,960.0,1.4159,2
ENST00000323345.11,ENSG00000148303,267,26,827,6672.5,8.3302,1
ENST00000323468.10,ENSG00000178202,508,18,1542,1080.5,0.709,1
ENST00000323563.8,ENSG00000102738,396,54,1242,889.0,0.7483,1
ENST00000323570.8,ENSG00000179387,294,122,1004,952.5,1.0799,4
ENST00000323666.10,ENSG00000111142,479,28,1465,2875.5,2.001,2
ENST00000323688.10,ENSG00000070081,421,243,1506,1206.0,0.9549,5
ENST00000323699.9,ENSG00000143753,324,97,1069,3385.0,3.4825,5
ENST00000323701.11,ENSG00000168883,566,10,1708,1025.0,0.6037,1
ENST00000323770.8,ENSG00000179412,294,164,1046,867.5,0.9836,1
ENST00000323833.12,ENSG00000123297,347,26,1067,1090.0,1.0471,4
ENST00000323851.13,ENSG00000104419,395,137,1322,671.0,0.5662,1
ENST00000323853.10,ENSG00000144028,2137,109,6520,6332.5,0.9878,1
ENST00000324366.13,ENSG00000100462,638,15,1929,1775.0,0.9274,4
ENST00000324379.10,ENSG00000084072,302,19,925,827.5,0.9134,1
ENST00000324439.10,ENSG00000163743,262,117,903,492.0,0.626,1
ENST00000324460.7,ENSG00000044574,655,217,2182,10130.5,5.1555,5
ENST00000324685.11,ENSG00000103549,1002,110,3116,2420.5,0.8052,2
ENST00000324787.10,ENSG00000090263,107,69,390,1046.5,3.2601,5
ENST00000325110.11,ENSG00000112972,521,126,1689,2253.0,1.4415,5
ENST00000325222.9,ENSG00000055130,777,288,2619,2418.5,1.0375,1
ENST00000325307.12,ENSG00000029993,201,47,650,1513.5,2.51,3
ENST00000325327.4,ENSG00000176619,621,26,1889,1932.5,1.0373,4
ENST00000325495.9,ENSG00000099783,731,24,2217,10464.5,4.7718,4
ENST00000325551.9,ENSG00000119326,735,57,2262,1178.5,0.5345,5
ENST00000325795.7,ENSG00000128699,154,787,1249,307.0,0.6645,4
ENST00000325844.9,ENSG00000181991,195,10,595,783.5,1.3393,3
ENST00000325974.9,ENSG00000122674,483,67,1516,1117.5,0.7712,3
ENST00000326005.10,ENSG00000180304,190,233,803,377.5,0.6623,2
ENST00000326132.11,ENSG00000138942,193,170,749,364.0,0.6287,2
ENST00000326427.11,ENSG00000135916,268,84,888,599.0,0.745,5
ENST00000326446.10,ENSG00000177917,227,5,686,538.0,0.79,3
ENST00000326624.2,ENSG00000177485,673,228,2247,1359.0,0.6731,4
ENST00000326674.10,ENSG00000110536,202,24,630,360.5,0.5949,2
ENST00000326799.7,ENSG00000136758,774,149,2471,1947.5,0.8387,1
ENST00000326925.11,ENSG00000178057,185,24,579,2162.5,3.8964,2
ENST00000326974.9,ENSG00000124702,383,159,1308,854.0,0.7433,4
ENST00000327044.7,ENSG00000188976,750,16,2266,1662.0,0.7387,3
ENST00000327158.5,ENSG00000177370,195,14,599,393.5,0.6726,3
ENST00000327300.12,ENSG00000121774,444,128,1460,7475.0,5.6119,1
ENST00000327304.10,ENSG00000107371,276,20,848,718.5,0.8678,3
ENST00000327331.2,ENSG00000134690,281,113,956,916.0,1.0866,4
ENST00000327347.10,ENSG00000086475,393,372,1551,631.5,0.5356,2
ENST00000327428.10,ENSG00000163170,108,38,362,220.5,0.6806,2
ENST00000327435.11,ENSG00000182551,180,44,584,965.0,1.787,1
ENST00000327443.9,ENSG00000185591,786,116,2474,1586.5,0.6728,2
ENST00000327772.7,ENSG00000184752,146,17,455,2416.5,5.5171,3
ENST00000327827.12,ENSG00000182831,276,401,1229,622.5,0.7518,1
ENST00000327892.13,ENSG00000196230,445,155,1490,3593.0,2.6914,4
ENST00000328024.11,ENSG00000185236,219,57,714,710.5,1.0814,1
ENST00000328078.3,ENSG00000182890,559,75,1752,1618.5,0.9651,1
ENST00000328205.9,ENSG00000183814,559,546,2223,1331.0,0.7937,4
ENST00000328379.6,ENSG00000184924,141,14,437,493.5,1.1667,1
ENST00000328434.8,ENSG00000183978,107,23,344,1158.5,3.609,1
ENST00000328709.8,ENSG00000183513,75,107,332,347.0,1.5422,4
ENST00000328827.9,ENSG00000177425,341,240,1263,542.5,0.5303,1
ENST00000328923.8,ENSG00000182199,505,68,1583,4720.5,3.1158,2
ENST00000329035.2,ENSG00000184905,228,199,883,378.0,0.5526,5
ENST00000329251.5,ENSG00000254772,438,49,1363,14764.0,11.2359,4
ENST00000329271.8,ENSG00000164284,226,41,719,778.5,1.1482,1
ENST00000329276.10,ENSG00000101361,595,29,1814,2931.5,1.6423,4
ENST00000329342.10,ENSG00000197172,315,167,1112,1207.0,1.2772,1
ENST00000329399.7,ENSG00000107438,330,88,1078,1355.5,1.3692,1
ENST00000329421.8,ENSG00000175130,196,200,788,5282.0,8.983,2
ENST00000329433.11,ENSG00000169045,473,108,1527,9892.0,6.9711,5
ENST00000329563.8,ENSG00000100300,170,226,736,1309.0,2.5667,3
ENST00000329967.11,ENSG00000184990,176,55,583,1011.5,1.9157,5
ENST00000329970.8,ENSG00000155115,214,64,706,1053.0,1.6402,1
ENST00000330029.6,ENSG00000184076,64,30,222,319.0,1.6615,3
ENST00000330062.8,ENSG00000182054,453,78,1437,792.5,0.5831,1
ENST00000330133.5,ENSG00000183617,139,19,436,744.5,1.7854,3
ENST00000330137.12,ENSG00000182628,122,23,389,1080.5,2.9522,1
ENST00000330263.5,ENSG00000053372,240,31,751,825.5,1.1465,3
ENST00000330387.11,ENSG00000182158,521,381,1944,972.5,0.6222,2
ENST00000330398.9,ENSG00000185883,156,152,620,1646.0,3.5171,4
ENST00000330459.8,ENSG00000182481,530,129,1719,4459.0,2.8044,3
ENST00000330579.6,ENSG00000184967,517,32,1583,785.5,0.5064,5
ENST00000330720.7,ENSG00000105438,213,193,832,4055.5,6.3466,3
ENST00000330899.5,ENSG00000086061,398,121,1315,4200.0,3.5176,3
ENST00000330938.8,ENSG00000183255,181,74,617,797.5,1.4687,2
ENST00000330978.4,ENSG00000183336,87,98,359,452.0,1.7318,4
ENST00000331079.11,ENSG00000185238,532,31,1627,978.5,0.6131,2
ENST00000331128.6,ENSG00000184270,131,49,442,2641.5,6.7214,5
ENST00000331200.8,ENSG00000128951,253,87,846,2065.5,2.7213,5
ENST00000331220.6,ENSG00000183305,315,446,1391,745.0,0.7884,2
ENST00000331244.10,ENSG00000108010,336,30,1038,2011.0,1.995,4
ENST00000331268.9,ENSG00000185787,363,204,1293,2645.0,2.4288,3
ENST00000331334.5,ENSG00000182512,158,40,514,331.5,0.6994,3
ENST00000331373.10,ENSG00000185900,351,258,1311,572.5,0.5437,5
ENST00000331380.4,ENSG00000184260,130,57,447,4104.0,10.5231,1
ENST00000331442.5,ENSG00000184357,227,59,740,1385.5,2.0345,4
ENST00000331457.9,ENSG00000185721,368,80,1184,1755.5,1.5901,3
ENST00000331479.4,ENSG00000183172,108,69,393,251.5,0.7762,3
ENST00000331491.2,ENSG00000183598,137,12,423,2876.0,6.9976,3
ENST00000331569.6,ENSG00000183779,591,198,1971,3279.5,1.8497,1
ENST00000331573.8,ENSG00000183527,289,66,933,1427.0,1.6459,5
ENST00000331581.11,ENSG00000182985,472,21,1437,1120.0,0.791,5
ENST00000331666.11,ENSG00000184110,914,85,2827,12712.5,4.6362,5
ENST00000331738.12,ENSG00000111011,435,83,1388,768.5,0.5889,4
ENST00000331835.10,ENSG00000183291,166,15,513,2130.5,4.2781,3
ENST00000332160.5,ENSG00000185432,245,24,759,385.5,0.5245,4
ENST00000332435.10,ENSG00000066379,127,260,641,281.5,0.7388,2
ENST00000332556.5,ENSG00000185896,418,196,1450,1599.5,1.2755,3
ENST00000332598.7,ENSG00000184840,236,12,720,2436.5,3.4414,5
ENST00000332687.11,ENSG00000131263,625,226,2101,1477.0,0.7877,5
ENST00000332707.10,ENSG00000184575,963,487,3376,2434.5,0.8427,3
ENST00000333082.7,ENSG00000125818,272,168,984,1495.5,1.8327,1
ENST00000333130.4,ENSG00000185608,207,10,631,1739.5,2.8011,3
ENST00000333151.5,ENSG00000276368,129,37,424,8922.5,23.0556,1
ENST00000333188.10,ENSG00000184432,907,97,2818,3365.5,1.2369,1
ENST00000333202.8,ENSG00000184277,248,20,764,882.5,1.1862,5
ENST00000333274.11,ENSG00000184349,229,324,1011,388.5,0.5655,1
ENST00000333396.11,ENSG00000170854,466,583,1981,856.0,0.6123,4
ENST00000333449.9,ENSG00000185475,220,30,690,708.0,1.0727,2
ENST00000333511.9,ENSG00000172270,386,39,1197,6262.0,5.4076,3
ENST00000333651.11,ENSG00000064961,318,69,1023,597.0,0.6258,2
ENST00000333676.8,ENSG00000262814,199,135,732,2016.5,3.3777,1
ENST00000333775.9,ENSG00000183011,174,431,953,1512.0,2.8966,4
ENST00000333926.6,ENSG00000122873,109,112,439,732.5,2.2401,3
ENST00000334220.9,ENSG00000119689,454,38,1400,1604.5,1.178,4
ENST00000334256.9,ENSG00000186432,522,289,1855,833.5,0.5322,5
ENST00000334553.11,ENSG00000126214,640,285,2205,1123.5,0.5852,1
ENST00000334660.10,ENSG00000187446,196,115,703,406.5,0.6913,2
ENST00000334678.8,ENSG00000187051,137,10,421,513.5,1.2494,4
ENST00000334701.11,ENSG00000080824,855,282,2847,17735.5,6.9144,3
ENST00000334816.12,ENSG00000186132,127,57,438,191.5,0.5026,4
ENST00000334828.6,ENSG00000171314,255,117,882,1059.5,1.385,5
ENST00000334869.9,ENSG00000100600,434,168,1470,1487.5,1.1425,2
ENST00000334982.9,ENSG00000173418,179,35,572,961.0,1.7896,5
ENST00000335183.11,ENSG00000100526,213,62,701,402.0,0.6291,5
ENST00000335508.11,ENSG00000115524,1305,29,3944,6939.0,1.7724,4
ENST00000335514.10,ENSG00000130770,107,60,381,3061.5,9.5374,4
ENST00000335756.9,ENSG00000115163,141,141,564,216.5,0.5118,5
ENST00000335890.3,ENSG00000126756,170,217,727,729.0,1.4294,5
ENST00000335972.11,ENSG00000130985,1059,196,3373,10008.5,3.1503,2
ENST00000336023.9,ENSG00000123416,452,95,1451,14582.5,10.7541,1
ENST00000336216.9,ENSG00000140382,348,121,1165,620.5,0.5943,4
ENST00000336219.4,ENSG00000170779,242,91,817,608.5,0.8382,4
ENST00000336233.10,ENSG00000107798,400,40,1240,1830.5,1.5254,3
ENST00000336273.8,ENSG00000147649,583,323,2072,1642.0,0.9388,1
ENST00000336283.9,ENSG00000213523,225,21,696,465.0,0.6889,2
ENST00000336470.8,ENSG00000130119,583,139,1888,1249.5,0.7144,4
ENST00000336643.10,ENSG00000029364,308,678,1602,564.5,0.6109,3
ENST00000336695.4,ENSG00000125995,80,182,422,2109.5,8.7896,2
ENST00000336737.8,ENSG00000069998,424,26,1298,748.5,0.5884,4
ENST00000336767.6,ENSG00000113460,354,28,1090,1370.5,1.2905,1
ENST00000336812.5,ENSG00000109606,796,161,2549,2886.0,1.2085,5
ENST00000336949.7,ENSG00000165175,184,3223,3775,374.5,0.6784,2
ENST00000337002.9,ENSG00000008952,400,16,1216,1274.5,1.0621,3
ENST00000337109.9,ENSG00000132313,189,34,601,350.5,0.6182,4
ENST00000337147.11,ENSG00000092820,587,134,1895,2198.5,1.2484,1
ENST00000337179.9,ENSG00000173598,182,440,986,361.0,0.6612,4
ENST00000337190.7,ENSG00000123933,210,129,759,484.0,0.7683,2
ENST00000337227.9,ENSG00000089050,187,58,619,357.0,0.6364,5
ENST00000337273.10,ENSG00000083312,899,77,2774,3509.5,1.3013,4
ENST00000337288.10,ENSG00000084090,371,393,1506,1341.5,1.2053,5
ENST00000337392.10,ENSG00000104853,670,16,2026,1424.0,0.7085,2
ENST00000337432.9,ENSG00000108384,377,42,1173,1311.0,1.1592,2
ENST00000337619.11,ENSG00000106367,159,39,516,517.5,1.0849,4
ENST00000337620.8,ENSG00000122565,184,428,980,4721.0,8.5525,4
ENST00000337682.9,ENSG00000139146,222,147,813,1245.5,1.8701,3
ENST00000337859.11,ENSG00000065548,427,123,1404,1656.0,1.2927,2
ENST00000337919.9,ENSG00000164683,309,194,1121,3312.0,3.5728,1
ENST00000337970.7,ENSG00000169813,416,323,1571,4563.0,3.6562,5
ENST00000338034.9,ENSG00000006744,827,80,2561,1740.5,0.7015,5
ENST00000338148.8,ENSG00000185414,162,93,579,1123.5,2.3117,1
ENST00000338222.7,ENSG00000188021,625,247,2122,1009.0,0.5381,3
ENST00000338446.8,ENSG00000158234,214,683,1325,614.5,0.9572,1
ENST00000338517.8,ENSG00000153130,123,45,414,995.0,2.6965,1
ENST00000338639.10,ENSG00000116288,190,106,676,3101.0,5.4404,4
ENST00000338825.5,ENSG00000187840,119,40,397,2196.5,6.1527,4
ENST00000338910.9,ENSG00000121390,524,188,1760,1012.5,0.6441,1
ENST00000338961.11,ENSG00000148334,378,12,1146,663.0,0.5847,4
ENST00000338970.10,ENSG00000188846,216,69,717,24913.5,38.4468,4
ENST00000339020.8,ENSG00000188725,75,420,645,206.5,0.9178,2
ENST00000339093.7,ENSG00000142546,305,45,960,840.5,0.9186,3
ENST00000339399.5,ENSG00000136938,252,215,971,1429.5,1.8909,2
ENST00000339413.11,ENSG00000167645,315,30,975,939.5,0.9942,1
ENST00000339471.8,ENSG00000105193,153,41,500,2516.0,5.4815,4
ENST00000339486.8,ENSG00000101782,520,153,1713,814.0,0.5218,2
ENST00000339556.8,ENSG00000189171,99,121,418,998.0,3.3603,5
ENST00000339600.6,ENSG00000189043,82,96,342,4377.0,17.7927,3
ENST00000339647.6,ENSG00000150991,686,67,2125,41479.0,20.155,5
ENST00000339697.5,ENSG00000111897,454,70,1432,4327.5,3.1773,2
ENST00000339812.3,ENSG00000124635,127,45,426,14170.5,37.1929,2
ENST00000339950.5,ENSG00000162607,786,421,2779,2670.5,1.1325,2
ENST00000339995.11,ENSG00000110321,908,308,3032,5329.0,1.9563,2
ENST00000340281.9,ENSG00000162664,583,148,1897,1247.0,0.713,5
ENST00000340309.7,ENSG00000244687,171,379,892,960.5,1.8723,4
ENST00000340368.9,ENSG00000186480,278,109,943,974.5,1.1685,4
ENST00000340384.5,ENSG00000188229,446,74,1412,3086.0,2.3064,2
ENST00000340385.6,ENSG00000117592,225,63,738,7403.5,10.9681,5
ENST00000340398.5,ENSG00000188375,136,132,540,1410.5,3.4571,4
ENST00000340413.7,ENSG00000120253,381,34,1177,1904.5,1.6662,4
ENST00000340473.8,ENSG00000188342,250,146,896,912.5,1.2167,1
ENST00000340513.4,ENSG00000088325,784,528,2880,2429.5,1.033,3
ENST00000340533.9,ENSG00000166347,135,88,493,325.5,0.8037,4
ENST00000340541.4,ENSG00000101558,295,195,1080,1603.0,1.8113,2
ENST00000340648.6,ENSG00000160208,759,105,2382,1813.0,0.7962,1
ENST00000340766.9,ENSG00000186298,338,232,1246,3288.0,3.2426,3
ENST00000340800.7,ENSG00000068366,712,344,2480,1447.0,0.6774,4
ENST00000340828.7,ENSG00000113328,296,210,1098,3524.5,3.969,3
ENST00000340866.10,ENSG00000116791,330,108,1098,615.0,0.6212,1
ENST00000340913.11,ENSG00000135486,373,82,1201,587.5,0.525,2
ENST00000340934.10,ENSG00000162819,412,395,1631,1017.5,0.8232,2
ENST00000341023.2,ENSG00000196866,131,50,443,10253.0,26.0891,1
ENST00000341162.8,ENSG00000119616,199,54,651,724.0,1.2127,1
ENST00000341249.11,ENSG00000181038,191,361,934,321.5,0.5611,1
ENST00000341333.10,ENSG00000164081,314,71,1013,826.5,0.8774,4
ENST00000341394.9,ENSG00000135387,710,141,2271,4665.0,2.1901,2
ENST00000341491.9,ENSG00000162772,182,174,720,415.5,0.761,5
ENST00000341541.8,ENSG00000151500,226,470,1148,673.5,0.9934,4
ENST00000341567.8,ENSG00000106609,315,255,1200,683.0,0.7228,3
ENST00000341695.10,ENSG00000138777,335,12,1017,2352.0,2.3403,3
ENST00000341864.6,ENSG00000187325,252,39,795,848.5,1.1224,5
ENST00000342422.3,ENSG00000101084,144,130,562,455.5,1.0544,4
ENST00000342444.8,ENSG00000138303,401,102,1305,614.0,0.5104,3
ENST00000342555.10,ENSG00000010244,498,310,1804,1964.0,1.3146,5
ENST00000342669.8,ENSG00000125743,119,65,422,5210.5,14.5952,5
ENST00000343043.7,ENSG00000132676,399,168,1365,1862.0,1.5556,1
ENST00000343067.9,ENSG00000159023,865,207,2802,1382.0,0.5326,4
ENST00000343262.9,ENSG00000140988,294,23,905,9603.0,10.8878,1
ENST00000343279.8,ENSG00000073712,688,81,2145,1289.0,0.6245,1
ENST00000343470.9,ENSG00000145220,380,226,1366,726.5,0.6373,5
ENST00000343677.4,ENSG00000187837,214,42,684,49714.0,77.4361,2
ENST00000343788.10,ENSG00000165416,366,82,1180,991.0,0.9026,5
ENST00000343810.9,ENSG00000187778,463,205,1594,721.5,0.5194,4
ENST00000343813.10,ENSG00000116237,285,53,908,497.0,0.5813,4
ENST00000343818.11,ENSG00000143811,321,140,1103,2205.0,2.2897,4
ENST00000343984.5,ENSG00000125354,435,265,1570,717.0,0.5494,3
ENST00000343985.8,ENSG00000106268,180,87,627,527.5,0.9769,1
ENST00000343986.9,ENSG00000171858,84,52,304,3103.5,12.3155,1
ENST00000344034.5,ENSG00000115241,547,169,1810,2491.5,1.5183,2
ENST00000344318.4,ENSG00000100319,171,163,676,335.5,0.654,2
ENST00000344337.11,ENSG00000114030,539,188,1805,967.0,0.598,1
ENST00000344347.6,ENSG00000100219,377,45,1176,1213.0,1.0725,3
ENST00000344420.10,ENSG00000213699,372,66,1182,577.0,0.517,2
ENST00000344641.8,ENSG00000148187,263,85,874,437.0,0.5539,5
ENST00000344651.5,ENSG00000175970,252,17,773,471.5,0.6237,5
ENST00000344722.5,ENSG00000113810,1289,345,4212,5063.0,1.3093,3
ENST00000344921.11,ENSG00000099956,395,207,1392,2211.5,1.8662,4
ENST00000345003.9,ENSG00000163754,351,101,1154,868.0,0.8243,2
ENST00000345042.6,ENSG00000144381,574,117,1839,8055.5,4.678,5
ENST00000345146.7,ENSG00000138413,415,223,1468,976.5,0.7843,1
ENST00000345264.10,ENSG00000148484,278,113,947,607.5,0.7284,4
ENST00000345317.7,ENSG00000005020,360,161,1241,771.5,0.7144,2
ENST00000345330.9,ENSG00000156642,399,174,1371,1192.5,0.9962,2
ENST00000345358.12,ENSG00000087088,193,54,633,662.5,1.1442,5
ENST00000345425.6,ENSG00000123159,334,126,1128,540.5,0.5394,1
ENST00000345496.7,ENSG00000184787,166,72,570,863.0,1.7329,2
ENST00000346178.8,ENSG00000089597,967,16,2917,8094.0,2.7901,5
ENST00000346234.7,ENSG00000134996,215,179,824,426.0,0.6605,2
ENST00000346798.8,ENSG00000142192,771,150,2463,4532.5,1.9596,4
ENST00000347512.8,ENSG00000130255,106,35,353,14282.0,44.9119,2
ENST00000347630.6,ENSG00000121067,375,348,1473,816.5,0.7258,3
ENST00000347635.9,ENSG00000093000,469,382,1789,826.5,0.5874,3
ENST00000348227.4,ENSG00000005448,335,88,1093,527.0,0.5244,4
ENST00000348459.10,ENSG00000119969,839,134,2651,2795.5,1.1106,4
ENST00000348462.6,ENSG00000136942,124,45,417,2499.0,6.7177,1
ENST00000348513.12,ENSG00000073584,412,91,1327,1288.5,1.0425,1
ENST00000348581.9,ENSG00000174371,847,314,2855,1595.0,0.6277,5
ENST00000349048.9,ENSG00000141959,781,53,2396,1403.0,0.5988,2
ENST00000349139.6,ENSG00000065183,944,76,2908,1951.0,0.6889,1
ENST00000350028.5,ENSG00000100347,470,136,1546,1892.5,1.3422,3
ENST00000350030.8,ENSG00000132780,789,106,2473,5718.0,2.4157,5
ENST00000350320.11,ENSG00000122545,438,153,1467,963.5,0.7333,2
ENST00000350356.7,ENSG00000072062,428,406,1690,1045.0,0.8139,1
ENST00000350498.8,ENSG00000106244,182,49,595,1100.0,2.0147,3
ENST00000350997.12,ENSG00000149485,502,74,1580,798.5,0.5302,2
ENST00000351004.8,ENSG00000127955,355,347,1412,563.5,0.5291,5
ENST00000351328.8,ENSG00000062485,467,129,1530,1018.5,0.727,2
ENST00000351554.8,ENSG00000085063,129,161,548,812.0,2.0982,1
ENST00000351698.5,ENSG00000136827,333,51,1050,526.5,0.527,1
ENST00000351829.9,ENSG00000117448,326,336,1314,558.0,0.5706,1
ENST00000351839.7,ENSG00000165119.22,464,107,1499,12896.5,9.2647,
ENST00000352035.7,ENSG00000131473,1102,95,3401,10203.0,3.0862,3
ENST00000352066.8,ENSG00000213024,523,378,1947,787.5,0.5019,5
ENST00000352178.9,ENSG00000160200,552,238,1894,3059.0,1.8472,1
ENST00000352410.9,ENSG00000178802,424,32,1304,1263.0,0.9929,3
ENST00000352433.10,ENSG00000164611,203,48,657,1811.0,2.9737,3
ENST00000352732.10,ENSG00000140526,426,214,1492,683.0,0.5344,3
ENST00000352767.7,ENSG00000114867,1607,214,5035,6511.0,1.3505,2
ENST00000352861.9,ENSG00000132432,69,60,267,2472.0,11.942,3
ENST00000352983.7,ENSG00000147604,249,21,768,9124.0,12.2142,3
ENST00000353245.7,ENSG00000164924,246,84,822,9758.5,13.2229,4
ENST00000353339.8,ENSG00000168958,343,429,1458,515.0,0.5005,3
ENST00000353411.11,ENSG00000113558,164,96,588,1080.0,2.1951,3
ENST00000353703.9,ENSG00000166913,247,185,926,3138.0,4.2348,2
ENST00000353801.7,ENSG00000096384,725,122,2297,15873.0,7.2979,2
ENST00000354232.8,ENSG00000105379,347,2468,3509,914.5,0.8785,5
ENST00000354250.7,ENSG00000160194,474,25,1447,872.0,0.6132,2
ENST00000354336.8,ENSG00000099942,304,528,1440,683.0,0.7489,4
ENST00000354371.7,ENSG00000198612,210,76,706,992.0,1.5746,1
ENST00000354420.7,ENSG00000023191,462,390,1776,859.0,0.6198,2
ENST00000354429.7,ENSG00000170291,301,407,1310,577.0,0.639,5
ENST00000354464.11,ENSG00000196497,1082,29,3275,1790.0,0.5514,2
ENST00000354488.8,ENSG00000198171,315,55,1000,1069.0,1.1312,1
ENST00000354546.10,ENSG00000197043,674,125,2147,2250.0,1.1128,3
ENST00000354618.10,ENSG00000054118,956,197,3065,4125.5,1.4385,3
ENST00000354667.8,ENSG00000122566,354,169,1231,26235.5,24.7039,4
ENST00000354694.12,ENSG00000100029,589,77,1844,1905.0,1.0781,1
ENST00000354725.8,ENSG00000197157,911,180,2913,4064.0,1.487,3
ENST00000354775.5,ENSG00000143149,519,4,1561,2381.0,1.5292,5
ENST00000354777.6,ENSG00000116729,544,246,1878,2897.5,1.7754,1
ENST00000354817.8,ENSG00000197601,516,146,1694,1457.5,0.9415,2
ENST00000354828.7,ENSG00000154727,455,527,1892,703.5,0.5154,1
ENST00000354831.11,ENSG00000078618,1220,190,3850,2073.5,0.5665,1
ENST00000354882.10,ENSG00000105518,190,649,1219,424.5,0.7447,5
ENST00000354910.10,ENSG00000129055,75,61,286,356.0,1.5822,5
ENST00000354926.9,ENSG00000146963,393,368,1547,1793.0,1.5208,2
ENST00000355057.3,ENSG00000197238,104,33,345,14239.0,45.6378,4
ENST00000355151.9,ENSG00000172590,124,30,402,1269.0,3.4113,3
ENST00000355182.8,ENSG00000133104,667,94,2095,1443.0,0.7211,1
ENST00000355203.6,ENSG00000197021,159,244,721,259.5,0.544,5
ENST00000355209.9,ENSG00000100413,205,369,984,423.0,0.6878,1
ENST00000355264.9,ENSG00000185009,419,77,1334,916.0,0.7287,1
ENST00000355338.6,ENSG00000140105,472,619,2035,1844.0,1.3023,4
ENST00000355451.8,ENSG00000015676,362,58,1144,559.5,0.5152,1
ENST00000355619.10,ENSG00000005812,429,334,1621,930.0,0.7226,2
ENST00000355621.8,ENSG00000186591,184,405,957,342.5,0.6205,4
ENST00000355640.3,ENSG00000101966,498,306,1800,809.5,0.5418,3
ENST00000355653.8,ENSG00000108828,394,63,1245,1599.0,1.3528,4
ENST00000355667.11,ENSG00000079805,871,164,2777,1431.0,0.5476,3
ENST00000355697.7,ENSG00000183605,338,67,1081,729.0,0.7189,3
ENST00000355899.8,ENSG00000102024,631,95,1988,20075.0,10.6049,3
ENST00000355937.9,ENSG00000101166,195,56,641,1286.0,2.1983,4
ENST00000355938.9,ENSG00000159199,137,85,496,2424.0,5.8978,5
ENST00000356033.8,ENSG00000189159,182,278,824,944.5,1.7299,1
ENST00000356126.8,ENSG00000197170,457,58,1429,2828.0,2.0627,4
ENST00000356232.10,ENSG00000081307,405,209,1424,754.5,0.621,2
ENST00000356244.8,ENSG00000100401,588,240,2004,2767.5,1.5689,1
ENST00000356415.5,ENSG00000116473,185,319,874,567.5,1.0225,4
ENST00000356455.9,ENSG00000175063,180,52,592,1944.5,3.6009,3
ENST00000356476.3,ENSG00000197409,137,36,447,617.5,1.5024,2
ENST00000356493.10,ENSG00000165283,357,37,1108,1856.5,1.7334,4
ENST00000356508.9,ENSG00000105223,491,123,1596,923.0,0.6266,3
ENST00000356521.9,ENSG00000172785,396,87,1275,690.5,0.5812,4
ENST00000356530.6,ENSG00000277224,127,43,424,4280.0,11.2336,5
ENST00000356577.10,ENSG00000159140,2427,55,7336,4965.0,0.6819,2
ENST00000356657.10,ENSG00000160752,420,162,1422,1277.5,1.0139,2
ENST00000356708.12,ENSG00000165629,299,31,928,5151.5,5.743,5
ENST00000356891.4,ENSG00000133641,326,113,1091,508.0,0.5194,5
ENST00000356920.9,ENSG00000188219,1076,336,3564,2098.5,0.6501,2
ENST00000356950.2,ENSG00000197903,127,57,438,19826.5,52.0381,1
ENST00000356978.9,ENSG00000198668,150,202,652,3418.5,7.5967,3
ENST00000357164.4,ENSG00000196743,194,32,614,484.5,0.8325,2
ENST00000357166.11,ENSG00000188706,365,394,1489,615.5,0.5621,3
ENST00000357172.9,ENSG00000134255,417,158,1409,873.5,0.6982,4
ENST00000357194.10,ENSG00000109332,150,152,602,2247.5,4.9944,1
ENST00000357235.6,ENSG00000197622,80,407,647,310.0,1.2917,2
ENST00000357332.8,ENSG00000198356,349,9,1056,629.5,0.6012,4
ENST00000357360.5,ENSG00000196976,144,366,798,788.5,1.8252,1
ENST00000357384.8,ENSG00000141425,313,152,1091,1055.5,1.1241,5
ENST00000357385.7,ENSG00000141552,197,136,727,1195.5,2.0228,5
ENST00000357394.8,ENSG00000125991,389,60,1227,2574.0,2.2057,4
ENST00000357429.10,ENSG00000146540,195,70,655,391.5,0.6692,4
ENST00000357430.8,ENSG00000123983,721,429,2592,2258.0,1.0439,4
ENST00000357496.6,ENSG00000198218,777,232,2563,1610.5,0.6909,2
ENST00000357500.5,ENSG00000167272,164,40,532,640.5,1.3018,1
ENST00000357586.7,ENSG00000100280,950,174,3024,1990.5,0.6984,2
ENST00000357590.9,ENSG00000137700,452,441,1797,993.0,0.7323,5
ENST00000357650.9,ENSG00000162695,377,173,1304,680.5,0.6017,5
ENST00000357849.9,ENSG00000121022,335,137,1142,988.5,0.9836,3
ENST00000358007.7,ENSG00000213782,456,22,1390,1367.5,0.9996,5
ENST00000358008.7,ENSG00000164022,313,674,1613,1305.5,1.3903,3
ENST00000358015.8,ENSG00000119318,410,351,1581,3215.0,2.6138,2
ENST00000358056.8,ENSG00000197045,143,53,482,656.5,1.5303,5
ENST00000358075.11,ENSG00000102158,336,183,1191,2705.5,2.684,1
ENST00000358130.7,ENSG00000198157,283,300,1149,1327.5,1.5636,2
ENST00000358154.8,ENSG00000197006,319,157,1114,490.5,0.5125,3
ENST00000358171.8,ENSG00000149257,419,101,1358,1072.5,0.8532,2
ENST00000358227.5,ENSG00000137038,113,44,383,760.0,2.2419,1
ENST00000358290.9,ENSG00000198189,301,118,1021,763.5,0.8455,2
ENST00000358344.8,ENSG00000197451,333,231,1230,7442.5,7.45,5
ENST00000358372.8,ENSG00000146457,397,1757,2948,1286.0,1.0798,4
ENST00000358572.10,ENSG00000198498,204,112,724,580.0,0.9477,1
ENST00000358598.6,ENSG00000108946,382,117,1263,1375.0,1.1998,2
ENST00000358607.11,ENSG00000006015,202,4,610,455.0,0.7508,5
ENST00000358664.9,ENSG00000125952,161,178,661,285.5,0.5911,2
ENST00000358666.7,ENSG00000198258,74,184,406,3366.5,15.1644,4
ENST00000358681.8,ENSG00000151348,729,166,2353,1367.0,0.6251,1
ENST00000358726.6,ENSG00000214046,104,32,344,265.5,0.851,3
ENST00000358739.5,ENSG00000196747,131,37,430,13840.5,35.2176,5
ENST00000358794.9,ENSG00000168439,591,553,2326,5210.5,2.9388,1
ENST00000358867.11,ENSG00000171204,231,15,708,689.0,0.9942,1
ENST00000358901.11,ENSG00000165280,807,272,2693,6359.0,2.6266,3
ENST00000358935.3,ENSG00000198060,279,328,1165,518.0,0.6189,3
ENST00000358994.9,ENSG00000119383,374,62,1184,869.5,0.775,5
ENST00000359039.5,ENSG00000198642,618,545,2399,978.5,0.5278,4
ENST00000359087.8,ENSG00000159593,538,77,1691,2166.0,1.342,5
ENST00000359114.9,ENSG00000273899,214,50,692,387.0,0.6028,2
ENST00000359193.4,ENSG00000196787,131,29,422,15503.0,39.4478,1
ENST00000359204.5,ENSG00000148690,316,218,1166,554.5,0.5849,5
ENST00000359293.5,ENSG00000197620,159,153,630,249.0,0.522,3
ENST00000359303.4,ENSG00000197153,137,34,445,5269.0,12.82,5
ENST00000359308.8,ENSG00000196419,610,655,2485,14231.5,7.7768,1
ENST00000359415.8,ENSG00000095139,553,165,1824,2985.5,1.7996,5
ENST00000359429.11,ENSG00000197713,229,24,711,853.0,1.2416,2
ENST00000359435.8,ENSG00000105393,330,193,1183,529.5,0.5348,1
ENST00000359462.9,ENSG00000197111,367,323,1424,2702.5,2.4546,4
ENST00000359523.7,ENSG00000197965,270,170,980,799.0,0.9864,1
ENST00000359530.7,ENSG00000047249,484,247,1699,1124.0,0.7741,5
ENST00000359543.8,ENSG00000213853,168,110,614,503.0,0.998,3
ENST00000359611.4,ENSG00000278677,131,36,429,11573.5,29.4491,5
ENST00000359634.10,ENSG00000196950,832,67,2563,1558.0,0.6242,4
ENST00000359646.1,ENSG00000244462,933,151,2950,2042.0,0.7295,5
ENST00000359678.10,ENSG00000198130,387,76,1237,835.5,0.7196,5
ENST00000359707.9,ENSG00000138757,483,228,1677,3205.0,2.2119,2
ENST00000359803.7,ENSG00000110492,144,222,654,1138.5,2.6354,5
ENST00000359866.9,ENSG00000130311,103,92,401,321.0,1.0388,3
ENST00000359867.7,ENSG00000213923,417,111,1362,1758.0,1.4053,2
ENST00000359890.8,ENSG00000100461,440,161,1481,1001.5,0.7587,1
ENST00000359995.10,ENSG00000161547,222,171,837,2568.0,3.8559,1
ENST00000360000.8,ENSG00000180964,118,146,500,1115.0,3.1497,2
ENST00000360003.7,ENSG00000197771,643,170,2099,2460.0,1.2753,2
ENST00000360150.9,ENSG00000087502,378,95,1229,583.5,0.5146,5
ENST00000360171.11,ENSG00000196873,396,49,1237,693.0,0.5833,1
ENST00000360270.7,ENSG00000147065,578,188,1922,1525.5,0.8798,3
ENST00000360299.10,ENSG00000111540,216,154,802,424.5,0.6551,3
ENST00000360403.7,ENSG00000070785,453,112,1471,802.0,0.5901,3
ENST00000360416.8,ENSG00000133026,2008,103,6127,5180.0,0.8599,4
ENST00000360428.9,ENSG00000134762,897,82,2773,1642.5,0.6104,2
ENST00000360458.5,ENSG00000123562,289,292,1159,6996.5,8.0698,4
ENST00000360541.10,ENSG00000120705,438,158,1472,2803.0,2.1332,5
ENST00000360566.6,ENSG00000171848,450,291,1641,3880.5,2.8744,1
ENST00000360612.5,ENSG00000198355,327,176,1157,538.0,0.5484,4
ENST00000360803.9,ENSG00000107937,635,46,1951,2236.5,1.174,1
ENST00000360864.9,ENSG00000101152,199,209,806,319.0,0.5343,3
ENST00000360876.9,ENSG00000106263,815,95,2540,4231.5,1.7307,1
ENST00000360943.10,ENSG00000159202,355,97,1162,575.0,0.5399,3
ENST00000360961.11,ENSG00000060762,110,64,394,901.0,2.7303,4
ENST00000360982.2,ENSG00000061676,1135,759,4164,2336.0,0.686,2
ENST00000361055.9,ENSG00000144744,464,12,1404,1117.0,0.8024,1
ENST00000361070.9,ENSG00000168411,775,94,2419,1306.5,0.5619,2
ENST00000361143.10,ENSG00000114779,211,113,746,352.5,0.5569,2
ENST00000361183.8,ENSG00000198898,287,25,886,1534.0,1.7816,4
ENST00000361189.7,ENSG00000198961,709,220,2347,1286.0,0.6046,2
ENST00000361288.9,ENSG00000064995,212,85,721,370.5,0.5825,1
ENST00000361309.6,ENSG00000196776,324,123,1095,883.5,0.909,1
ENST00000361337.3,ENSG00000198900,766,246,2544,2453.5,1.0677,5
ENST00000361351.8,ENSG00000138629,381,104,1247,1114.5,0.9751,3
ENST00000361436.10,ENSG00000197958,166,89,587,589.0,1.1827,5
ENST00000361439.9,ENSG00000169189,267,78,879,484.5,0.6049,2
ENST00000361441.5,ENSG00000244509,191,106,679,481.0,0.8394,2
ENST00000361464.8,ENSG00000198408,917,422,3173,1834.5,0.6668,3
ENST00000361531.6,ENSG00000143314,217,137,788,1025.0,1.5745,3
ENST00000361565.9,ENSG00000198700,1042,53,3179,2470.5,0.7903,2
ENST00000361568.6,ENSG00000221988,309,104,1031,502.5,0.5421,5
ENST00000361575.4,ENSG00000198918,52,54,210,7278.0,46.6538,1
ENST00000361611.11,ENSG00000100804,264,19,811,3569.5,4.5069,1
ENST00000361731.4,ENSG00000198818,160,64,544,738.5,1.5385,2
ENST00000361740.9,ENSG00000100243,346,77,1115,2017.0,1.9432,5
ENST00000361752.8,ENSG00000112531,342,476,1502,1289.0,1.2563,2
ENST00000361804.5,ENSG00000108055,1218,122,3776,4359.0,1.1929,2
ENST00000361840.8,ENSG00000123178,197,105,696,308.0,0.5212,2
ENST00000361891.9,ENSG00000143621,391,71,1244,7935.0,6.7647,5
ENST00000361956.8,ENSG00000198732,436,263,1571,768.0,0.5872,1
ENST00000362007.6,ENSG00000198715,407,34,1255,756.5,0.6196,1
ENST00000362034.7,ENSG00000197345,206,22,640,1516.0,2.4531,2
ENST00000366510.4,ENSG00000143653,430,14,1304,788.5,0.6112,5
ENST00000366535.4,ENSG00000035687,457,92,1463,2028.5,1.4796,4
ENST00000366560.4,ENSG00000091483,511,33,1566,2561.5,1.6709,4
ENST00000366577.10,ENSG00000116984,1266,412,4210,2821.5,0.7429,5
ENST00000366582.8,ENSG00000119285,2145,127,6562,4347.5,0.6756,5
ENST00000366607.5,ENSG00000173726,146,122,560,2243.0,5.121,2
ENST00000366615.10,ENSG00000168275,156,11,479,739.0,1.5791,4
ENST00000366627.4,ENSG00000135778,229,71,758,1064.0,1.5488,1
ENST00000366639.9,ENSG00000116918,291,142,1015,2341.0,2.6816,5
ENST00000366647.9,ENSG00000116906,681,167,2210,1047.0,0.5125,1
ENST00000366649.7,ENSG00000143633,294,34,916,928.0,1.0522,5
ENST00000366669.9,ENSG00000135775,739,126,2343,1627.0,0.7339,5
ENST00000366672.5,ENSG00000143641,572,43,1759,1562.5,0.9105,1
ENST00000366684.7,ENSG00000143632,378,103,1237,776.0,0.6843,5
ENST00000366690.5,ENSG00000168118,219,229,886,423.0,0.6438,4
ENST00000366695.3,ENSG00000181218,131,56,449,7164.0,18.229,2
ENST00000366696.2,ENSG00000168148,137,35,446,1118.5,2.7214,4
ENST00000366738.5,ENSG00000162910,165,129,624,472.0,0.9535,1
ENST00000366777.4,ENSG00000163050,648,115,2059,1723.0,0.8863,4
ENST00000366794.10,ENSG00000143799,1015,164,3209,14486.5,4.7575,1
ENST00000366812.6,ENSG00000182827,529,66,1653,1565.0,0.9861,1
ENST00000366813.1,ENSG00000163041,137,375,786,601.5,1.4635,2
ENST00000366862.10,ENSG00000143756,369,19,1126,783.0,0.7073,2
ENST00000366910.10,ENSG00000186205,338,32,1046,669.0,0.6598,1
ENST00000366922.3,ENSG00000067704,1013,85,3124,4286.0,1.4103,4
ENST00000366923.8,ENSG00000136628,1513,117,4656,10885.0,2.3981,5
ENST00000366928.10,ENSG00000143353,238,13,727,566.0,0.7927,1
ENST00000366932.4,ENSG00000067533,283,24,873,1137.5,1.3398,3
ENST00000366955.8,ENSG00000117724,3115,168,9513,5974.5,0.6393,5
ENST00000366977.8,ENSG00000117697,282,14,860,1088.5,1.2866,5
ENST00000366988.5,ENSG00000117691,173,24,543,488.5,0.9412,1
ENST00000366991.5,ENSG00000143476,731,143,2336,2374.0,1.0825,1
ENST00000366999.9,ENSG00000117650,446,142,1480,1041.0,0.778,3
ENST00000367034.5,ENSG00000112110,181,121,664,1187.0,2.186,3
ENST00000367048.5,ENSG00000120437,398,43,1237,2200.5,1.843,2
ENST00000367055.8,ENSG00000291237,223,67,736,830.0,1.2407,5
ENST00000367063.6,ENSG00000196352,445,234,1569,885.5,0.6633,4
ENST00000367089.8,ENSG00000146425,114,35,377,1265.0,3.6988,3
ENST00000367128.8,ENSG00000196550,150,814,1264,315.5,0.7011,5
ENST00000367142.5,ENSG00000069275,244,209,941,9486.5,12.9597,1
ENST00000367249.9,ENSG00000159348,306,52,970,464.5,0.506,5
ENST00000367262.4,ENSG00000183155,124,51,423,335.0,0.9005,1
ENST00000367287.5,ENSG00000134375,172,24,540,1500.5,2.9079,1
ENST00000367294.4,ENSG00000146476,442,80,1406,1461.0,1.1018,1
ENST00000367332.5,ENSG00000116857,187,93,654,1707.5,3.0437,4
ENST00000367380.9,ENSG00000120265,251,33,786,2575.0,3.4197,5
ENST00000367419.10,ENSG00000055211,331,40,1033,499.0,0.5025,2
ENST00000367435.5,ENSG00000134371,532,170,1766,933.0,0.5846,2
ENST00000367440.3,ENSG00000023572,166,476,974,353.5,0.7098,2
ENST00000367441.1,ENSG00000116747,539,39,1656,2086.0,1.29,3
ENST00000367451.8,ENSG00000116750,356,89,1157,2157.5,2.0201,1
ENST00000367478.9,ENSG00000047410,2364,225,7317,5114.0,0.7211,2
ENST00000367510.8,ENSG00000121481,337,94,1105,656.5,0.6494,3
ENST00000367549.4,ENSG00000135829,1271,132,3945,7896.5,2.0709,1
ENST00000367569.4,ENSG00000169976,87,76,337,1504.5,5.7644,1
ENST00000367576.6,ENSG00000135521,476,140,1568,1273.5,0.8918,4
ENST00000367595.4,ENSG00000230124,283,311,1160,822.0,0.9682,3
ENST00000367619.8,ENSG00000057252,551,148,1801,1506.0,0.9111,2
ENST00000367630.9,ENSG00000009844,308,25,949,1328.5,1.4378,4
ENST00000367660.4,ENSG00000146386,82,137,383,846.5,3.4411,5
ENST00000367679.7,ENSG00000116161,229,234,921,5359.5,7.8013,4
ENST00000367739.9,ENSG00000027697,490,58,1528,1115.0,0.7585,4
ENST00000367815.9,ENSG00000143153,304,140,1052,771.5,0.8459,2
ENST00000367833.7,ENSG00000143155,273,116,935,1191.0,1.4542,3
ENST00000367837.10,ENSG00000112339,685,131,2186,1441.5,0.7015,1
ENST00000367879.9,ENSG00000143179,262,220,1006,1134.0,1.4427,3
ENST00000367883.3,ENSG00000143198,167,89,590,1632.5,3.2585,2
ENST00000368003.6,ENSG00000143222,168,20,524,760.0,1.5079,4
ENST00000368009.7,ENSG00000158793,328,72,1056,518.0,0.5264,4
ENST00000368010.4,ENSG00000143256,155,11,476,1592.0,3.4237,5
ENST00000368069.7,ENSG00000122218,1234,78,3780,3837.5,1.0366,4
ENST00000368072.10,ENSG00000162735,300,9,909,1229.0,1.3656,3
ENST00000368096.5,ENSG00000158710,221,247,910,5848.5,8.8213,2
ENST00000368273.8,ENSG00000160783,208,10,634,542.0,0.8686,1
ENST00000368276.8,ENSG00000260238,221,9,672,569.0,0.8582,1
ENST00000368302.3,ENSG00000116586,151,40,493,681.0,1.5033,2
ENST00000368325.5,ENSG00000203760,104,100,412,1340.5,4.2965,4
ENST00000368399.1,ENSG00000179085,123,77,446,473.0,1.2818,4
ENST00000368455.9,ENSG00000025156,537,86,1697,936.5,0.5813,1
ENST00000368467.4,ENSG00000163344,193,34,613,403.5,0.6969,3
ENST00000368498.7,ENSG00000047932,463,223,1612,887.0,0.6386,4
ENST00000368521.10,ENSG00000143612,254,183,945,1235.0,1.6207,3
ENST00000368547.4,ENSG00000127884,291,21,894,1861.0,2.1317,1
ENST00000368575.5,ENSG00000143545,204,103,715,752.0,1.2288,4
ENST00000368608.4,ENSG00000189241,438,100,1414,2729.5,2.0772,1
ENST00000368656.7,ENSG00000203778,81,305,548,282.0,1.1605,5
ENST00000368685.6,ENSG00000143553,137,41,452,562.5,1.3686,1
ENST00000368759.5,ENSG00000107949,323,12,981,1850.5,1.9097,2
ENST00000368809.1,ENSG00000197747,98,77,371,2557.5,8.699,5
ENST00000368830.8,ENSG00000143436,268,17,821,1120.5,1.3937,2
ENST00000368845.6,ENSG00000065154,440,80,1400,3642.0,2.7591,3
ENST00000368865.9,ENSG00000154473,329,84,1071,4265.0,4.3212,3
ENST00000368881.8,ENSG00000159352,381,74,1217,961.0,0.8408,2
ENST00000368892.9,ENSG00000163159,365,76,1171,983.5,0.8982,3
ENST00000368905.9,ENSG00000163156,231,9,702,383.5,0.5534,2
ENST00000368921.5,ENSG00000213190,91,163,436,237.0,0.8681,5
ENST00000369002.9,ENSG00000025796,761,199,2482,2079.0,0.9106,4
ENST00000369016.8,ENSG00000143420,188,96,660,2137.0,3.789,3
ENST00000369023.8,ENSG00000107672,386,52,1210,870.5,0.7517,2
ENST00000369026.3,ENSG00000143384,351,80,1133,1276.5,1.2123,4
ENST00000369064.8,ENSG00000143374,719,32,2189,1269.5,0.5885,4
ENST00000369093.6,ENSG00000151923,393,30,1209,980.0,0.8312,4
ENST00000369103.3,ENSG00000148908,182,81,627,362.0,0.663,1
ENST00000369109.8,ENSG00000117362,266,206,1004,743.0,0.9311,3
ENST00000369144.8,ENSG00000107581,1383,141,4290,6141.0,1.4801,5
ENST00000369155.4,ENSG00000184678,127,42,423,4799.0,12.5958,5
ENST00000369158.2,ENSG00000203811,137,51,462,26558.5,64.6192,1
ENST00000369159.3,ENSG00000288825,131,52,445,304.0,0.7735,4
ENST00000369163.4,ENSG00000278828,137,23,434,23116.0,56.2433,2
ENST00000369172.8,ENSG00000165669,234,59,761,380.0,0.5413,3
ENST00000369301.3,ENSG00000196865,727,212,2393,1234.5,0.566,3
ENST00000369390.7,ENSG00000188610,150,851,1301,304.5,0.6767,5
ENST00000369462.5,ENSG00000185515,317,25,976,829.0,0.8717,2
ENST00000369498.8,ENSG00000165775,190,95,665,438.5,0.7693,3
ENST00000369528.9,ENSG00000052723,212,78,714,583.5,0.9175,5
ENST00000369535.5,ENSG00000213281,190,131,701,552.0,0.9684,2
ENST00000369541.4,ENSG00000116752,226,24,702,1735.0,2.559,2
ENST00000369550.10,ENSG00000130826,515,102,1647,2339.0,1.5139,3
ENST00000369592.1,ENSG00000119953,239,305,1022,961.5,1.341,2
ENST00000369626.8,ENSG00000155380,501,206,1709,7605.5,5.0602,5
ENST00000369636.6,ENSG00000155366,200,50,650,372.0,0.62,5
ENST00000369653.8,ENSG00000102178,181,31,574,288.0,0.5304,1
ENST00000369713.10,ENSG00000148834,242,37,763,2070.0,2.8512,2
ENST00000369722.8,ENSG00000116459,257,78,849,4714.5,6.1148,1
ENST00000369762.7,ENSG00000071553,471,16,1429,2628.0,1.8599,5
ENST00000369798.7,ENSG00000112742,858,67,2641,1756.5,0.6824,2
ENST00000369799.10,ENSG00000168710,531,288,1881,2259.5,1.4184,4
ENST00000369816.5,ENSG00000118402,315,274,1219,686.5,0.7265,5
ENST00000369817.7,ENSG00000147403,215,41,686,8178.5,12.6798,2
ENST00000369831.6,ENSG00000213366,221,94,757,484.5,0.7308,4
ENST00000369842.9,ENSG00000102119,255,190,955,1285.0,1.6797,2
ENST00000369847.4,ENSG00000156374,351,74,1127,589.5,0.5598,5
ENST00000369851.7,ENSG00000065135,355,106,1171,2102.5,1.9742,1
ENST00000369905.9,ENSG00000138107,377,65,1196,1875.5,1.6583,2
ENST00000369923.4,ENSG00000031698,537,11,1622,4128.0,2.5624,3
ENST00000369937.5,ENSG00000107874,288,59,923,490.5,0.5677,2
ENST00000370008.4,ENSG00000116266,593,64,1843,999.0,0.5616,4
ENST00000370053.3,ENSG00000197457,181,79,622,480.0,0.884,5
ENST00000370081.6,ENSG00000112695,116,311,659,3746.5,10.7658,2
ENST00000370109.8,ENSG00000117543,286,125,983,896.5,1.0449,2
ENST00000370110.6,ENSG00000107833,179,56,593,1299.5,2.4199,2
ENST00000370151.9,ENSG00000166171,204,16,628,387.5,0.6332,4
ENST00000370177.1,ENSG00000125534,141,145,568,934.0,2.208,4
ENST00000370206.9,ENSG00000117519,330,216,1206,2893.5,2.9227,5
ENST00000370211.10,ENSG00000213397,359,19,1096,757.5,0.7033,1
ENST00000370214.9,ENSG00000117528,660,90,2070,1869.0,0.9439,2
ENST00000370238.8,ENSG00000023909,275,267,1092,661.0,0.8012,1
ENST00000370242.8,ENSG00000055950,262,54,840,733.5,0.9332,5
ENST00000370267.1,ENSG00000117505,177,587,1118,560.0,1.0546,2
ENST00000370274.8,ENSG00000147383,374,98,1220,981.0,0.8743,3
ENST00000370277.5,ENSG00000147400,173,47,566,1230.5,2.3709,4
ENST00000370278.4,ENSG00000221867,315,167,1112,1025.5,1.0852,1
ENST00000370282.8,ENSG00000117500,230,171,861,1117.5,1.6196,4
ENST00000370321.8,ENSG00000122406,298,75,969,30544.0,34.1656,3
ENST00000370355.3,ENSG00000099194,360,272,1352,9165.0,8.4861,5
ENST00000370361.5,ENSG00000160131,157,123,594,466.0,0.9894,4
ENST00000370372.7,ENSG00000196072,143,21,450,244.5,0.5699,2
ENST00000370377.8,ENSG00000102181,263,80,869,524.5,0.6648,5
ENST00000370474.4,ENSG00000154079,109,11,338,172.0,0.526,3
ENST00000370475.9,ENSG00000102081,633,261,2160,1100.5,0.5795,3
ENST00000370500.10,ENSG00000137947,317,68,1019,787.5,0.8281,5
ENST00000370508.7,ENSG00000120053,414,59,1301,1100.5,0.8861,4
ENST00000370542.1,ENSG00000143013,166,150,648,569.5,1.1436,2
ENST00000370548.3,ENSG00000267561,304,73,985,530.0,0.5811,4
ENST00000370550.10,ENSG00000153936,357,402,1473,813.0,0.7591,1
ENST00000370574.4,ENSG00000117174,471,149,1562,922.0,0.6525,1
ENST00000370641.3,ENSG00000174021,69,474,681,761.0,3.6763,1
ENST00000370651.8,ENSG00000285976,45,201,336,543.5,4.0259,2
ENST00000370654.6,ENSG00000117133,350,16,1066,1416.5,1.349,4
ENST00000370659.2,ENSG00000198225,109,88,415,2005.0,6.1315,1
ENST00000370693.5,ENSG00000112208,212,372,1008,358.0,0.5629,1
ENST00000370775.3,ENSG00000203950,114,27,369,205.5,0.6009,2
ENST00000370793.5,ENSG00000077254,943,347,3176,2103.5,0.7435,3
ENST00000370812.8,ENSG00000142892,396,28,1216,2083.5,1.7538,1
ENST00000370828.4,ENSG00000076716,557,524,2195,1167.5,0.6987,4
ENST00000370834.9,ENSG00000117054,455,79,1444,1911.0,1.4,2
ENST00000370867.8,ENSG00000162623,260,93,873,453.5,0.5814,2
ENST00000370873.9,ENSG00000101182,249,91,838,2977.0,3.9853,5
ENST00000370902.8,ENSG00000171311,196,21,609,598.0,1.017,2
ENST00000370918.8,ENSG00000012660,327,371,1352,2166.5,2.2085,3
ENST00000370920.8,ENSG00000132485,331,40,1033,1429.5,1.4396,3
ENST00000370938.8,ENSG00000116761,406,148,1366,1727.5,1.4183,5
ENST00000370949.2,ENSG00000116754,485,257,1712,1143.0,0.7856,4
ENST00000370952.4,ENSG00000066557,603,39,1848,1577.5,0.872,2
ENST00000370959.1,ENSG00000170899,223,118,787,463.5,0.6928,3
ENST00000370982.4,ENSG00000172380,73,200,419,453.0,2.0685,2
ENST00000370995.6,ENSG00000142864,409,86,1313,16158.5,13.1691,3
ENST00000371092.7,ENSG00000142856,217,61,712,1074.0,1.6498,5
ENST00000371121.5,ENSG00000102038,1071,120,3333,2195.0,0.6832,5
ENST00000371142.9,ENSG00000077147,590,177,1947,2688.5,1.5189,3
ENST00000371180.7,ENSG00000162604,208,303,927,435.5,0.6979,1
ENST00000371224.7,ENSG00000059573,796,143,2531,2230.0,0.9338,1
ENST00000371315.3,ENSG00000232119,183,533,1082,2197.0,4.0018,4
ENST00000371331.1,ENSG00000116205,239,199,916,449.5,0.6269,5
ENST00000371361.3,ENSG00000173145,801,101,2504,1446.5,0.602,5
ENST00000371378.6,ENSG00000081870,215,33,678,830.5,1.2876,4
ENST00000371410.5,ENSG00000101882,416,146,1394,835.0,0.6691,1
ENST00000371419.7,ENSG00000101132,135,14,419,1096.0,2.7062,2
ENST00000371429.4,ENSG00000058804,675,35,2060,1859.5,0.9183,5
ENST00000371437.5,ENSG00000125356,71,80,293,3954.5,18.5657,5
ENST00000371443.6,ENSG00000182154,138,108,522,1006.0,2.43,2
ENST00000371470.8,ENSG00000162385,147,70,511,1014.0,2.2993,4
ENST00000371477.4,ENSG00000096401,803,118,2527,2257.0,0.9369,4
ENST00000371514.8,ENSG00000116171,548,121,1765,1627.5,0.99,3
ENST00000371538.5,ENSG00000162377,232,21,717,499.0,0.717,4
ENST00000371584.9,ENSG00000000419,296,9,897,1305.0,1.4696,5
ENST00000371621.5,ENSG00000196396,436,145,1453,741.0,0.5665,5
ENST00000371626.9,ENSG00000117862,173,95,614,901.0,1.736,1
ENST00000371703.8,ENSG00000148688,269,13,820,761.5,0.9436,3
ENST00000371708.1,ENSG00000112759,457,175,1546,1085.5,0.7918,5
ENST00000371856.7,ENSG00000124214,578,378,2112,1171.5,0.6756,3
ENST00000371873.10,ENSG00000162368,229,156,843,481.5,0.7009,5
ENST00000371959.9,ENSG00000126016,1085,668,3923,3732.5,1.1467,5
ENST00000371989.8,ENSG00000148248,270,91,901,1656.5,2.0451,2
ENST00000372014.5,ENSG00000180992,146,127,565,711.5,1.6244,5
ENST00000372025.5,ENSG00000159596,248,190,934,561.0,0.754,2
ENST00000372108.9,ENSG00000148308,527,8,1589,858.5,0.543,2
ENST00000372133.8,ENSG00000096080,197,12,603,632.5,1.0702,1
ENST00000372134.6,ENSG00000165678,346,124,1162,4520.5,4.355,5
ENST00000372181.1,ENSG00000122378,230,470,1160,346.0,0.5014,1
ENST00000372224.9,ENSG00000142945,726,96,2274,1346.0,0.618,4
ENST00000372231.7,ENSG00000122359,506,238,1756,1249.0,0.8228,5
ENST00000372257.7,ENSG00000117419,338,231,1245,1023.0,1.0089,5
ENST00000372431.8,ENSG00000100979,494,88,1570,1050.0,0.7085,5
ENST00000372447.7,ENSG00000136819,290,54,924,533.0,0.6126,1
ENST00000372458.8,ENSG00000066322,280,111,951,443.0,0.5274,4
ENST00000372480.1,ENSG00000148335,224,152,824,612.0,0.9107,3
ENST00000372524.5,ENSG00000165655,647,345,2286,2515.0,1.2957,1
ENST00000372538.8,ENSG00000165644,263,29,818,463.0,0.5868,5
ENST00000372546.9,ENSG00000167130,239,21,738,434.0,0.6053,5
ENST00000372548.9,ENSG00000147231,856,103,2671,2790.5,1.0866,1
ENST00000372577.2,ENSG00000095319,1750,21,5271,3124.0,0.595,1
ENST00000372616.1,ENSG00000171793,592,130,1906,2431.0,1.3688,2
ENST00000372622.8,ENSG00000101457,330,51,1041,863.0,0.8717,1
ENST00000372624.3,ENSG00000172465,160,127,607,512.0,1.0667,1
ENST00000372629.4,ENSG00000133142,359,239,1316,1713.5,1.591,3
ENST00000372635.1,ENSG00000166681,112,236,572,3117.5,9.2783,5
ENST00000372656.5,ENSG00000185222,105,188,503,1233.5,3.9159,5
ENST00000372688.9,ENSG00000119335,297,45,936,2358.5,2.647,5
ENST00000372691.3,ENSG00000102409,121,120,483,735.0,2.0248,2
ENST00000372728.4,ENSG00000133169,126,171,549,460.0,1.2169,2
ENST00000372759.4,ENSG00000084073,476,36,1464,2117.5,1.4828,2
ENST00000372792.7,ENSG00000131236,476,86,1514,2610.5,1.8281,3
ENST00000372813.4,ENSG00000025772,310,64,994,671.5,0.722,3
ENST00000372833.6,ENSG00000172586,119,28,385,429.5,1.2031,4
ENST00000372858.8,ENSG00000090621,661,839,2822,1698.0,0.8563,2
ENST00000372879.8,ENSG00000196683,126,12,390,1784.0,4.7196,5
ENST00000372890.6,ENSG00000167112,332,39,1035,1106.5,1.1109,4
ENST00000372921.10,ENSG00000138279,467,48,1449,1707.5,1.2188,5
ENST00000372945.8,ENSG00000182180,138,162,576,984.0,2.3768,2
ENST00000372950.6,ENSG00000213551,261,66,849,851.0,1.0868,5
ENST00000372967.3,ENSG00000168653,107,83,404,4804.5,14.9673,3
ENST00000372979.9,ENSG00000122882,645,156,2091,1114.5,0.576,5
ENST00000372994.2,ENSG00000171159,84,143,395,195.5,0.7758,4
ENST00000373014.5,ENSG00000183520,254,69,831,1497.0,1.9646,1
ENST00000373019.5,ENSG00000183431,502,57,1563,3166.5,2.1026,4
ENST00000373020.9,ENSG00000000003,246,112,850,2355.5,3.1917,5
ENST00000373042.5,ENSG00000197982,111,615,948,221.5,0.6652,1
ENST00000373044.3,ENSG00000196449,280,28,868,537.0,0.6393,4
ENST00000373062.8,ENSG00000134697,732,115,2311,1387.0,0.6316,3
ENST00000373075.6,ENSG00000163875,202,17,623,429.0,0.7079,1
ENST00000373116.6,ENSG00000116898,258,109,883,896.0,1.1576,1
ENST00000373173.7,ENSG00000155008,269,36,843,495.0,0.6134,3
ENST00000373212.6,ENSG00000131171,115,99,444,805.0,2.3333,4
ENST00000373218.5,ENSG00000148730,121,257,620,263.0,0.7245,1
ENST00000373232.8,ENSG00000180817,290,102,972,6602.0,7.5885,4
ENST00000373237.4,ENSG00000126067,202,94,700,4876.0,8.0462,2
ENST00000373238.5,ENSG00000079332,199,358,955,789.5,1.3224,3
ENST00000373255.9,ENSG00000099284,373,214,1333,1014.5,0.9066,4
ENST00000373316.5,ENSG00000102144,418,93,1347,11497.0,9.1683,4
ENST00000373337.4,ENSG00000243749,155,42,507,261.0,0.5613,1
ENST00000373358.8,ENSG00000102390,234,77,779,651.0,0.9274,3
ENST00000373365.5,ENSG00000124767,185,91,646,6911.0,12.4523,1
ENST00000373408.4,ENSG00000198937,98,30,324,476.5,1.6207,3
ENST00000373433.9,ENSG00000101413,327,202,1183,584.5,0.5958,5
ENST00000373477.9,ENSG00000134684,529,114,1701,7095.0,4.4707,3
ENST00000373493.10,ENSG00000162521,426,99,1377,7827.0,6.1244,2
ENST00000373548.8,ENSG00000116478,483,87,1536,3577.5,2.4689,3
ENST00000373605.7,ENSG00000101363,86,812,1070,202.5,0.7849,2
ENST00000373609.1,ENSG00000084652,547,281,1922,1459.0,0.8891,4
ENST00000373625.8,ENSG00000025800,537,75,1686,1018.5,0.6322,1
ENST00000373627.10,ENSG00000137409,390,23,1193,887.0,0.7581,2
ENST00000373699.6,ENSG00000137168,167,31,532,977.0,1.9501,2
ENST00000373703.5,ENSG00000162517,285,12,867,1853.5,2.1678,1
ENST00000373715.11,ENSG00000112081,165,122,617,3599.0,7.2707,3
ENST00000373741.8,ENSG00000134644,1225,206,3881,1927.5,0.5245,1
ENST00000373750.9,ENSG00000149636,357,117,1188,1165.5,1.0882,5
ENST00000373768.4,ENSG00000119421,173,102,621,1429.0,2.7534,1
ENST00000373795.7,ENSG00000116350,495,148,1633,1375.5,0.9263,2
ENST00000373803.6,ENSG00000101079,389,57,1224,1022.5,0.8762,3
ENST00000373812.8,ENSG00000198492,580,181,1921,2212.0,1.2713,3
ENST00000373825.7,ENSG00000096063,656,42,2010,1775.5,0.9022,5
ENST00000373830.4,ENSG00000180098,288,26,890,515.5,0.5966,5
ENST00000373831.7,ENSG00000180198,453,61,1420,1613.5,1.1873,1
ENST00000373840.9,ENSG00000119396,216,238,886,1021.0,1.5756,3
ENST00000373842.9,ENSG00000130772,209,207,834,340.0,0.5423,3
ENST00000373910.9,ENSG00000072401,148,196,640,288.5,0.6498,4
ENST00000373943.9,ENSG00000117758,277,89,920,646.0,0.7774,2
ENST00000373944.8,ENSG00000122952,278,23,857,1886.0,2.2614,1
ENST00000374017.3,ENSG00000124562,181,287,830,1806.5,3.3269,1
ENST00000374050.4,ENSG00000136888,119,70,427,1629.0,4.563,1
ENST00000374169.7,ENSG00000148229,148,89,533,694.0,1.5631,2
ENST00000374212.5,ENSG00000136868,191,170,743,515.0,0.8988,4
ENST00000374242.9,ENSG00000148153,105,187,502,180.0,0.5714,2
ENST00000374274.8,ENSG00000147164,163,28,517,675.5,1.3814,4
ENST00000374293.5,ENSG00000242616,69,30,237,586.0,2.8309,5
ENST00000374294.3,ENSG00000244115,154,22,484,347.5,0.7522,2
ENST00000374358.5,ENSG00000183726,158,136,610,970.5,2.0475,4
ENST00000374379.9,ENSG00000169504,254,107,869,1698.0,2.2283,5
ENST00000374436.7,ENSG00000242372,246,228,966,1713.0,2.3211,4
ENST00000374517.6,ENSG00000136810,106,72,390,7984.5,25.1085,5
ENST00000374561.6,ENSG00000117318,120,75,435,440.0,1.2222,3
ENST00000374606.10,ENSG00000204220,130,256,646,1196.5,3.0679,1
ENST00000374616.7,ENSG00000125944,637,109,2020,5233.0,2.7384,1
ENST00000374675.7,ENSG00000112473,470,117,1527,993.0,0.7043,5
ENST00000374692.8,ENSG00000095209,292,120,996,965.5,1.1022,1
ENST00000374767.5,ENSG00000136783,248,110,854,762.5,1.0249,4
ENST00000374811.8,ENSG00000001497,735,72,2277,1587.0,0.7197,3
ENST00000374846.3,ENSG00000125971,149,263,710,968.5,2.1667,4
ENST00000374865.5,ENSG00000136897,159,26,503,736.0,1.543,5
ENST00000374922.9,ENSG00000204272,69,111,318,236.0,1.1401,4
ENST00000374980.3,ENSG00000125977,334,133,1135,3894.0,3.8862,5
ENST00000375094.4,ENSG00000204308,181,107,650,570.0,1.0497,2
ENST00000375147.8,ENSG00000136937,791,61,2434,1526.0,0.6431,5
ENST00000375151.5,ENSG00000158526,192,18,594,536.0,0.9306,5
ENST00000375425.9,ENSG00000204356,388,169,1333,1052.0,0.9038,3
ENST00000375433.3,ENSG00000179051,523,47,1616,1844.5,1.1756,3
ENST00000375549.8,ENSG00000204370,160,35,515,887.5,1.849,2
ENST00000375571.6,ENSG00000101367,269,78,885,2633.0,3.2627,3
ENST00000375643.7,ENSG00000196305,1263,267,4056,9596.5,2.5327,1
ENST00000375650.5,ENSG00000204388,642,213,2139,2281.0,1.1843,4
ENST00000375651.7,ENSG00000204389,642,214,2140,1914.5,0.994,5
ENST00000375661.6,ENSG00000204392,96,209,497,612.5,2.1267,2
ENST00000375663.8,ENSG00000204394,1265,240,4035,2457.5,0.6476,5
ENST00000375695.2,ENSG00000179222,835,153,2658,4513.0,1.8016,5
ENST00000375749.8,ENSG00000101346,389,62,1229,773.5,0.6628,2
ENST00000375779.6,ENSG00000213719,242,140,866,2152.5,2.9649,3
ENST00000375859.4,ENSG00000106723,263,253,1042,457.5,0.5798,3
ENST00000375885.8,ENSG00000204435,235,212,917,3148.5,4.466,3
ENST00000376007.8,ENSG00000204469,2158,202,6676,4064.0,0.6277,2
ENST00000376263.8,ENSG00000165119,465,170,1565,12804.5,9.1789,2
ENST00000376335.8,ENSG00000043355,533,281,1880,981.5,0.6138,3
ENST00000376387.5,ENSG00000125304,664,135,2127,3831.5,1.9234,4
ENST00000376395.9,ENSG00000135018,590,279,2049,2299.0,1.2989,1
ENST00000376547.7,ENSG00000102572,444,146,1478,738.0,0.5541,2
ENST00000376560.8,ENSG00000204576,189,50,617,369.0,0.6508,2
ENST00000376561.7,ENSG00000085733,635,171,2076,1335.0,0.7008,4
ENST00000376588.4,ENSG00000135069,371,86,1199,9565.0,8.5939,2
ENST00000376630.5,ENSG00000204592,359,23,1100,614.0,0.5701,1
ENST00000376663.8,ENSG00000168283,327,617,1598,675.0,0.6881,4
ENST00000376736.6,ENSG00000135002,156,255,723,358.5,0.766,5
ENST00000376755.1,ENSG00000102317,158,229,703,6301.0,13.2932,5
ENST00000376772.8,ENSG00000204619,127,213,594,218.0,0.5722,1
ENST00000376836.8,ENSG00000148444,196,30,618,478.5,0.8138,3
ENST00000376854.6,ENSG00000135045,195,301,886,539.0,0.9214,1
ENST00000376901.9,ENSG00000174851,294,158,1040,949.0,1.076,1
ENST00000376925.8,ENSG00000101439,147,93,534,1545.0,3.5034,1
ENST00000376957.7,ENSG00000116649,303,75,984,898.0,0.9879,2
ENST00000377038.8,ENSG00000160049,332,71,1067,858.5,0.8619,1
ENST00000377191.5,ENSG00000088930,951,68,2921,2636.5,0.9241,2
ENST00000377199.4,ENSG00000204713,514,353,1895,954.5,0.619,5
ENST00000377275.4,ENSG00000165997,180,207,747,520.0,0.963,3
ENST00000377348.6,ENSG00000160948,234,109,811,508.0,0.7236,3
ENST00000377391.8,ENSG00000215126,396,59,1247,681.0,0.5732,1
ENST00000377401.4,ENSG00000185130,127,23,404,6807.5,17.8675,5
ENST00000377453.9,ENSG00000102805,359,18,1095,885.0,0.8217,4
ENST00000377459.3,ENSG00000274997,129,23,410,14971.0,38.6848,4
ENST00000377474.4,ENSG00000178695,326,257,1235,1248.5,1.2766,3
ENST00000377526.4,ENSG00000115307,411,77,1310,892.5,0.7238,2
ENST00000377575.3,ENSG00000182952,91,216,489,329.5,1.207,1
ENST00000377619.9,ENSG00000188243,101,138,441,685.5,2.2624,4
ENST00000377673.10,ENSG00000204856,274,31,853,931.0,1.1326,1
ENST00000377698.4,ENSG00000137124,518,115,1669,899.0,0.5785,3
ENST00000377710.10,ENSG00000125871,345,183,1218,666.5,0.644,5
ENST00000377727.2,ENSG00000158406,104,35,347,1438.5,4.6106,1
ENST00000377733.4,ENSG00000278588,127,45,426,964.5,2.5315,2
ENST00000377745.5,ENSG00000278705,104,31,343,1821.5,5.8381,4
ENST00000377759.9,ENSG00000089006,405,369,1584,2012.5,1.6564,5
ENST00000377767.9,ENSG00000083520,959,68,2945,3458.5,1.2021,1
ENST00000377791.4,ENSG00000180573,131,61,454,12574.0,31.9949,4
ENST00000377792.3,ENSG00000137054,482,288,1734,853.5,0.5902,4
ENST00000377803.4,ENSG00000197061,104,15,327,15427.0,49.4455,1
ENST00000377818.4,ENSG00000204899,83,27,276,1110.0,4.4578,2
ENST00000377819.10,ENSG00000133318,1033,137,3236,2093.5,0.6755,1
ENST00000377891.6,ENSG00000168003,632,159,2055,4887.5,2.5778,4
ENST00000377953.4,ENSG00000204922,94,73,355,167.5,0.594,5
ENST00000377982.8,ENSG00000138071,400,73,1273,4548.0,3.79,4
ENST00000378026.5,ENSG00000136026,603,169,1978,1391.0,0.7689,3
ENST00000378037.9,ENSG00000136108,684,90,2142,3341.0,1.6282,2
ENST00000378045.5,ENSG00000069509,156,27,495,374.0,0.7991,5
ENST00000378090.9,ENSG00000204954,72,157,373,185.0,0.8565,4
ENST00000378198.9,ENSG00000111802,363,37,1126,764.5,0.702,5
ENST00000378364.8,ENSG00000198931,181,29,572,2504.5,4.6123,3
ENST00000378372.8,ENSG00000187522,510,97,1627,867.5,0.567,5
ENST00000378444.9,ENSG00000183337,1756,784,6052,3646.5,0.6922,5
ENST00000378509.9,ENSG00000205060,332,179,1175,737.0,0.74,2
ENST00000378609.9,ENSG00000078369,341,363,1386,1375.5,1.3446,2
ENST00000378665.1,ENSG00000164405,83,236,485,2325.0,9.3373,4
ENST00000378700.8,ENSG00000172201,162,385,871,602.5,1.2397,1
ENST00000378720.8,ENSG00000139684,283,112,961,3408.5,4.0147,4
ENST00000378937.7,ENSG00000165609,233,94,793,1653.5,2.3655,1
ENST00000378954.9,ENSG00000119787,584,13,1765,1355.5,0.7737,4
ENST00000379095.5,ENSG00000182768,292,41,917,550.0,0.6279,1
ENST00000379143.10,ENSG00000132646,262,160,946,5508.0,7.0076,2
ENST00000379226.9,ENSG00000184831,199,236,833,300.5,0.5034,3
ENST00000379341.9,ENSG00000123131,272,78,894,5433.0,6.6581,2
ENST00000379380.9,ENSG00000186687,105,77,392,399.5,1.2683,3
ENST00000379412.9,ENSG00000134333,362,270,1356,7369.5,6.7859,5
ENST00000379440.9,ENSG00000171867,254,67,829,476.5,0.6253,5
ENST00000379454.9,ENSG00000198363,759,221,2498,1398.5,0.6142,2
ENST00000379484.10,ENSG00000012174,520,118,1678,811.5,0.5202,2
ENST00000379516.7,ENSG00000205302,520,24,1584,2169.0,1.3904,3
ENST00000379568.4,ENSG00000111845,393,14,1193,614.5,0.5212,4
ENST00000379638.9,ENSG00000129625,190,37,607,1247.5,2.1886,3
ENST00000379649.5,ENSG00000120686,104,187,499,320.0,1.0256,2
ENST00000379663.7,ENSG00000123737,457,105,1476,1056.5,0.7706,1
ENST00000379715.10,ENSG00000124802,175,27,552,748.5,1.4257,2
ENST00000379719.8,ENSG00000205339,1039,112,3229,5132.0,1.6465,3
ENST00000379757.9,ENSG00000239264,433,12,1311,2668.5,2.0543,4
ENST00000379834.7,ENSG00000124784,569,195,1902,949.5,0.5562,4
ENST00000379847.8,ENSG00000165264,129,99,486,3513.5,9.0788,4
ENST00000380041.8,ENSG00000047634,330,304,1294,1012.5,1.0227,2
ENST00000380071.8,ENSG00000133119,357,30,1101,2038.0,1.9029,1
ENST00000380084.8,ENSG00000102054,470,245,1655,6647.5,4.7145,5
ENST00000380113.8,ENSG00000125877,195,54,639,835.0,1.4274,1
ENST00000380118.8,ENSG00000198721,395,15,1200,1133.0,0.9561,5
ENST00000380155.4,ENSG00000169895,353,113,1172,1713.5,1.618,5
ENST00000380171.9,ENSG00000138085,230,328,1018,1129.0,1.6362,4
ENST00000380191.9,ENSG00000057608,446,176,1514,3934.5,2.9406,4
ENST00000380325.4,ENSG00000125901,206,17,635,1070.0,1.7314,4
ENST00000380394.9,ENSG00000137154,250,41,791,15211.5,20.282,5
ENST00000380420.10,ENSG00000087842,291,196,1069,443.5,0.508,5
ENST00000380525.9,ENSG00000110619,832,56,2552,1734.5,0.6949,3
ENST00000380527.3,ENSG00000155876,314,233,1175,918.5,0.9751,1
ENST00000380591.8,ENSG00000145741,207,226,847,5687.5,9.1586,4
ENST00000380629.7,ENSG00000104765,220,77,737,396.0,0.6,4
ENST00000380633.1,ENSG00000205542,45,90,225,435.5,3.2259,4
ENST00000380707.9,ENSG00000172062,295,17,902,1830.0,2.0678,4
ENST00000380733.9,ENSG00000164985,531,295,1888,3236.0,2.0314,5
ENST00000380743.9,ENSG00000205571,295,17,902,1827.5,2.065,2
ENST00000380747.5,ENSG00000205581,117,125,476,881.0,2.51,1
ENST00000380752.10,ENSG00000139514,630,387,2277,3783.5,2.0019,4
ENST00000380821.8,ENSG00000164975,412,4,1240,625.0,0.5057,3
ENST00000380822.9,ENSG00000085231,173,30,549,935.0,1.8015,3
ENST00000380876.5,ENSG00000205609,915,85,2830,12700.5,4.6268,1
ENST00000381192.10,ENSG00000002586,186,66,624,1368.5,2.4525,3
ENST00000381334.10,ENSG00000134851,325,233,1208,948.5,0.9728,4
ENST00000381344.8,ENSG00000067064,285,116,971,1526.5,1.7854,3
ENST00000381346.9,ENSG00000072042,319,61,1018,1401.0,1.4639,4
ENST00000381356.9,ENSG00000205707,91,138,411,195.0,0.7143,2
ENST00000381401.11,ENSG00000169100,299,104,1001,4577.5,5.1031,2
ENST00000381431.10,ENSG00000163069,319,40,997,625.0,0.6531,2
ENST00000381474.7,ENSG00000185164,1268,66,3870,5776.0,1.5184,1
ENST00000381554.8,ENSG00000205758,350,67,1117,551.5,0.5252,3
ENST00000381571.6,ENSG00000169019,184,51,603,291.5,0.5281,4
ENST00000381733.9,ENSG00000104763,412,197,1433,862.0,0.6974,5
ENST00000381736.8,ENSG00000139496,600,149,1949,982.0,0.5456,2
ENST00000381809.8,ENSG00000147853,228,115,799,386.0,0.5643,4
ENST00000381815.9,ENSG00000159131,1011,94,3127,5957.0,1.9641,1
ENST00000382247.6,ENSG00000163257,217,1060,1711,436.5,0.6705,4
ENST00000382285.7,ENSG00000125841,205,232,847,351.5,0.5715,3
ENST00000382361.8,ENSG00000075618,494,121,1603,1441.0,0.9723,5
ENST00000382374.9,ENSG00000165487,435,22,1327,953.0,0.7303,2
ENST00000382405.8,ENSG00000147996,396,49,1237,626.0,0.5269,5
ENST00000382533.9,ENSG00000150459,173,434,953,1653.5,3.1859,4
ENST00000382564.8,ENSG00000205981,117,134,485,350.0,0.9972,5
ENST00000382708.7,ENSG00000092010,251,63,816,687.5,0.913,1
ENST00000382985.8,ENSG00000165792,479,23,1460,790.5,0.5501,2
ENST00000383329.7,ENSG00000204525,373,15,1134,1076.0,0.9616,2
ENST00000383463.9,ENSG00000183624,355,59,1124,814.0,0.7643,2
ENST00000383657.10,ENSG00000206527,255,26,791,924.0,1.2078,2
ENST00000383678.8,ENSG00000163607,285,16,871,460.0,0.538,1
ENST00000383801.6,ENSG00000157020,369,72,1179,1672.0,1.5104,2
ENST00000383820.10,ENSG00000156990,344,18,1050,1221.0,1.1831,5
ENST00000388711.7,ENSG00000135052,402,146,1352,1292.0,1.0713,5
ENST00000388752.8,ENSG00000112651,306,53,971,1169.5,1.274,5
ENST00000388857.8,ENSG00000211450,123,24,393,352.5,0.9553,5
ENST00000389061.10,ENSG00000211456,588,70,1834,1110.0,0.6293,2
ENST00000389063.3,ENSG00000172795,421,136,1399,814.0,0.6445,4
ENST00000389682.8,ENSG00000211460,229,129,816,1816.0,2.6434,2
ENST00000389704.4,ENSG00000120699,277,20,851,1502.0,1.8075,5
ENST00000389805.9,ENSG00000161011,441,32,1355,1000.5,0.7562,4
ENST00000389912.7,ENSG00000133983,107,96,417,795.5,2.4782,5
ENST00000389915.4,ENSG00000152102,196,258,846,728.0,1.2381,2
ENST00000389924.7,ENSG00000198231,939,223,3040,1692.5,0.6008,2
ENST00000390658.4,ENSG00000176396,237,82,793,396.0,0.557,3
ENST00000391842.6,ENSG00000104960,417,170,1421,1674.5,1.3385,5
ENST00000391857.9,ENSG00000142541,204,22,634,425.0,0.6944,4
ENST00000392006.8,ENSG00000105323,857,132,2703,2716.0,1.0564,5
ENST00000392061.6,ENSG00000218739,81,14,257,734.5,3.0226,3
ENST00000392132.7,ENSG00000079246,733,89,2288,10720.0,4.8749,4
ENST00000392201.1,ENSG00000126267,87,95,356,3381.0,12.954,5
ENST00000392336.7,ENSG00000105676,502,107,1613,773.5,0.5136,3
ENST00000392367.4,ENSG00000132341,234,41,743,16813.5,23.9509,3
ENST00000392415.6,ENSG00000170035,208,187,811,617.0,0.9888,1
ENST00000392539.4,ENSG00000128714,344,170,1202,803.0,0.7781,2
ENST00000392687.4,ENSG00000172292,393,200,1379,607.0,0.5148,1
ENST00000392692.8,ENSG00000114346,915,154,2899,1869.5,0.6811,1
ENST00000392708.9,ENSG00000134910,706,102,2220,4048.5,1.9115,4
ENST00000392750.7,ENSG00000114209,213,484,1123,639.5,1.0008,1
ENST00000392872.8,ENSG00000139372,411,166,1399,1135.5,0.9209,4
ENST00000392948.5,ENSG00000273213,137,11,422,2284.0,5.5572,1
ENST00000393085.4,ENSG00000105887,119,259,616,1810.0,5.07,4
ENST00000393190.4,ENSG00000243678,153,267,726,13613.5,29.659,3
ENST00000393227.6,ENSG00000108848,490,134,1604,1707.0,1.1612,1
ENST00000393263.7,ENSG00000187109,392,120,1296,9490.0,8.0697,4
ENST00000393346.8,ENSG00000073921,653,304,2263,1113.0,0.5681,3
ENST00000393399.6,ENSG00000137509,518,28,1582,1227.5,0.7899,4
ENST00000393600.8,ENSG00000071859,340,95,1115,1303.5,1.2779,2
ENST00000393733.6,ENSG00000105364,358,27,1101,909.0,0.8464,2
ENST00000393801.7,ENSG00000110075,880,215,2855,1791.5,0.6786,5
ENST00000393868.7,ENSG00000163541,347,11,1052,1826.5,1.7546,2
ENST00000393892.8,ENSG00000173786,422,90,1356,1090.5,0.8614,1
ENST00000393909.7,ENSG00000115364,293,25,904,1244.5,1.4158,3
ENST00000393915.9,ENSG00000072571,726,61,2239,1516.5,0.6963,3
ENST00000394053.7,ENSG00000065911,351,27,1080,5624.0,5.3409,2
ENST00000394077.8,ENSG00000114391,158,42,516,15201.0,32.0696,5
ENST00000394126.5,ENSG00000008838,1015,419,3464,1597.5,0.5246,4
ENST00000394140.9,ENSG00000114021,277,35,866,772.0,0.929,2
ENST00000394155.8,ENSG00000022267,324,196,1168,1396.5,1.4367,3
ENST00000394181.6,ENSG00000080822,277,163,994,683.5,0.8225,5
ENST00000394223.2,ENSG00000109390,77,283,514,1046.5,4.5303,3
ENST00000394249.8,ENSG00000198901,621,118,1981,1828.0,0.9812,4
ENST00000394272.8,ENSG00000184508,180,9,549,375.0,0.6944,1
ENST00000394275.7,ENSG00000140553.18,930,835,3625,1411.0,0.5057,
ENST00000394299.7,ENSG00000147257,604,145,1957,1099.0,0.6065,5
ENST00000394305.5,ENSG00000169599.13,114,583,925,284.0,0.8304,
ENST00000394332.5,ENSG00000125691,141,12,435,11264.5,26.63,2
ENST00000394366.6,ENSG00000100650,273,307,1126,3302.5,4.0324,5
ENST00000394391.9,ENSG00000005194,313,99,1038,1100.0,1.1715,3
ENST00000394434.7,ENSG00000133706,1177,157,3688,3820.5,1.082,3
ENST00000394440.8,ENSG00000115484,540,149,1769,12066.5,7.4485,4
ENST00000394456.10,ENSG00000125651,518,169,1723,1212.5,0.7802,1
ENST00000394552.4,ENSG00000101898,182,125,671,1024.0,1.8755,4
ENST00000394642.7,ENSG00000006042,227,382,1063,525.5,0.7717,5
ENST00000394665.5,ENSG00000109475,118,132,486,10565.5,29.846,1
ENST00000394800.6,ENSG00000015479,896,549,3237,8649.5,3.2178,3
ENST00000394886.7,ENSG00000094880,598,11,1805,1495.0,0.8333,1
ENST00000394936.8,ENSG00000197746,525,30,1605,4909.0,3.1168,3
ENST00000394938.8,ENSG00000198242,195,48,633,440.0,0.7521,5
ENST00000394963.9,ENSG00000066117,516,28,1576,1196.5,0.7729,3
ENST00000394975.3,ENSG00000167397,164,68,560,520.0,1.0569,3
ENST00000395159.7,ENSG00000100575,90,443,713,383.0,1.4185,1
ENST00000395284.8,ENSG00000170312,298,118,1012,3523.5,3.9413,3
ENST00000395287.5,ENSG00000204256,837,169,2680,1711.0,0.6814,3
ENST00000395314.8,ENSG00000126777,1358,178,4252,2511.0,0.6163,2
ENST00000395326.8,ENSG00000241258,149,116,563,257.0,0.5749,2
ENST00000395384.9,ENSG00000103485,298,18,912,693.0,0.7752,3
ENST00000395422.4,ENSG00000106153,152,63,519,4324.5,9.4836,3
ENST00000395468.9,ENSG00000168175,246,161,899,535.5,0.7256,4
ENST00000395474.7,ENSG00000178252,1152,280,3736,2260.0,0.6539,4
ENST00000395547.6,ENSG00000168488,1098,167,3461,2674.5,0.8119,4
ENST00000395568.6,ENSG00000134283,459,84,1461,778.0,0.565,1
ENST00000395686.8,ENSG00000197930,469,77,1484,1242.0,0.8827,1
ENST00000395694.7,ENSG00000164051,412,140,1376,717.0,0.5801,5
ENST00000395787.4,ENSG00000149089,243,95,824,617.0,0.8464,2
ENST00000395862.7,ENSG00000155097,383,159,1308,795.5,0.6923,1
ENST00000395878.8,ENSG00000103353,310,16,946,572.5,0.6156,4
ENST00000396049.5,ENSG00000114978,217,205,856,1117.0,1.7158,5
ENST00000396060.7,ENSG00000140307,110,159,489,468.0,1.4182,4
ENST00000396172.6,ENSG00000198563,429,186,1473,6204.0,4.8205,5
ENST00000396512.3,ENSG00000100412,806,17,2435,1715.5,0.7095,4
ENST00000396651.8,ENSG00000142937,209,57,684,26035.5,41.5239,2
ENST00000396667.7,ENSG00000106460,275,322,1147,1043.5,1.2648,3
ENST00000396703.6,ENSG00000182247,202,146,752,331.5,0.547,2
ENST00000396779.7,ENSG00000126768,223,149,818,1103.0,1.6487,3
ENST00000396821.8,ENSG00000100201,732,100,2296,3453.5,1.5726,1
ENST00000396954.8,ENSG00000164172,189,676,1243,332.0,0.5855,3
ENST00000396981.7,ENSG00000132388,171,359,872,739.5,1.4415,4
ENST00000397119.8,ENSG00000077380,639,168,2085,1586.0,0.8273,3
ENST00000397149.4,ENSG00000122692,514,66,1608,2404.5,1.5593,1
ENST00000397297.7,ENSG00000214026,192,31,607,1030.0,1.7882,2
ENST00000397456.2,ENSG00000265818,152,9,465,638.5,1.4002,4
ENST00000397457.7,ENSG00000188428,188,13,577,297.0,0.5266,5
ENST00000397609.6,ENSG00000171262,434,35,1337,861.0,0.6613,5
ENST00000397622.7,ENSG00000146842,562,31,1717,1419.0,0.8416,1
ENST00000397666.6,ENSG00000130731,206,12,630,503.5,0.8147,1
ENST00000397764.8,ENSG00000214194,60,150,330,298.0,1.6556,4
ENST00000397871.5,ENSG00000100296,684,219,2271,1240.0,0.6043,4
ENST00000398092.4,ENSG00000272822,211,149,782,884.0,1.3965,1
ENST00000398136.7,ENSG00000152558,209,142,769,1406.5,2.2432,1
ENST00000398153.7,ENSG00000111906,205,35,650,1212.5,1.9715,4
ENST00000398174.9,ENSG00000101294,427,110,1391,2013.5,1.5718,4
ENST00000398226.7,ENSG00000131871,190,33,603,707.0,1.2404,1
ENST00000398235.6,ENSG00000168802,122,93,459,220.0,0.6011,2
ENST00000398333.7,ENSG00000250021,395,47,1232,896.5,0.7565,2
ENST00000398491.6,ENSG00000101911,322,92,1058,1120.5,1.1599,5
ENST00000398519.9,ENSG00000141551,428,47,1331,982.5,0.7652,3
ENST00000398606.10,ENSG00000084207,211,32,665,4384.0,6.9258,5
ENST00000398733.8,ENSG00000131508,148,453,897,1208.5,2.7218,4
ENST00000398805.8,ENSG00000119471,419,56,1313,1119.0,0.8902,2
ENST00000398881.4,ENSG00000214736,75,4,229,2254.0,10.0178,5
ENST00000399050.10,ENSG00000198561,969,531,3438,1554.0,0.5346,5
ENST00000399312.3,ENSG00000243927,126,123,501,496.5,1.3135,4
ENST00000399395.8,ENSG00000100445,294,7,889,520.0,0.5896,5
ENST00000399562.9,ENSG00000242259,106,23,341,188.0,0.5912,3
ENST00000399599.7,ENSG00000089486,209,549,1176,409.5,0.6531,1
ENST00000399688.7,ENSG00000128050,433,175,1474,5733.5,4.4138,3
ENST00000399892.7,ENSG00000085415,422,111,1377,707.0,0.5585,3
ENST00000400099.5,ENSG00000154723,120,46,406,2094.5,5.8181,5
ENST00000400206.7,ENSG00000283900,417,466,1717,1758.0,1.4053,5
ENST00000400299.6,ENSG00000198832,146,63,501,290.5,0.6632,5
ENST00000400788.9,ENSG00000215712,142,20,446,371.0,0.8709,4
ENST00000400889.3,ENSG00000215784,150,874,1324,316.0,0.7022,3
ENST00000401558.7,ENSG00000082898,1072,801,4017,5252.5,1.6332,3
ENST00000401675.7,ENSG00000250479,150,68,518,2034.0,4.52,4
ENST00000401811.3,ENSG00000175768,99,72,369,655.5,2.2071,2
ENST00000401979.6,ENSG00000153310,325,377,1352,1073.0,1.1005,4
ENST00000402252.6,ENSG00000183010,347,26,1067,2242.5,2.1542,3
ENST00000402673.7,ENSG00000152700,199,119,716,683.0,1.1441,4
ENST00000402744.9,ENSG00000109472,477,214,1645,985.0,0.6883,3
ENST00000403564.5,ENSG00000171863,195,142,727,9854.5,16.8453,2
ENST00000403683.2,ENSG00000203852,137,47,458,26558.5,64.6192,5
ENST00000403734.2,ENSG00000234857,747,228,2469,1393.5,0.6218,4
ENST00000403766.8,ENSG00000134882,345,55,1090,560.5,0.5415,5
ENST00000404147.3,ENSG00000146670,308,69,993,521.0,0.5639,4
ENST00000404371.6,ENSG00000143870,493,338,1817,5578.0,3.7715,1
ENST00000404914.8,ENSG00000168397,394,22,1204,653.5,0.5529,5
ENST00000404933.7,ENSG00000102172,367,116,1217,1395.0,1.267,3
ENST00000405356.5,ENSG00000166197,710,235,2365,4220.0,1.9812,4
ENST00000405578.8,ENSG00000129197,232,11,707,759.5,1.0912,5
ENST00000405941.3,ENSG00000151353,144,65,497,318.0,0.7361,2
ENST00000405983.5,ENSG00000115204,192,17,593,509.0,0.8837,2
ENST00000406334.3,ENSG00000273398,332,219,1215,953.5,0.9573,5
ENST00000406452.8,ENSG00000176623,315,66,1011,679.0,0.7185,2
ENST00000406925.6,ENSG00000242028,122,4135,4501,717.5,1.9604,5
ENST00000407418.8,ENSG00000183741,413,26,1265,702.5,0.567,5
ENST00000407426.8,ENSG00000163811,678,32,2066,1958.0,0.9626,4
ENST00000407439.7,ENSG00000020922,712,289,2425,1383.5,0.6477,5
ENST00000407627.7,ENSG00000066044,327,163,1144,2559.0,2.6086,4
ENST00000407818.8,ENSG00000068796,745,267,2502,1315.0,0.5884,5
ENST00000407936.5,ENSG00000100142,159,91,568,712.0,1.4927,2
ENST00000408888.8,ENSG00000188739,431,24,1317,1057.0,0.8175,2
ENST00000409015.5,ENSG00000152291,455,62,1427,834.0,0.611,4
ENST00000409038.5,ENSG00000071082,131,23,416,4314.5,10.9784,5
ENST00000409116.5,ENSG00000124380,159,26,503,408.0,0.8553,2
ENST00000409170.3,ENSG00000257529,119,32,389,5266.0,14.7507,2
ENST00000409248.10,ENSG00000243449,96,99,387,327.5,1.1372,1
ENST00000409255.1,ENSG00000152082,219,26,683,1482.0,2.2557,2
ENST00000409339.3,ENSG00000146918,1157,114,3585,2184.0,0.6292,3
ENST00000409347.5,ENSG00000115446,277,234,1065,554.0,0.6667,5
ENST00000409368.5,ENSG00000116030,147,143,584,1211.5,2.7472,5
ENST00000409433.2,ENSG00000141378,181,1572,2115,523.0,0.9632,2
ENST00000409546.5,ENSG00000138430,417,631,1882,3091.0,2.4708,1
ENST00000409563.5,ENSG00000143933,197,142,733,5162.0,8.7343,4
ENST00000409602.2,ENSG00000222038,1039,93,3210,1996.0,0.6404,4
ENST00000409682.8,ENSG00000115233,311,317,1250,2141.0,2.2947,1
ENST00000409752.5,ENSG00000221823,190,122,692,1136.5,1.9939,2
ENST00000409784.8,ENSG00000138069,206,191,809,1418.5,2.2953,5
ENST00000409914.7,ENSG00000196604,1076,400,3628,2254.5,0.6984,2
ENST00000409960.6,ENSG00000140264,171,47,560,1822.0,3.5517,1
ENST00000409980.5,ENSG00000106052,814,135,2577,1737.0,0.7113,3
ENST00000410022.7,ENSG00000169599,255,13,778,610.0,0.7974,1
ENST00000410042.1,ENSG00000273155,132,207,603,865.5,2.1856,3
ENST00000410080.8,ENSG00000196504,995,350,3335,2894.5,0.9697,2
ENST00000410097.5,ENSG00000138382,245,136,871,534.0,0.7265,2
ENST00000410111.8,ENSG00000132305,759,80,2357,3186.5,1.3994,4
ENST00000411646.2,ENSG00000232388,96,47,335,925.0,3.2118,2
ENST00000411651.6,ENSG00000184900,142,161,587,501.0,1.1761,1
ENST00000411763.6,ENSG00000161203,461,148,1531,2118.5,1.5318,5
ENST00000412278.2,ENSG00000248643,340,95,1115,889.5,0.8721,5
ENST00000412331.6,ENSG00000100129,608,453,2277,3415.5,1.8725,4
ENST00000412585.7,ENSG00000234745,363,21,1110,684.5,0.6286,1
ENST00000412830.8,ENSG00000136045,502,101,1607,1561.0,1.0365,5
ENST00000412916.7,ENSG00000067955,188,259,823,365.5,0.648,2
ENST00000413453.7,ENSG00000223572,418,192,1446,2010.0,1.6029,5
ENST00000413966.2,ENSG00000155660,695,115,2200,5676.0,2.7223,3
ENST00000414183.6,ENSG00000182944,662,21,2007,6834.5,3.4413,3
ENST00000414423.9,ENSG00000162923,762,392,2678,1174.0,0.5136,3
ENST00000414487.7,ENSG00000182004,93,61,340,4778.0,17.1255,4
ENST00000414651.3,ENSG00000115286,237,5,716,758.5,1.0668,4
ENST00000414835.7,ENSG00000133835,762,257,2543,2308.5,1.0098,3
ENST00000415083.7,ENSG00000141380,419,44,1301,1189.0,0.9459,1
ENST00000415136.6,ENSG00000244038,457,143,1514,3410.0,2.4872,5
ENST00000415380.6,ENSG00000073060,553,126,1785,831.0,0.5009,1
ENST00000415585.7,ENSG00000101811,598,26,1820,1503.5,0.8381,4
ENST00000415930.8,ENSG00000105220,598,170,1964,6156.5,3.4317,2
ENST00000416007.9,ENSG00000151332,345,49,1084,604.0,0.5836,5
ENST00000416240.6,ENSG00000004864,677,191,2222,1447.5,0.7127,5
ENST00000416247.4,ENSG00000224531,92,480,756,220.5,0.7989,1
ENST00000417201.4,ENSG00000119446,191,142,715,288.5,0.5035,3
ENST00000417647.7,ENSG00000113141,558,80,1754,1307.0,0.7808,4
ENST00000417775.5,ENSG00000116791.14,330,505,1495,615.0,0.6212,
ENST00000418115.6,ENSG00000067560,194,159,741,7021.5,12.0644,5
ENST00000418265.1,ENSG00000261796,332,61,1057,670.0,0.6727,5
ENST00000418389.6,ENSG00000174886,229,78,765,1589.0,2.313,3
ENST00000418458.6,ENSG00000163938,550,61,1711,3279.5,1.9876,4
ENST00000418476.2,ENSG00000140553,945,40,2875,1437.5,0.5071,1
ENST00000418988.2,ENSG00000129084,270,328,1138,4111.0,5.0753,2
ENST00000419165.5,ENSG00000158427,46,1117,1255,290.5,2.1051,4
ENST00000419343.7,ENSG00000105185,130,61,451,954.5,2.4474,3
ENST00000419783.3,ENSG00000233276,204,75,687,627.5,1.0253,5
ENST00000420463.7,ENSG00000063046,617,28,1879,3560.5,1.9236,2
ENST00000420743.6,ENSG00000092199,307,521,1442,7926.5,8.6064,3
ENST00000420826.7,ENSG00000188612,96,125,413,2856.5,9.9184,5
ENST00000420959.6,ENSG00000110880,528,49,1633,1124.0,0.7096,5
ENST00000421138.6,ENSG00000004700,650,230,2180,1310.5,0.6721,5
ENST00000421351.4,ENSG00000112378,194,79,661,1017.0,1.7474,3
ENST00000421641.2,ENSG00000162613,688,106,2170,3418.5,1.6562,3
ENST00000421967.5,ENSG00000172113,195,46,631,407.5,0.6966,3
ENST00000421999.8,ENSG00000184220,280,118,958,1091.0,1.2988,5
ENST00000422318.7,ENSG00000168268,558,120,1794,1794.0,1.0717,3
ENST00000422424.7,ENSG00000166595,164,38,530,820.5,1.6677,3
ENST00000422782.2,ENSG00000168288,331,167,1160,1758.0,1.7704,2
ENST00000423485.6,ENSG00000131747,1532,105,4701,9198.0,2.0013,5
ENST00000423505.6,ENSG00000131828,429,111,1398,2921.5,2.27,2
ENST00000423516.5,ENSG00000163931,632,80,1976,7020.5,3.7028,5
ENST00000423691.2,ENSG00000070087,189,66,633,1341.5,2.366,4
ENST00000423828.5,ENSG00000139644,296,328,1216,5574.0,6.277,3
ENST00000424014.7,ENSG00000111361,306,129,1047,1311.5,1.4286,2
ENST00000424491.5,ENSG00000241962,192,636,1212,1158.5,2.0113,2
ENST00000424785.7,ENSG00000079150,223,101,770,348.5,0.5209,5
ENST00000425248.5,ENSG00000158623,872,80,2696,1369.5,0.5235,5
ENST00000425847.6,ENSG00000114686,376,162,1290,2820.5,2.5004,5
ENST00000426263.10,ENSG00000117394,493,217,1696,765.5,0.5176,5
ENST00000426333.7,ENSG00000108883,973,81,3000,4351.5,1.4908,2
ENST00000426559.6,ENSG00000117632,175,140,665,3571.0,6.8019,5
ENST00000426595.1,ENSG00000249773,226,993,1671,407.5,0.601,1
ENST00000426837.6,ENSG00000047849,2298,88,6982,3598.5,0.522,2
ENST00000427159.7,ENSG00000108592,848,638,3182,1756.5,0.6904,4
ENST00000427383.6,ENSG00000149554,493,35,1514,1059.5,0.7164,3
ENST00000427805.6,ENSG00000241343,143,112,541,5314.0,12.3869,3
ENST00000428040.6,ENSG00000241370,178,13,547,415.0,0.7772,2
ENST00000428459.6,ENSG00000186010,151,9,462,2746.0,6.0618,4
ENST00000429001.7,ENSG00000161813,731,154,2347,1243.5,0.567,5
ENST00000429182.6,ENSG00000178035,539,76,1693,6819.5,4.2174,1
ENST00000429360.6,ENSG00000128309,318,95,1049,647.0,0.6782,2
ENST00000429568.1,ENSG00000163882,176,59,587,1111.0,2.1042,1
ENST00000429709.7,ENSG00000136518,430,167,1457,1040.0,0.8062,1
ENST00000429772.7,ENSG00000134291,251,137,890,493.0,0.6547,5
ENST00000429985.1,ENSG00000228474,38,187,301,634.5,5.5658,2
ENST00000430157.6,ENSG00000221983,129,94,481,3929.5,10.1537,1
ENST00000430430.5,ENSG00000205189,872,779,3395,1374.5,0.5254,5
ENST00000430524.6,ENSG00000099901,279,81,918,7109.0,8.4934,4
ENST00000430566.6,ENSG00000035141,246,56,794,486.5,0.6592,2
ENST00000431206.6,ENSG00000185627,379,73,1210,1641.5,1.4437,3
ENST00000431381.5,ENSG00000125931,220,198,858,1554.5,2.3553,1
ENST00000431388.3,ENSG00000224877,75,46,271,422.0,1.8756,1
ENST00000431635.6,ENSG00000117395,362,149,1235,2094.0,1.9282,5
ENST00000432641.3,ENSG00000196636,126,26,404,390.0,1.0317,1
ENST00000432648.8,ENSG00000174574,193,105,684,585.0,1.0104,5
ENST00000432920.2,ENSG00000255835,360,168,1248,1369.5,1.2681,1
ENST00000433034.1,ENSG00000241553,188,5,569,1063.5,1.8856,2
ENST00000433351.7,ENSG00000116005,506,28,1546,998.5,0.6578,1
ENST00000433529.7,ENSG00000116001,387,198,1359,712.5,0.6137,3
ENST00000433627.9,ENSG00000257103,464,75,1467,1288.0,0.9253,3
ENST00000433834.5,ENSG00000077549,302,385,1291,1466.5,1.6187,2
ENST00000433866.7,ENSG00000230989,77,99,330,1626.5,7.0411,5
ENST00000433985.7,ENSG00000100360,187,412,973,410.5,0.7317,4
ENST00000434013.6,ENSG00000119655,202,33,639,747.0,1.2327,4
ENST00000434476.6,ENSG00000136193,435,49,1354,673.5,0.5161,2
ENST00000434715.7,ENSG00000175203,407,78,1299,2230.5,1.8268,1
ENST00000434724.7,ENSG00000103342,638,236,2150,3149.0,1.6452,1
ENST00000435456.7,ENSG00000100372,308,98,1022,561.0,0.6071,1
ENST00000435506.7,ENSG00000141698,301,39,942,650.5,0.7204,4
ENST00000435634.3,ENSG00000223496,273,40,859,461.5,0.5635,4
ENST00000436063.7,ENSG00000067334,757,58,2329,1521.0,0.6697,1
ENST00000437150.7,ENSG00000115271,218,117,771,422.5,0.646,5
ENST00000437652.6,ENSG00000143569,1098,131,3425,2810.5,0.8532,1
ENST00000437685.6,ENSG00000093009,599,143,1940,1956.0,1.0885,1
ENST00000438146.7,ENSG00000100320,452,399,1755,749.5,0.5527,3
ENST00000438213.6,ENSG00000117984,452,68,1424,2472.0,1.823,2
ENST00000438419.6,ENSG00000113597,419,27,1284,642.0,0.5107,5
ENST00000438552.6,ENSG00000125835,241,163,886,10395.0,14.3776,4
ENST00000438607.2,ENSG00000232112,65,40,235,396.0,2.0308,3
ENST00000438650.5,ENSG00000100744,140,118,538,251.5,0.5988,5
ENST00000439211.7,ENSG00000228716,188,494,1058,1797.5,3.1871,4
ENST00000439602.7,ENSG00000231500,153,45,504,7180.0,15.6427,2
ENST00000439747.7,ENSG00000082515,233,16,715,1234.0,1.7654,4
ENST00000439977.7,ENSG00000051108,392,103,1279,1087.0,0.9243,2
ENST00000440191.6,ENSG00000156976,409,34,1261,1435.5,1.1699,2
ENST00000440692.6,ENSG00000138326,290,39,909,8445.0,9.7069,4
ENST00000441173.1,ENSG00000188186,138,35,449,866.0,2.0918,1
ENST00000441178.2,ENSG00000235376,229,110,797,436.0,0.6346,2
ENST00000441448.7,ENSG00000197498,307,69,990,1667.0,1.81,2
ENST00000441626.6,ENSG00000169714,180,149,689,3891.5,7.2065,2
ENST00000441867.6,ENSG00000204574,847,64,2605,1831.0,0.7206,4
ENST00000442325.6,ENSG00000134759,892,36,2712,2898.0,1.083,2
ENST00000443003.2,ENSG00000168028,301,63,966,624.5,0.6916,3
ENST00000443119.7,ENSG00000260537,480,74,1514,1187.0,0.8243,3
ENST00000444053.5,ENSG00000127837,436,92,1400,2089.5,1.5975,4
ENST00000444122.3,ENSG00000235272,119,201,558,475.5,1.3319,5
ENST00000444449.6,ENSG00000072958,436,93,1401,968.0,0.7401,3
ENST00000444897.3,ENSG00000165688,564,31,1723,1332.5,0.7875,4
ENST00000445593.6,ENSG00000104341,318,680,1634,4451.5,4.6661,2
ENST00000445755.7,ENSG00000007080,224,45,717,1326.5,1.974,2
ENST00000445930.7,ENSG00000100519,390,20,1190,2557.5,2.1859,2
ENST00000446090.6,ENSG00000132912,468,42,1446,1716.0,1.2222,1
ENST00000446526.8,ENSG00000161542,386,213,1371,704.0,0.6079,4
ENST00000447750.7,ENSG00000203879,448,101,1445,1292.5,0.9617,3
ENST00000447944.7,ENSG00000138035,784,21,2373,1422.0,0.6046,4
ENST00000448105.6,ENSG00000136436,471,55,1468,1306.0,0.9243,3
ENST00000448187.6,ENSG00000205531,399,64,1261,1822.5,1.5226,4
ENST00000448276.7,ENSG00000108604,532,11,1607,947.5,0.5937,2
ENST00000448864.6,ENSG00000182899,111,142,475,9637.0,28.9399,5
ENST00000448878.6,ENSG00000106554,233,95,794,1061.0,1.5179,2
ENST00000449683.5,ENSG00000241468,99,26,323,646.5,2.1768,5
ENST00000449740.6,ENSG00000133731,337,80,1091,511.5,0.5059,3
ENST00000450169.7,ENSG00000106355,92,15,291,883.5,3.2011,2
ENST00000451060.6,ENSG00000100227,439,105,1422,969.0,0.7358,5
ENST00000451315.7,ENSG00000225921,258,24,798,2437.5,3.1492,1
ENST00000451402.5,ENSG00000119414,343,221,1250,1534.5,1.4913,1
ENST00000451531.7,ENSG00000196834,1076,93,3321,2011.5,0.6231,4
ENST00000452510.7,ENSG00000145833,1033,160,3259,2375.0,0.7664,1
ENST00000452790.6,ENSG00000082153,452,52,1408,3656.0,2.6962,3
ENST00000453386.7,ENSG00000136527,289,154,1021,3200.0,3.6909,5
ENST00000454207.2,ENSG00000280148,141,116,539,361.5,0.8546,3
ENST00000454220.7,ENSG00000105568,630,46,1936,4274.5,2.2616,2
ENST00000454376.7,ENSG00000126457,372,10,1126,3256.5,2.918,5
ENST00000454402.7,ENSG00000111445,341,125,1148,1904.0,1.8612,2
ENST00000454682.6,ENSG00000196531,2079,39,6276,5007.0,0.8028,4
ENST00000454893.1,ENSG00000143977,97,62,353,2213.0,7.6048,2
ENST00000455217.6,ENSG00000113407,757,122,2393,6111.0,2.6909,1
ENST00000455511.9,ENSG00000196510,566,81,1779,1630.0,0.96,5
ENST00000456315.7,ENSG00000024526,812,83,2519,1257.5,0.5162,1
ENST00000456397.7,ENSG00000169490,215,70,715,427.0,0.662,4
ENST00000456936.4,ENSG00000134970,225,244,919,598.5,0.8867,4
ENST00000457054.6,ENSG00000170248,874,158,2780,2412.0,0.9199,3
ENST00000457354.7,ENSG00000139921,281,46,889,1823.0,2.1625,4
ENST00000457408.7,ENSG00000158604,228,25,709,1034.0,1.5117,1
ENST00000457607.1,ENSG00000132153,1223,12,3681,2621.5,0.7145,4
ENST00000458198.3,ENSG00000237190,117,27,378,335.5,0.9558,1
ENST00000458578.6,ENSG00000185651,213,3,642,2606.5,4.079,1
ENST00000458587.8,ENSG00000185825,314,402,1344,2931.5,3.112,4
ENST00000458591.7,ENSG00000092108,643,20,1949,1247.0,0.6464,5
ENST00000460851.6,ENSG00000144895,586,16,1774,1622.5,0.9229,5
ENST00000461548.1,ENSG00000256566,114,263,605,714.0,2.0877,5
ENST00000462430.5,ENSG00000185088,101,199,502,936.0,3.0891,5
ENST00000462683.6,ENSG00000181704,237,16,727,435.5,0.6125,4
ENST00000464265.5,ENSG00000185808,159,224,701,473.5,0.9927,2
ENST00000464506.2,ENSG00000123595,202,276,882,828.5,1.3672,1
ENST00000464845.6,ENSG00000102030,236,133,841,2059.5,2.9089,4
ENST00000464942.7,ENSG00000184047,240,38,758,1081.5,1.5021,2
ENST00000465139.6,ENSG00000140350,250,144,894,1403.5,1.8713,2
ENST00000465271.6,ENSG00000143771,140,46,466,2021.5,4.8131,2
ENST00000465370.2,ENSG00000073969,770,82,2392,1274.0,0.5515,4
ENST00000466246.7,ENSG00000178053,284,107,959,652.0,0.7653,4
ENST00000466444.7,ENSG00000111832,244,79,811,469.0,0.6407,4
ENST00000466490.7,ENSG00000144867,272,295,1111,1388.0,1.701,2
ENST00000466652.2,ENSG00000143162,256,64,832,951.0,1.2383,5
ENST00000466681.2,ENSG00000156928,235,14,719,551.0,0.7816,4
ENST00000466830.6,ENSG00000187118,107,175,496,503.0,1.567,3
ENST00000467317.5,ENSG00000137210,152,95,551,864.0,1.8947,5
ENST00000467789.5,ENSG00000114850,199,60,657,2506.0,4.1977,4
ENST00000468694.5,ENSG00000136279,440,27,1347,909.0,0.6886,4
ENST00000468695.6,ENSG00000176261,168,21,525,418.5,0.8304,3
ENST00000468777.5,ENSG00000114054,571,21,1734,1233.0,0.7198,5
ENST00000468812.6,ENSG00000196262,166,44,542,1752.5,3.5191,2
ENST00000469176.1,ENSG00000145494,173,3,522,1222.0,2.3545,1
ENST00000470229.6,ENSG00000013374,616,156,2004,1661.0,0.8988,4
ENST00000470487.6,ENSG00000173905,697,639,2730,1135.5,0.543,2
ENST00000471115.6,ENSG00000162642,183,29,578,390.0,0.7104,2
ENST00000471696.6,ENSG00000198843,196,42,630,339.5,0.5774,5
ENST00000472024.3,ENSG00000083937,230,297,987,1100.0,1.5942,4
ENST00000472726.3,ENSG00000256500,720,40,2200,1218.0,0.5639,4
ENST00000472947.5,ENSG00000169251,530,122,1712,898.5,0.5651,1
ENST00000473414.6,ENSG00000114744,200,45,645,796.5,1.3275,4
ENST00000473835.7,ENSG00000163714,1030,59,3149,4829.0,1.5628,2
ENST00000474315.5,ENSG00000101365,388,1,1165,2023.0,1.738,1
ENST00000474597.5,ENSG00000124783,299,87,984,2236.5,2.4933,3
ENST00000475243.6,ENSG00000124164,244,231,963,810.5,1.1072,2
ENST00000476071.5,ENSG00000088833,373,94,1213,686.5,0.6135,5
ENST00000476238.6,ENSG00000026297,257,68,839,563.5,0.7309,2
ENST00000476371.1,ENSG00000120333,129,17,404,1207.5,3.1202,2
ENST00000476781.6,ENSG00000136522,251,14,767,791.5,1.0511,3
ENST00000477703.6,ENSG00000168273,71,151,364,381.0,1.7887,2
ENST00000479257.5,ENSG00000128595,324,831,1803,2050.5,2.1096,3
ENST00000479303.1,ENSG00000197448,283,58,907,774.5,0.9122,4
ENST00000479961.1,ENSG00000259332,180,304,844,333.0,0.6167,1
ENST00000480294.1,ENSG00000272162,43,132,261,325.5,2.5233,2
ENST00000481105.5,ENSG00000134602,439,216,1533,1479.5,1.1234,4
ENST00000482352.1,ENSG00000242485,156,73,541,521.5,1.1143,2
ENST00000483063.2,ENSG00000115350,118,37,391,215.5,0.6088,4
ENST00000483206.2,ENSG00000167118,147,6,447,347.5,0.788,5
ENST00000483273.2,ENSG00000233954,92,1699,1975,2367.5,8.5779,3
ENST00000483798.6,ENSG00000108176,229,48,735,505.0,0.7351,2
ENST00000483970.7,ENSG00000143575,288,115,979,1591.5,1.842,4
ENST00000484259.3,ENSG00000165060,211,31,664,480.5,0.7591,1
ENST00000484800.6,ENSG00000065328,876,103,2731,1462.5,0.5565,4
ENST00000484810.5,ENSG00000138495,99,36,333,731.0,2.4613,4
ENST00000485511.6,ENSG00000112640,603,108,1917,916.5,0.5066,4
ENST00000485876.6,ENSG00000170906,85,24,279,820.0,3.2157,1
ENST00000485972.6,ENSG00000164885,293,49,928,600.0,0.6826,1
ENST00000487519.6,ENSG00000108064,247,138,879,1692.5,2.2841,2
ENST00000488034.6,ENSG00000112514,180,107,647,1685.0,3.1204,1
ENST00000488353.2,ENSG00000157916,197,1786,2377,690.0,1.1675,2
ENST00000488423.2,ENSG00000154813,83,67,316,429.5,1.7249,5
ENST00000488633.2,ENSG00000144021,340,126,1146,986.0,0.9667,1
ENST00000488857.5,ENSG00000220205,119,481,838,290.5,0.8137,5
ENST00000490341.3,ENSG00000243910,242,165,891,911.0,1.2548,1
ENST00000491306.6,ENSG00000197756,93,31,310,4333.0,15.5305,2
ENST00000491660.1,ENSG00000120742,79,364,601,295.5,1.2468,2
ENST00000492112.3,ENSG00000188529,263,72,861,1683.0,2.1331,2
ENST00000492433.2,ENSG00000084754,793,8,2387,3841.5,1.6148,4
ENST00000492758.1,ENSG00000128524,148,1,445,1299.5,2.9268,2
ENST00000492933.5,ENSG00000163636,443,53,1382,3294.5,2.4789,1
ENST00000493112.5,ENSG00000172340,441,24,1347,1361.5,1.0291,5
ENST00000493442.2,ENSG00000123575,389,333,1500,1153.0,0.988,5
ENST00000493945.6,ENSG00000075624,376,155,1283,34192.5,30.3125,4
ENST00000494664.6,ENSG00000113845,286,187,1045,1385.5,1.6148,3
ENST00000494921.2,ENSG00000125821,214,109,751,633.0,0.986,5
ENST00000495075.5,ENSG00000175110,361,432,1515,1009.5,0.9321,2
ENST00000495186.6,ENSG00000147155,231,173,866,1253.5,1.8088,5
ENST00000495461.6,ENSG00000113811,95,71,356,682.0,2.393,5
ENST00000495699.3,ENSG00000130713,304,27,939,964.5,1.0576,4
ENST00000496455.7,ENSG00000163655,694,221,2303,3192.0,1.5331,3
ENST00000496811.6,ENSG00000174953,1009,71,3098,1981.0,0.6544,2
ENST00000497317.5,ENSG00000163463,144,30,462,1341.5,3.1053,2
ENST00000497473.6,ENSG00000134330,249,16,763,429.5,0.575,3
ENST00000497547.2,ENSG00000160214,462,53,1439,881.5,0.636,1
ENST00000498124.1,ENSG00000147889,168,39,543,1467.0,2.9107,2
ENST00000498926.7,ENSG00000247077,290,35,905,911.0,1.0471,1
ENST00000499023.7,ENSG00000171566,515,92,1637,1661.0,1.0751,1
ENST00000499666.7,ENSG00000109270,125,130,505,405.0,1.08,1
ENST00000501597.3,ENSG00000229117,26,83,161,84.0,1.0769,2
ENST00000502492.6,ENSG00000159210,259,108,885,483.0,0.6216,4
ENST00000502935.6,ENSG00000108039,667,78,2079,1094.5,0.547,1
ENST00000503362.2,ENSG00000129128,181,111,654,1298.5,2.3913,3
ENST00000503643.1,ENSG00000145354,146,44,482,850.0,1.9406,1
ENST00000503682.5,ENSG00000138663,439,18,1335,1355.5,1.0292,5
ENST00000503731.6,ENSG00000104723,349,168,1215,691.5,0.6605,3
ENST00000503787.6,ENSG00000164294,210,22,652,1307.0,2.0746,4
ENST00000504952.1,ENSG00000156136,318,198,1152,513.5,0.5383,1
ENST00000504986.6,ENSG00000109133,248,56,800,1766.5,2.3743,2
ENST00000505177.6,ENSG00000090316,435,27,1332,834.5,0.6395,1
ENST00000505459.6,ENSG00000153037,145,90,525,772.5,1.7759,3
ENST00000505472.5,ENSG00000138674,1252,1,3757,2138.0,0.5692,1
ENST00000505490.3,ENSG00000183684,265,6,801,4986.0,6.2717,3
ENST00000505496.7,ENSG00000164733,372,202,1318,670.5,0.6008,3
ENST00000505878.4,ENSG00000138796,391,42,1215,1845.0,1.5729,2
ENST00000505920.1,ENSG00000249222,101,327,630,600.5,1.9818,1
ENST00000505992.1,ENSG00000151247,249,21,768,1684.5,2.255,2
ENST00000506469.5,ENSG00000137207,357,134,1205,909.5,0.8492,5
ENST00000506587.5,ENSG00000013375,571,147,1860,945.0,0.5517,5
ENST00000507591.2,ENSG00000124795,381,149,1292,3919.5,3.4291,1
ENST00000507606.3,ENSG00000243317,48,66,210,631.5,4.3854,2
ENST00000507746.7,ENSG00000170445,513,111,1650,1297.0,0.8428,2
ENST00000509297.6,ENSG00000113658,466,1290,2688,785.5,0.5619,4
ENST00000509663.2,ENSG00000288643,41,267,390,64.0,0.5203,1
ENST00000509910.2,ENSG00000145782,141,13,436,440.5,1.0414,1
ENST00000510038.1,ENSG00000113648,373,132,1251,2362.5,2.1113,1
ENST00000510515.5,ENSG00000138758,440,257,1577,1952.0,1.4788,5
ENST00000512478.2,ENSG00000198856,172,9,525,1045.0,2.0252,2
ENST00000512788.1,ENSG00000154277,242,32,758,2944.5,4.0558,4
ENST00000512805.6,ENSG00000204628,318,106,1060,37853.0,39.6782,4
ENST00000513458.9,ENSG00000153006,156,174,642,264.0,0.5641,3
ENST00000513710.4,ENSG00000134987,896,109,2797,1503.0,0.5592,5
ENST00000517309.6,ENSG00000156471,474,139,1561,1421.0,0.9993,1
ENST00000517490.6,ENSG00000085719,538,155,1769,1815.0,1.1245,5
ENST00000517562.3,ENSG00000253250,118,151,505,181.0,0.5113,1
ENST00000517669.1,ENSG00000113732,82,30,276,556.5,2.2622,3
ENST00000518297.6,ENSG00000155506,1097,381,3672,2181.0,0.6627,1
ENST00000518338.6,ENSG00000171530,132,4,400,2437.5,6.1553,4
ENST00000519065.6,ENSG00000196591,489,240,1707,6068.0,4.1363,3
ENST00000519487.6,ENSG00000154582,136,145,553,988.5,2.4228,4
ENST00000519638.3,ENSG00000147475,340,60,1080,1050.5,1.0299,3
ENST00000519807.5,ENSG00000008988,143,126,555,3919.5,9.1364,4
ENST00000519948.4,ENSG00000253719,98,278,572,376.5,1.2806,1
ENST00000520429.6,ENSG00000112237,284,133,985,572.5,0.6719,5
ENST00000520547.4,ENSG00000253626,155,117,582,12222.5,26.2849,5
ENST00000520552.5,ENSG00000186106,233,162,861,433.5,0.6202,3
ENST00000521158.5,ENSG00000078668,285,68,923,3159.5,3.6953,5
ENST00000521264.5,ENSG00000177556,74,110,332,848.0,3.8198,1
ENST00000521604.7,ENSG00000187735,302,323,1229,1346.5,1.4862,1
ENST00000521688.6,ENSG00000120533,102,122,428,1485.5,4.8546,3
ENST00000521764.3,ENSG00000253506,216,39,687,1289.0,1.9892,1
ENST00000522083.5,ENSG00000153140,192,96,672,701.0,1.217,1
ENST00000522212.6,ENSG00000259024,165,113,608,340.0,0.6869,5
ENST00000522439.1,ENSG00000147669,68,96,300,806.0,3.951,5
ENST00000522938.5,ENSG00000276418,279,322,1159,586.5,0.7007,4
ENST00000522944.5,ENSG00000168078,334,393,1395,1033.0,1.0309,2
ENST00000523111.7,ENSG00000169139,146,24,462,1229.5,2.8071,4
ENST00000523116.5,ENSG00000104660,170,33,543,337.0,0.6608,5
ENST00000523376.5,ENSG00000175868,139,1262,1679,209.5,0.5024,5
ENST00000523377.2,ENSG00000083099,89,31,298,356.0,1.3333,3
ENST00000523483.5,ENSG00000137575,319,1514,2471,1876.5,1.9608,2
ENST00000523908.5,ENSG00000113282,644,173,2105,1343.5,0.6954,5
ENST00000523920.1,ENSG00000156467,162,16,502,3804.0,7.8272,2
ENST00000524827.6,ENSG00000176102,750,169,2419,1478.0,0.6569,3
ENST00000524958.6,ENSG00000278615,124,41,413,384.0,1.0323,5
ENST00000525314.6,ENSG00000149182,536,29,1637,843.0,0.5243,5
ENST00000525428.6,ENSG00000074201,238,80,794,2765.0,3.8725,5
ENST00000525566.6,ENSG00000198431,650,24,1974,1669.0,0.8559,4
ENST00000525634.6,ENSG00000110700,152,26,482,14047.5,30.8059,1
ENST00000525954.5,ENSG00000079459,477,101,1532,2028.5,1.4175,2
ENST00000526070.2,ENSG00000110367,484,361,1813,1973.0,1.3588,3
ENST00000526991.3,ENSG00000255112,200,99,699,437.5,0.7292,3
ENST00000527548.5,ENSG00000149806,134,86,488,8332.0,20.7264,3
ENST00000527610.1,ENSG00000172922,248,43,787,614.0,0.8253,3
ENST00000527673.2,ENSG00000118181,126,59,437,11928.5,31.5569,3
ENST00000527947.5,ENSG00000101146,438,178,1492,1047.5,0.7972,1
ENST00000527958.6,ENSG00000168092,230,139,829,1445.0,2.0942,3
ENST00000528080.6,ENSG00000166471,292,152,1028,861.0,0.9829,4
ENST00000528157.7,ENSG00000145050,183,52,601,1284.0,2.3388,2
ENST00000528405.1,ENSG00000255432,100,9,309,267.0,0.89,4
ENST00000528498.5,ENSG00000137710,605,310,2125,1486.5,0.819,5
ENST00000528581.5,ENSG00000177830,419,79,1336,694.0,0.5521,3
ENST00000528848.3,ENSG00000254598,392,131,1307,1087.5,0.9247,5
ENST00000529230.6,ENSG00000175216,2033,98,6197,4426.5,0.7258,1
ENST00000529318.5,ENSG00000166788,477,46,1477,945.0,0.6604,1
ENST00000530028.3,ENSG00000255302,188,43,607,1611.0,2.8564,3
ENST00000530167.2,ENSG00000188486,144,71,503,5234.0,12.1157,1
ENST00000530758.2,ENSG00000254999,76,27,255,1047.5,4.5943,2
ENST00000531120.6,ENSG00000149100,375,57,1182,4958.5,4.4076,4
ENST00000531165.5,ENSG00000149187,515,279,1824,1397.5,0.9045,1
ENST00000531206.5,ENSG00000004897,831,4,2497,2145.0,0.8604,4
ENST00000531224.6,ENSG00000029363,921,248,3011,5812.0,2.1035,1
ENST00000531273.6,ENSG00000166181,525,132,1707,2014.0,1.2787,5
ENST00000531572.2,ENSG00000175390,360,16,1096,3560.5,3.2968,2
ENST00000531967.5,ENSG00000093144,308,504,1428,1525.5,1.651,1
ENST00000532324.5,ENSG00000203705,282,94,940,438.0,0.5177,5
ENST00000532642.5,ENSG00000117410,262,97,883,1447.5,1.8416,2
ENST00000532699.1,ENSG00000255292,141,5,428,786.5,1.8593,2
ENST00000532741.5,ENSG00000104529,698,229,2323,1698.0,0.8109,2
ENST00000532942.5,ENSG00000285283,281,155,998,843.5,1.0006,3
ENST00000533058.5,ENSG00000196655,258,30,804,808.0,1.0439,3
ENST00000533162.2,ENSG00000179950,597,76,1867,2594.0,1.4484,5
ENST00000533417.6,ENSG00000110651,304,9,921,3873.0,4.2467,3
ENST00000534312.5,ENSG00000284969,131,11,404,588.0,1.4962,2
ENST00000534548.7,ENSG00000151503,1499,41,4538,2469.0,0.549,5
ENST00000534585.5,ENSG00000179632,287,391,1252,645.5,0.7497,1
ENST00000534769.5,ENSG00000172757,205,48,663,8469.5,13.7715,3
ENST00000535035.6,ENSG00000116133,529,48,1635,2272.0,1.4316,3
ENST00000535406.5,ENSG00000111665,269,306,1113,590.0,0.7311,3
ENST00000535424.5,ENSG00000182149,380,116,1256,1203.0,1.0553,4
ENST00000535715.5,ENSG00000167770,287,452,1313,1720.0,1.9977,2
ENST00000535844.1,ENSG00000256861,539,15,1632,1721.0,1.0643,5
ENST00000535923.6,ENSG00000215021,300,121,1021,3682.0,4.0911,4
ENST00000536128.5,ENSG00000092841,239,40,757,4980.0,6.9456,5
ENST00000536545.5,ENSG00000149948,148,811,1255,289.0,0.6509,5
ENST00000536889.1,ENSG00000133134,161,358,841,1160.0,2.4017,3
ENST00000536961.6,ENSG00000100865,228,89,773,536.5,0.7844,4
ENST00000537253.5,ENSG00000124789,1507,447,4968,2418.0,0.5348,3
ENST00000537328.6,ENSG00000134825,80,41,281,1477.0,6.1542,1
ENST00000537332.2,ENSG00000164442,276,75,903,550.5,0.6649,1
ENST00000538010.5,ENSG00000110987,232,2670,3366,430.5,0.6185,3
ENST00000538173.2,ENSG00000180574,473,13,1432,4501.0,3.172,1
ENST00000538696.5,ENSG00000128973,344,238,1270,687.0,0.6657,2
ENST00000539276.7,ENSG00000174437,1043,543,3672,4705.5,1.5038,4
ENST00000539282.5,ENSG00000060982,399,87,1284,1231.0,1.0284,2
ENST00000539652.1,ENSG00000228144,169,34,541,333.5,0.6578,4
ENST00000539745.2,ENSG00000197837,104,47,359,3268.5,10.476,1
ENST00000539909.6,ENSG00000156110,363,58,1147,914.5,0.8398,5
ENST00000539945.7,ENSG00000014641,354,81,1143,4938.0,4.6497,4
ENST00000540149.5,ENSG00000159720,393,31,1210,1344.0,1.1399,5
ENST00000540200.6,ENSG00000004142,369,79,1186,1209.0,1.0921,4
ENST00000541212.6,ENSG00000110801,224,67,739,701.5,1.0439,4
ENST00000541231.1,ENSG00000150779,99,30,327,1546.0,5.2054,1
ENST00000541364.5,ENSG00000167553,520,28,1588,10714.5,6.8683,3
ENST00000541455.1,ENSG00000181924,97,394,685,473.5,1.6271,3
ENST00000541515.3,ENSG00000269955,459,25,1402,2682.0,1.9477,5
ENST00000541790.4,ENSG00000273802,127,45,426,991.5,2.6024,2
ENST00000541970.6,ENSG00000071994,345,56,1091,751.0,0.7256,1
ENST00000542113.3,ENSG00000186416,706,222,2340,1164.5,0.5498,5
ENST00000542575.6,ENSG00000105281,542,629,2255,3922.5,2.4124,2
ENST00000543226.2,ENSG00000256060,141,172,595,348.5,0.8239,3
ENST00000543307.5,ENSG00000089327,195,80,665,325.0,0.5556,2
ENST00000543341.7,ENSG00000111358,309,31,958,1333.0,1.438,5
ENST00000543646.5,ENSG00000135677,585,130,1885,1031.0,0.5875,5
ENST00000543662.4,ENSG00000284770,579,106,1843,955.0,0.5498,1
ENST00000544017.5,ENSG00000105197,457,133,1504,1480.5,1.0799,4
ENST00000544484.6,ENSG00000111642,1938,147,5961,3556.0,0.6116,4
ENST00000544844.6,ENSG00000173113,126,33,411,1474.0,3.8995,2
ENST00000545606.6,ENSG00000111530,1231,360,4053,4056.0,1.0983,5
ENST00000545683.1,ENSG00000203814,135,50,455,559.5,1.3815,4
ENST00000545712.7,ENSG00000139428,251,24,777,426.5,0.5664,2
ENST00000545908.6,ENSG00000100714,965,397,3292,5665.0,1.9568,5
ENST00000546211.6,ENSG00000145604,459,180,1557,982.5,0.7135,3
ENST00000546323.5,ENSG00000152944,160,34,514,266.0,0.5542,4
ENST00000546333.1,ENSG00000256950,86,48,306,195.5,0.7578,3
ENST00000546588.1,ENSG00000111237,215,100,745,916.0,1.4202,4
ENST00000546954.2,ENSG00000170855,77,12,243,534.0,2.3117,3
ENST00000547098.5,ENSG00000198015,156,134,602,1108.5,2.3686,4
ENST00000547517.5,ENSG00000108774,250,301,1051,1454.0,1.9387,3
ENST00000548315.5,ENSG00000151239,358,4,1078,699.5,0.6513,2
ENST00000548577.5,ENSG00000219200,138,150,564,2023.5,4.8877,4
ENST00000548925.6,ENSG00000135441,154,6,468,635.5,1.3755,3
ENST00000549555.5,ENSG00000183283,208,84,708,764.0,1.2244,3
ENST00000549759.2,ENSG00000123349,157,62,533,2448.0,5.1975,3
ENST00000549920.6,ENSG00000063177,189,35,602,4015.0,7.0811,4
ENST00000549987.1,ENSG00000125954,472,3,1419,1033.5,0.7299,1
ENST00000550412.5,ENSG00000258311,123,16,385,385.5,1.0447,1
ENST00000550443.5,ENSG00000196465,209,303,930,576.0,0.9187,3
ENST00000550746.5,ENSG00000121749,692,64,2140,1113.0,0.5361,2
ENST00000551093.6,ENSG00000258289,120,19,379,797.0,2.2139,1
ENST00000551446.6,ENSG00000120837,209,262,889,360.0,0.5742,4
ENST00000551671.5,ENSG00000120805,195,108,693,946.5,1.6179,1
ENST00000551765.6,ENSG00000257218,137,37,448,602.5,1.4659,5
ENST00000552080.1,ENSG00000205323,214,8,650,1471.5,2.2921,4
ENST00000552085.1,ENSG00000139343,128,105,489,1383.0,3.6016,1
ENST00000552197.5,ENSG00000111371,504,685,2197,2890.0,1.9114,2
ENST00000552218.5,ENSG00000111481,199,33,630,1606.5,2.691,3
ENST00000552235.2,ENSG00000139168,229,226,913,431.5,0.6281,1
ENST00000552330.5,ENSG00000175183,244,55,787,1454.5,1.987,3
ENST00000553257.6,ENSG00000087470,750,63,2313,1647.5,0.7322,4
ENST00000553376.5,ENSG00000123374,347,188,1229,920.0,0.8838,3
ENST00000553591.2,ENSG00000198805,329,107,1094,1045.0,1.0588,4
ENST00000553612.6,ENSG00000165417,377,441,1572,829.0,0.733,2
ENST00000553809.5,ENSG00000100902,253,79,838,2688.5,3.5422,5
ENST00000554075.2,ENSG00000213741,88,30,294,3156.0,11.9545,5
ENST00000554713.2,ENSG00000156411,100,51,351,1528.5,5.095,2
ENST00000555531.1,ENSG00000256206,165,45,540,2286.0,4.6182,5
ENST00000555572.1,ENSG00000011052,293,176,1055,17169.0,19.5324,3
ENST00000555761.5,ENSG00000100603,572,29,1745,1655.0,0.9645,5
ENST00000555938.1,ENSG00000258674,274,12,834,2744.5,3.3388,1
ENST00000556816.6,ENSG00000165898,155,10,475,405.0,0.871,2
ENST00000557016.6,ENSG00000100632,105,66,381,5334.5,16.9349,2
ENST00000557395.5,ENSG00000255339,173,30,549,3051.0,5.8786,5
ENST00000557431.5,ENSG00000119705,125,9,384,2526.0,6.736,3
ENST00000557690.5,ENSG00000100528,161,64,547,1793.0,3.7122,1
ENST00000557854.5,ENSG00000100938,428,277,1561,777.5,0.6055,4
ENST00000558008.3,ENSG00000166803,116,67,415,2120.0,6.092,3
ENST00000558011.5,ENSG00000157823,206,45,663,643.0,1.0405,3
ENST00000558134.5,ENSG00000140612,186,14,572,2067.5,3.7052,5
ENST00000558530.1,ENSG00000259399,156,117,585,581.5,1.2425,4
ENST00000559596.6,ENSG00000137804,442,77,1403,1674.5,1.2628,1
ENST00000559780.6,ENSG00000182718,368,374,1478,1559.0,1.4121,4
ENST00000559916.1,ENSG00000166710,120,34,394,2340.5,6.5014,3
ENST00000560055.5,ENSG00000108107,171,38,551,2065.0,4.0253,1
ENST00000560595.6,ENSG00000140374,407,81,1302,3857.5,3.1593,5
ENST00000561157.5,ENSG00000182774,137,31,442,4668.5,11.3589,2
ENST00000561555.5,ENSG00000103502,238,185,899,366.5,0.5133,5
ENST00000561971.1,ENSG00000128989,132,278,674,557.0,1.4066,3
ENST00000562684.5,ENSG00000206053,219,36,693,1353.0,2.0594,3
ENST00000562833.2,ENSG00000260836,585,244,1999,7817.0,4.4541,1
ENST00000563197.6,ENSG00000169592,245,70,805,579.0,0.7878,4
ENST00000563206.5,ENSG00000157349,485,69,1524,986.5,0.678,1
ENST00000564206.2,ENSG00000133124,1258,65,3839,8029.5,2.1276,3
ENST00000564543.1,ENSG00000260272,377,117,1248,608.0,0.5376,4
ENST00000565154.6,ENSG00000067225,606,126,1944,14278.5,7.854,5
ENST00000565299.5,ENSG00000074696,401,142,1345,4565.0,3.7947,3
ENST00000565361.3,ENSG00000090861,1000,158,3158,4860.5,1.6202,2
ENST00000565488.6,ENSG00000085491,478,205,1639,791.0,0.5516,4
ENST00000565504.5,ENSG00000167515,242,24,750,684.0,0.9421,4
ENST00000566304.5,ENSG00000213614,541,21,1644,898.5,0.5536,2
ENST00000568546.6,ENSG00000183751,809,112,2539,1220.0,0.5027,5
ENST00000568685.1,ENSG00000089280,528,64,1648,9757.0,6.1597,2
ENST00000568783.5,ENSG00000178741,154,69,531,5043.5,10.9167,4
ENST00000569382.3,ENSG00000079616,680,19,2059,1586.5,0.7777,2
ENST00000569669.6,ENSG00000261236,747,68,2309,1598.5,0.7133,1
ENST00000569842.5,ENSG00000102900,881,96,2739,2095.5,0.7928,2
ENST00000570026.2,ENSG00000102898,135,270,675,466.0,1.1506,4
ENST00000570382.2,ENSG00000184009,376,210,1338,35807.5,31.7442,5
ENST00000571133.6,ENSG00000171490,491,30,1503,4137.0,2.8086,1
ENST00000571730.1,ENSG00000262660,443,131,1460,2246.5,1.6904,4
ENST00000571941.5,ENSG00000217930,146,168,606,407.5,0.9304,5
ENST00000572645.5,ENSG00000225663,119,152,509,216.0,0.605,4
ENST00000572815.5,ENSG00000132507,187,192,753,16076.5,28.6569,2
ENST00000573331.5,ENSG00000262481,69,13,220,774.0,3.7391,3
ENST00000573429.5,ENSG00000133393,199,29,626,619.5,1.0377,5
ENST00000576409.5,ENSG00000123472,352,63,1119,969.0,0.9176,2
ENST00000577810.1,ENSG00000141741,117,15,366,187.0,0.5328,5
ENST00000578186.3,ENSG00000270882,104,28,340,33923.5,108.7292,5
ENST00000578454.5,ENSG00000266412,651,145,2098,1868.5,0.9567,3
ENST00000578794.2,ENSG00000266086,202,109,715,1679.0,2.7706,2
ENST00000579002.5,ENSG00000125445,272,415,1231,1506.0,1.8456,5
ENST00000579248.5,ENSG00000265681,185,200,755,12061.5,21.7324,5
ENST00000579512.3,ENSG00000270276,104,28,340,33923.5,108.7292,3
ENST00000579991.3,ENSG00000264364,90,274,544,417.0,1.5444,3
ENST00000580018.4,ENSG00000265354,210,136,766,1461.0,2.319,2
ENST00000580887.5,ENSG00000101608,178,48,582,750.5,1.4054,1
ENST00000581066.2,ENSG00000266472,88,447,711,2538.0,9.6136,4
ENST00000582471.1,ENSG00000263809,108,51,375,16056.0,49.5556,2
ENST00000582556.5,ENSG00000161970,146,310,748,20825.0,47.5457,3
ENST00000583313.7,ENSG00000265241,175,58,583,2452.0,4.6705,1
ENST00000583931.6,ENSG00000143401,269,326,1133,2580.0,3.197,3
ENST00000584347.1,ENSG00000169689,132,18,414,517.0,1.3056,4
ENST00000584461.5,ENSG00000141522,236,59,767,2476.0,3.4972,5
ENST00000584486.6,ENSG00000263513,150,845,1295,289.5,0.6433,3
ENST00000584667.6,ENSG00000161526,309,35,962,794.5,0.8571,1
ENST00000584773.5,ENSG00000136450,254,124,886,3393.5,4.4534,5
ENST00000584895.5,ENSG00000215472,229,15,702,11833.5,17.2249,2
ENST00000585388.2,ENSG00000161654,231,72,765,829.5,1.197,1
ENST00000585603.6,ENSG00000105171,221,36,699,666.0,1.0045,4
ENST00000585671.2,ENSG00000127540,57,64,235,1410.0,8.2456,4
ENST00000585809.6,ENSG00000065268,433,9,1308,1414.5,1.0889,2
ENST00000585937.1,ENSG00000267059,57,36,207,1410.0,8.2456,5
ENST00000586534.6,ENSG00000179262,364,87,1179,931.0,0.8526,3
ENST00000586746.5,ENSG00000099817,211,39,672,1568.0,2.4771,4
ENST00000587323.5,ENSG00000099622,298,91,985,1484.5,1.6605,4
ENST00000587718.5,ENSG00000126247,323,65,1034,2687.5,2.7735,4
ENST00000587834.6,ENSG00000166562,193,65,644,628.0,1.0846,1
ENST00000587950.5,ENSG00000174917,141,103,526,664.0,1.5697,1
ENST00000588025.5,ENSG00000179115,549,141,1788,1801.0,1.0935,2
ENST00000588210.1,ENSG00000180329,228,10,694,542.5,0.7931,1
ENST00000588234.6,ENSG00000104979,100,22,322,1231.0,4.1033,2
ENST00000588282.5,ENSG00000108639,276,6,834,468.0,0.5652,1
ENST00000588657.6,ENSG00000129351,899,232,2929,6976.5,2.5868,5
ENST00000588705.1,ENSG00000267228,83,4,253,509.0,2.0442,2
ENST00000588734.5,ENSG00000167900,268,239,1043,1913.5,2.38,1
ENST00000588852.2,ENSG00000160633,918,123,2877,1944.0,0.7059,5
ENST00000588919.5,ENSG00000167468,243,52,781,598.5,0.821,4
ENST00000590842.5,ENSG00000134779,305,75,990,908.5,0.9929,2
ENST00000590958.5,ENSG00000068120,594,125,1907,911.5,0.5115,2
ENST00000591613.2,ENSG00000188223,56,119,287,233.5,1.3899,4
ENST00000591776.5,ENSG00000173812,122,152,518,9476.5,25.8921,1
ENST00000591877.2,ENSG00000062716,420,258,1518,1287.5,1.0218,5
ENST00000591912.1,ENSG00000130165,121,329,692,215.5,0.5937,5
ENST00000592540.6,ENSG00000161888,198,6,600,1036.5,1.7449,3
ENST00000592741.5,ENSG00000130175,536,153,1761,4510.5,2.805,5
ENST00000592875.6,ENSG00000141428,221,50,713,636.0,0.9593,3
ENST00000593052.5,ENSG00000115268,153,138,597,7711.0,16.7996,2
ENST00000593771.2,ENSG00000077348,258,22,796,721.0,0.9315,3
ENST00000593829.6,ENSG00000130520,140,56,476,665.5,1.5845,1
ENST00000593863.5,ENSG00000105372,146,49,487,15608.0,35.6347,1
ENST00000594797.6,ENSG00000229833,74,41,263,953.0,4.2928,1
ENST00000595090.6,ENSG00000183207,464,25,1417,3062.0,2.1997,3
ENST00000595444.1,ENSG00000130312,185,32,587,608.5,1.0964,5
ENST00000595583.5,ENSG00000268606,315,342,1287,746.0,0.7894,5
ENST00000596073.6,ENSG00000099797,347,40,1081,1131.0,1.0865,5
ENST00000596542.1,ENSG00000269307,109,123,450,218.0,0.6667,4
ENST00000596731.7,ENSG00000105583,107,12,333,1387.5,4.3224,1
ENST00000597960.7,ENSG00000105701,414,121,1363,1094.5,0.8812,5
ENST00000598441.6,ENSG00000104852,438,196,1510,2809.0,2.1377,1
ENST00000598495.5,ENSG00000083845,226,72,750,7302.5,10.7706,2
ENST00000598585.1,ENSG00000161671,372,24,1140,614.5,0.5506,5
ENST00000598884.1,ENSG00000167774,114,21,363,1196.0,3.4971,3
ENST00000599630.1,ENSG00000074842,190,28,598,1134.0,1.9895,2
ENST00000599672.6,ENSG00000126749,245,11,746,856.5,1.1653,3
ENST00000599962.2,ENSG00000234289,127,57,438,10660.5,27.9803,3
ENST00000600006.6,ENSG00000130724,266,133,931,765.0,0.9586,2
ENST00000600480.2,ENSG00000088247,748,110,2354,6741.0,3.004,3
ENST00000600659.3,ENSG00000233927,70,35,245,5733.0,27.3,5
ENST00000600932.5,ENSG00000105669,332,32,1028,2121.0,2.1295,1
ENST00000601498.5,ENSG00000042753,159,132,609,1823.5,3.8229,3
ENST00000602402.6,ENSG00000102580,505,117,1632,762.5,0.5033,5
ENST00000602676.6,ENSG00000104904,229,79,766,4159.5,6.0546,3
ENST00000602795.6,ENSG00000101158,600,48,1848,906.0,0.5033,1
ENST00000602956.5,ENSG00000270106,189,158,725,1362.0,2.4021,5
ENST00000603700.1,ENSG00000270617,111,14,347,473.5,1.4219,1
ENST00000604458.1,ENSG00000270757,262,24,810,4989.0,6.3473,1
ENST00000605337.5,ENSG00000116221,484,48,1500,2815.0,1.9387,2
ENST00000605786.5,ENSG00000138036,353,57,1116,546.0,0.5156,1
ENST00000605844.6,ENSG00000270647,593,86,1865,5724.0,3.2175,5
ENST00000606613.1,ENSG00000233822,167,61,562,4928.0,9.8363,1
ENST00000606719.6,ENSG00000113712,369,378,1485,981.0,0.8862,3
ENST00000607197.6,ENSG00000051620,206,273,891,747.5,1.2095,4
ENST00000607355.3,ENSG00000288859,131,53,446,304.0,0.7735,5
ENST00000607357.2,ENSG00000172428,58,21,195,546.0,3.1379,2
ENST00000607484.6,ENSG00000137288,127,14,395,769.0,2.0184,4
ENST00000607778.2,ENSG00000272047,72,80,296,1093.0,5.0602,4
ENST00000607784.1,ENSG00000137106,359,5,1082,926.5,0.8603,2
ENST00000607829.6,ENSG00000286053,97,62,353,405.0,1.3918,5
ENST00000609375.1,ENSG00000285508,51,514,667,112.0,0.732,3
ENST00000610354.5,ENSG00000010278,256,173,941,554.5,0.722,5
ENST00000610402.5,ENSG00000006125,952,130,2986,4298.0,1.5049,3
ENST00000610426.5,ENSG00000164346,261,112,895,2430.5,3.1041,5
ENST00000610726.5,ENSG00000009307,845,486,3021,9743.0,3.8434,3
ENST00000611279.4,ENSG00000120254,980,144,3084,2169.0,0.7378,3
ENST00000611405.5,ENSG00000087087,877,244,2875,1664.5,0.6326,1
ENST00000611444.2,ENSG00000275663,99,19,316,405.0,1.3636,2
ENST00000611854.4,ENSG00000176731,101,203,506,1404.5,4.6353,1
ENST00000611927.2,ENSG00000273542,104,33,345,14239.0,45.6378,3
ENST00000612311.4,ENSG00000143183,240,18,738,2424.0,3.3667,2
ENST00000612323.4,ENSG00000089063,128,142,526,214.5,0.5586,4
ENST00000612421.3,ENSG00000124570,396,244,1432,662.5,0.5577,1
ENST00000612549.6,ENSG00000155463,436,14,1322,1666.0,1.2737,5
ENST00000612612.5,ENSG00000259112,135,29,434,2106.5,5.2012,5
ENST00000612661.2,ENSG00000277443,333,401,1400,2941.5,2.9444,3
ENST00000612800.1,ENSG00000185043,232,162,858,603.5,0.8671,3
ENST00000612966.3,ENSG00000287080,137,27,438,1168.0,2.8418,4
ENST00000613174.2,ENSG00000276903,131,38,431,7511.0,19.112,2
ENST00000613358.4,ENSG00000164040,248,960,1704,1362.5,1.8313,3
ENST00000613434.4,,684,210,2262,1865.0,0.9089,
ENST00000613675.5,ENSG00000278845,307,16,937,624.5,0.6781,2
ENST00000613854.2,ENSG00000275714,137,39,450,6486.5,15.7822,4
ENST00000614097.3,ENSG00000274290,127,35,416,4628.0,12.147,1
ENST00000614247.2,ENSG00000277157,104,36,348,10861.0,34.8109,4
ENST00000614314.4,ENSG00000132254,375,291,1416,595.5,0.5293,2
ENST00000614328.4,ENSG00000110958,165,446,941,4341.5,8.7707,1
ENST00000614556.5,ENSG00000136485,343,201,1230,1454.5,1.4135,3
ENST00000614911.3,ENSG00000274750,137,20,431,344.0,0.837,2
ENST00000615164.3,ENSG00000276966,104,35,347,12394.0,39.7244,4
ENST00000615353.2,ENSG00000276180,104,27,339,910.5,2.9183,4
ENST00000615788.4,ENSG00000133997,258,53,827,502.0,0.6486,5
ENST00000615868.2,ENSG00000278463,131,50,443,5847.0,14.8779,5
ENST00000615911.4,ENSG00000063322,222,37,703,349.0,0.524,1
ENST00000615966.2,ENSG00000276410,127,56,437,725.5,1.9042,1
ENST00000616170.4,ENSG00000097033,395,330,1515,840.0,0.7089,5
ENST00000616182.2,ENSG00000274641,127,38,419,7542.0,19.7953,2
ENST00000616365.2,ENSG00000275379,137,31,442,546.0,1.3285,4
ENST00000616395.4,ENSG00000054116,189,136,703,666.5,1.1755,3
ENST00000616552.4,ENSG00000112118,854,72,2634,6627.0,2.5867,3
ENST00000616577.4,ENSG00000133112,198,215,809,1448.5,2.4386,2
ENST00000616600.5,ENSG00000167674,672,54,2070,1331.0,0.6602,1
ENST00000616972.4,ENSG00000168385,397,168,1359,4589.0,3.8531,5
ENST00000617122.1,ENSG00000183648,106,32,350,1636.5,5.1462,4
ENST00000617429.5,ENSG00000273611,156,19,487,801.5,1.7126,5
ENST00000617445.5,ENSG00000024862,185,176,731,324.5,0.5847,5
ENST00000617558.2,ENSG00000263020,305,12,927,1869.0,2.0426,4
ENST00000617569.2,ENSG00000278637,104,30,342,4197.5,13.4535,4
ENST00000617633.5,ENSG00000278053,600,26,1826,1828.0,1.0156,3
ENST00000617763.1,ENSG00000184983,155,62,527,2007.5,4.3172,4
ENST00000617768.5,ENSG00000128965,223,113,782,414.5,0.6196,4
ENST00000617804.1,ENSG00000274322,117,98,449,535.0,1.5242,5
ENST00000617807.3,ENSG00000277058,294,343,1225,862.0,0.9773,3
ENST00000618052.2,ENSG00000277775,137,30,441,3961.0,9.6375,2
ENST00000618172.5,ENSG00000124228,766,33,2331,1259.0,0.5479,5
ENST00000618305.2,ENSG00000275126,104,24,336,435.5,1.3958,3
ENST00000618570.1,ENSG00000276380,154,30,492,461.0,0.9978,5
ENST00000618958.2,ENSG00000275221,131,36,429,3723.0,9.4733,5
ENST00000619387.5,ENSG00000275700,561,172,1855,1173.0,0.697,5
ENST00000619426.5,ENSG00000277791,206,86,704,3678.5,5.9523,4
ENST00000619466.3,ENSG00000275713,127,37,418,570.0,1.4961,2
ENST00000620307.4,ENSG00000269226,81,72,315,231.0,0.9506,2
ENST00000620438.2,ENSG00000196890,127,27,408,1774.5,4.6575,5
ENST00000620514.2,ENSG00000118418,131,122,515,1142.0,2.9059,2
ENST00000620518.5,ENSG00000081692,418,29,1283,664.5,0.5299,3
ENST00000620565.4,ENSG00000276043,858,44,2618,2422.0,0.9409,3
ENST00000621112.2,ENSG00000273703,127,22,403,941.5,2.4711,5
ENST00000621411.3,ENSG00000286522,137,39,450,41458.0,100.871,3
ENST00000621444.4,ENSG00000048162,232,223,919,654.0,0.9397,3
ENST00000621525.4,ENSG00000258644,183,111,660,730.5,1.3306,1
ENST00000621592.8,ENSG00000136997,455,363,1728,1886.0,1.3817,1
ENST00000621615.1,ENSG00000273734,131,74,467,3424.5,8.7137,5
ENST00000621632.5,ENSG00000089737,860,89,2669,2246.0,0.8705,3
ENST00000621994.3,ENSG00000275774,294,243,1125,1001.5,1.1355,2
ENST00000621999.5,ENSG00000085365,339,55,1072,922.0,0.9066,3
ENST00000622299.5,ENSG00000214087,174,44,566,267.5,0.5125,2
ENST00000622495.5,ENSG00000135108,622,14,1880,1166.0,0.6249,5
ENST00000622611.4,ENSG00000139746,1010,447,3477,1778.0,0.5868,1
ENST00000625464.2,ENSG00000156531,367,202,1303,2570.5,2.3347,5
ENST00000625837.2,ENSG00000215301,734,905,3107,4999.0,2.2702,1
ENST00000626021.3,ENSG00000112245,174,685,1207,498.0,0.954,4
ENST00000627282.2,ENSG00000144580,332,375,1371,675.0,0.6777,5
ENST00000627305.2,ENSG00000155368,149,84,531,1872.0,4.1879,3
ENST00000627920.2,ENSG00000149182.15,386,272,1430,650.5,0.5617,
ENST00000628224.3,ENSG00000204843,1279,274,4111,3306.5,0.8617,4
ENST00000630972.2,ENSG00000120694,861,294,2877,3190.0,1.235,1
ENST00000634017.1,ENSG00000180957,274,72,894,1714.5,2.0858,4
ENST00000634318.1,ENSG00000259316,117,49,400,2129.0,6.0655,3
ENST00000635051.1,ENSG00000154380,803,9,2418,2206.0,0.9157,5
ENST00000635200.1,ENSG00000282988,170,50,560,9498.5,18.6245,3
ENST00000635647.1,ENSG00000011304,589,423,2190,6126.5,3.4672,1
ENST00000635918.2,ENSG00000236444,155,963,1428,1182.0,2.5419,1
ENST00000636397.1,ENSG00000250644,583,73,1822,1937.5,1.1078,2
ENST00000636580.2,ENSG00000182220,351,96,1149,1217.0,1.1557,2
ENST00000636879.1,ENSG00000164904,555,21,1686,1585.0,0.952,1
ENST00000638119.2,ENSG00000198954,647,30,1971,1030.5,0.5309,4
ENST00000638147.2,ENSG00000283208,202,21,627,513.5,0.8474,1
ENST00000638617.1,ENSG00000284292,685,155,2210,1937.5,0.9428,2
ENST00000639722.1,ENSG00000284431,143,30,459,315.5,0.7354,1
ENST00000639725.1,ENSG00000270800,292,40,916,1027.0,1.1724,1
ENST00000640218.2,ENSG00000153187,826,236,2714,17551.0,7.0827,5
ENST00000640959.1,ENSG00000283977,104,16,328,230.5,0.7388,4
ENST00000641023.2,ENSG00000092621,534,89,1691,11962.0,7.4669,1
ENST00000641471.1,ENSG00000131238,336,9,1017,2283.5,2.2654,4
ENST00000642017.2,ENSG00000108439,262,105,891,708.5,0.9014,3
ENST00000642044.1,ENSG00000107745,483,123,1572,991.0,0.6839,2
ENST00000642195.1,ENSG00000171453,347,21,1062,720.0,0.6916,1
ENST00000642379.1,ENSG00000135821,508,139,1663,5272.0,3.4593,5
ENST00000642466.2,ENSG00000018510,677,17,2048,1462.5,0.7201,5
ENST00000642730.1,ENSG00000152556,884,144,2796,1419.5,0.5353,5
ENST00000642748.1,ENSG00000124733,189,181,748,717.5,1.2654,4
ENST00000642816.3,ENSG00000149925,419,181,1438,15846.5,12.6066,3
ENST00000642900.1,ENSG00000174780,672,19,2035,1863.0,0.9241,4
ENST00000643023.1,ENSG00000136143,485,36,1491,1229.0,0.8447,4
ENST00000643188.1,ENSG00000100983,475,166,1591,838.0,0.5881,4
ENST00000643257.2,ENSG00000070814,1490,50,4520,2498.0,0.5588,1
ENST00000643696.1,ENSG00000139719,638,25,1939,1828.5,0.9553,1
ENST00000643754.2,ENSG00000142676,179,18,555,12669.5,23.5931,4
ENST00000643795.2,ENSG00000147224,322,201,1167,2108.0,2.1822,5
ENST00000644393.1,ENSG00000124614,187,38,599,869.0,1.549,5
ENST00000644480.2,ENSG00000285238,1672,146,5162,3013.0,0.6007,2
ENST00000644631.4,ENSG00000188010,152,77,533,432.5,0.9485,5
ENST00000644773.3,ENSG00000253352,154,92,554,264.5,0.5725,4
ENST00000644802.2,ENSG00000018610,223,54,723,785.0,1.1734,3
ENST00000645205.1,ENSG00000285053,528,803,2387,958.5,0.6051,5
ENST00000645276.1,ENSG00000168036,784,214,2566,10752.0,4.5714,1
ENST00000645829.3,ENSG00000131269,758,10,2284,1180.5,0.5191,2
ENST00000645831.2,ENSG00000054598,554,531,2193,1350.0,0.8123,3
ENST00000646651.1,ENSG00000077152,198,106,700,2363.5,3.979,2
ENST00000646673.2,ENSG00000101347,627,65,1946,1004.0,0.5338,4
ENST00000646693.2,ENSG00000127616,1680,173,5213,3064.5,0.608,5
ENST00000647382.2,ENSG00000117523,2899,263,8960,4774.5,0.549,1
ENST00000647437.1,ENSG00000198860,184,44,596,517.0,0.9366,5
ENST00000647557.2,ENSG00000104824,627,20,1901,7985.5,4.2453,3
ENST00000647795.1,ENSG00000141543,412,152,1388,4817.0,3.8972,5
ENST00000647800.2,ENSG00000136156,267,155,956,3509.5,4.3814,2
ENST00000647897.1,ENSG00000171135,184,113,665,767.5,1.3904,3
ENST00000647941.2,ENSG00000080819,455,107,1472,993.0,0.7275,3
ENST00000647960.1,ENSG00000285854,282,54,900,25840.0,30.5437,2
ENST00000648068.1,ENSG00000006530,423,80,1349,1594.5,1.2565,2
ENST00000648078.1,ENSG00000154059,333,123,1122,515.0,0.5155,3
ENST00000648350.1,ENSG00000100138,273,13,832,2331.0,2.8462,1
ENST00000648531.1,ENSG00000182307,249,25,772,518.5,0.6941,5
ENST00000648640.1,ENSG00000162244,168,179,683,6228.0,12.3571,2
ENST00000648836.1,ENSG00000255639,568,26,1730,1830.5,1.0742,2
ENST00000648869.1,ENSG00000285641,204,10,622,733.0,1.1977,2
ENST00000649102.1,ENSG00000285932,186,63,621,514.0,0.9211,1
ENST00000649170.1,ENSG00000182093,175,59,584,501.5,0.9552,2
ENST00000649178.1,ENSG00000102393,471,9,1422,4986.0,3.5287,2
ENST00000649263.1,ENSG00000285713,120,930,1290,208.0,0.5778,5
ENST00000649416.1,ENSG00000285982,265,331,1126,410.0,0.5157,4
ENST00000649689.2,ENSG00000117593,646,557,2495,2755.0,1.4216,3
ENST00000649724.2,ENSG00000160710,1237,15,3726,2873.5,0.7743,5
ENST00000649838.1,ENSG00000104738,905,131,2846,7443.0,2.7414,5
ENST00000649896.1,ENSG00000285816,582,365,2111,1031.0,0.5905,1
ENST00000649906.1,ENSG00000121073,360,7,1087,694.0,0.6426,3
ENST00000649912.2,ENSG00000285723,64,136,328,309.5,1.612,2
ENST00000650182.1,ENSG00000163956,358,10,1084,2031.5,1.8915,1
ENST00000650309.2,ENSG00000131174,81,86,329,3985.0,16.3992,2
ENST00000650546.1,ENSG00000079739,585,78,1833,1767.5,1.0071,5
ENST00000650780.1,ENSG00000286221,34,188,290,80.0,0.7843,5
ENST00000651259.3,ENSG00000204152,189,142,709,604.0,1.0653,4
ENST00000651284.1,ENSG00000257921,201,65,668,424.5,0.704,5
ENST00000651435.1,ENSG00000105254,283,55,904,862.0,1.0153,1
ENST00000651615.1,ENSG00000286268,286,175,1033,853.5,0.9948,4
ENST00000651669.1,ENSG00000177954,85,35,290,5682.5,22.2843,5
ENST00000651763.1,ENSG00000178440,189,139,706,604.0,1.0653,1
ENST00000652093.1,ENSG00000149428,1001,82,3085,2457.5,0.8183,1
ENST00000652248.1,ENSG00000286070,127,83,464,7645.5,20.0669,4
ENST00000652303.1,ENSG00000129103,359,31,1108,1191.0,1.1058,5
ENST00000652385.1,ENSG00000129515,419,8,1265,1503.5,1.1961,4
ENST00000652429.1,ENSG00000256269,362,153,1239,813.0,0.7486,5
ENST00000652536.2,ENSG00000085377,711,191,2324,1079.5,0.5061,2
ENST00000661438.1,ENSG00000285920,442,892,2218,1674.5,1.2628,1
ENST00000664196.1,ENSG00000102309,157,35,506,1863.0,3.9554,1
ENST00000667261.1,ENSG00000170892,313,89,1028,684.5,0.729,2
ENST00000671733.1,ENSG00000139163,453,89,1448,1081.5,0.7958,5
ENST00000672280.1,ENSG00000198056,460,76,1456,1514.0,1.0971,1
ENST00000672354.1,ENSG00000075239,435,35,1340,3937.5,3.0172,2
ENST00000672715.1,ENSG00000004455,240,55,775,3981.5,5.5299,1
ENST00000673047.2,ENSG00000111716,342,98,1124,30681.5,29.904,3
ENST00000673498.1,ENSG00000135390,158,536,1010,4120.0,8.692,1
ENST00000673704.1,ENSG00000187555,1138,51,3465,1789.5,0.5242,2
ENST00000673807.1,ENSG00000265590,390,622,1792,1097.5,0.938,1
ENST00000674129.1,ENSG00000145335,160,374,854,323.0,0.6729,4
ENST00000674233.1,ENSG00000168259,498,15,1509,2731.0,1.828,3
ENST00000674608.1,ENSG00000007168,429,244,1531,1139.5,0.8854,3
ENST00000674624.1,ENSG00000285901,447,279,1620,851.0,0.6346,2
ENST00000674831.1,ENSG00000140525,1373,108,4227,2741.0,0.6655,3
ENST00000675092.1,ENSG00000156709,623,90,1959,2505.5,1.3406,1
ENST00000675536.1,ENSG00000131165,266,71,869,793.0,0.9937,3
ENST00000675651.1,ENSG00000106105,746,44,2282,6273.0,2.8029,3
ENST00000675692.1,ENSG00000114354,413,336,1575,2493.0,2.0121,3
ENST00000675864.1,ENSG00000075785,218,232,886,1826.5,2.7928,1
ENST00000675880.1,ENSG00000118971,304,279,1191,754.0,0.8268,5
ENST00000676392.2,ENSG00000121940,569,259,1966,1154.0,0.676,5
ENST00000676571.1,ENSG00000204463,1174,295,3817,3493.0,0.9918,1
ENST00000676589.1,ENSG00000181163,324,118,1090,18288.5,18.8153,3
ENST00000676826.2,ENSG00000087460,1039,552,3669,10429.5,3.346,4
ENST00000677142.1,ENSG00000075975,428,198,1482,815.0,0.6347,2
ENST00000677310.1,ENSG00000150093,826,353,2831,1671.0,0.6743,1
ENST00000677453.1,ENSG00000158864,485,116,1571,3207.0,2.2041,4
ENST00000677533.1,ENSG00000088832,130,166,556,1433.5,3.6756,4
ENST00000677562.1,ENSG00000104969,361,118,1201,1025.5,0.9469,3
ENST00000677567.1,ENSG00000130414,394,88,1270,1595.0,1.3494,4
ENST00000677581.1,ENSG00000256646,157,213,684,3439.0,7.3015,4
ENST00000677730.1,ENSG00000137876,175,68,593,1557.0,2.9657,1
ENST00000677932.1,ENSG00000164182,178,33,567,316.0,0.5918,5
ENST00000678042.1,ENSG00000104408,508,22,1546,4208.5,2.7615,5
ENST00000678063.1,ENSG00000084623,439,35,1352,7249.0,5.5042,4
ENST00000678090.1,ENSG00000128609,146,43,481,1028.5,2.3482,3
ENST00000678502.1,ENSG00000258643,366,158,1256,1365.0,1.2432,2
ENST00000678573.1,ENSG00000108298,217,641,1292,12060.0,18.5253,5
ENST00000678596.1,ENSG00000135047,342,239,1265,839.5,0.8182,2
ENST00000678646.1,ENSG00000145907,477,132,1563,4536.5,3.1702,3
ENST00000678769.1,ENSG00000093010,303,155,1064,1677.0,1.8449,2
ENST00000678804.1,ENSG00000130816,1659,56,5033,3868.5,0.7773,4
ENST00000678830.1,ENSG00000147140,502,178,1684,12513.5,8.3091,4
ENST00000678860.1,ENSG00000147601,450,23,1373,833.5,0.6174,5
ENST00000679300.1,ENSG00000104368,584,242,1994,1093.5,0.6241,3
ENST00000679328.1,ENSG00000170144,397,27,1218,11334.5,9.5168,5
ENST00000679559.1,ENSG00000159063,561,60,1743,1677.0,0.9964,4
ENST00000679770.1,ENSG00000100749,449,47,1394,1384.5,1.0278,1
ENST00000680408.1,ENSG00000288698,103,9,318,501.5,1.623,1
ENST00000680661.1,ENSG00000163382,303,39,948,632.5,0.6958,4
ENST00000680978.1,ENSG00000239900,527,59,1640,2585.5,1.6354,2
ENST00000680984.1,ENSG00000127022,627,171,2052,13043.0,6.9341,5
ENST00000681020.1,ENSG00000185624,558,51,1725,5423.0,3.2395,4
ENST00000681206.1,ENSG00000158290,934,32,2834,3755.0,1.3401,3
ENST00000681407.1,ENSG00000168066,765,129,2424,2798.5,1.2194,1
ENST00000681413.1,ENSG00000131462,498,97,1591,1749.5,1.171,2
ENST00000681492.1,ENSG00000118217,701,41,2144,1190.5,0.5661,5
ENST00000681861.1,ENSG00000166598,815,184,2629,12699.0,5.1939,4
ENST00000682083.1,ENSG00000271793,563,194,1883,4867.0,2.8816,3
ENST00000682708.1,ENSG00000172893,493,277,1756,1629.5,1.1018,3
ENST00000682876.1,ENSG00000131844,607,109,1930,1688.5,0.9272,3
ENST00000683125.1,ENSG00000138095,1431,29,4322,5621.5,1.3095,5
ENST00000683983.1,ENSG00000196459,175,149,674,403.0,0.7676,4
ENST00000684631.1,ENSG00000288721,213,89,728,366.0,0.5728,3
ENST00000684824.1,ENSG00000165732,809,66,2493,5873.5,2.4201,3
ENST00000685102.1,ENSG00000004487,879,154,2791,1997.0,0.7573,1
ENST00000685801.1,ENSG00000100345,1982,214,6160,4671.0,0.7856,5
ENST00000686600.1,ENSG00000090054,505,22,1537,1014.0,0.6693,5
ENST00000687244.1,ENSG00000147123,164,787,1279,2555.5,5.1941,2
ENST00000688851.1,ENSG00000167004,513,102,1641,2659.0,1.7277,3
ENST00000689346.1,ENSG00000166165,406,77,1295,12540.5,10.296,4
ENST00000690765.1,ENSG00000288894,343,75,1104,1454.5,1.4135,1
ENST00000692048.1,ENSG00000197780,130,65,455,255.0,0.6538,5
ENST00000692281.1,ENSG00000289027,1121,518,3881,3827.0,1.138,3
ENST00000692677.1,ENSG00000103018,175,66,591,1239.0,2.36,4
ENST00000692876.1,ENSG00000114023,161,139,622,1857.5,3.8458,2
ENST00000693754.1,ENSG00000125037,300,182,1082,1132.0,1.2578,2
ENST00000694866.1,ENSG00000030066,1437,47,4358,2699.5,0.6262,3
ENST00000694874.1,ENSG00000147533,154,61,523,432.5,0.9361,1
ENST00000694906.1,ENSG00000078304,580,185,1925,1082.0,0.6218,3
ENST00000694947.1,ENSG00000038274,342,108,1134,1128.0,1.0994,1
ENST00000695404.1,ENSG00000113048,461,40,1423,1749.5,1.265,2
ENST00000695547.1,ENSG00000138750,562,60,1746,1273.0,0.755,2
ENST00000695855.1,ENSG00000289694,192,281,857,2204.5,3.8273,2
ENST00000696153.1,ENSG00000134086,251,70,823,597.5,0.7935,5
ENST00000696326.1,ENSG00000115392,396,59,1247,633.0,0.5328,1
ENST00000696533.1,ENSG00000077721,225,250,925,1412.0,2.0919,1
ENST00000696553.1,ENSG00000116560,729,334,2521,8940.5,4.088,4
ENST00000696814.1,ENSG00000101003,203,92,701,531.5,0.8727,3
ENST00000697718.1,ENSG00000132963,148,36,480,2674.5,6.0236,3
ENST00000698283.1,ENSG00000072274,796,71,2459,3379.0,1.415,5
ENST00000698368.1,ENSG00000268400,65,15,210,593.0,3.041,3
ENST00000698794.1,ENSG00000114416,651,24,1977,1636.0,0.8377,2
ENST00000699037.1,ENSG00000077097.17,1518,87,4641,3985.0,0.8751,
ENST00000699169.1,ENSG00000128789,276,82,910,710.0,0.8575,5
ENST00000699273.1,ENSG00000058262,486,169,1627,2415.0,1.6564,1
ENST00000699794.1,ENSG00000071127,660,284,2264,1629.5,0.823,1
ENST00000699935.1,ENSG00000182117,73,346,565,571.5,2.6096,4
ENST00000700002.1,ENSG00000116062,1363,72,4161,3810.5,0.9319,2
ENST00000700293.1,ENSG00000099341,354,39,1101,2444.0,2.3013,1
ENST00000700665.1,ENSG00000135506,669,321,2328,1911.0,0.9522,1
ENST00000700714.2,ENSG00000141367,1722,237,5403,11382.0,2.2033,4
ENST00000703174.1,ENSG00000213639,369,96,1203,3056.5,2.7611,2
ENST00000703257.1,ENSG00000129460,357,17,1088,712.0,0.6648,1
ENST00000703354.1,ENSG00000113575,318,182,1136,1848.0,1.9371,1
ENST00000703888.1,ENSG00000033627,880,136,2776,1337.5,0.5066,1
ENST00000703936.1,ENSG00000290315,1195,181,3766,7932.0,2.2126,4
ENST00000703987.1,ENSG00000124486,2576,420,8148,6245.5,0.8082,5
ENST00000704002.1,ENSG00000136238,226,197,875,2248.0,3.3156,1
ENST00000704381.1,ENSG00000290318,164,234,726,4925.5,10.0112,5
ENST00000704995.1,ENSG00000184897,265,231,1026,1896.0,2.3849,3
ENST00000705448.1,ENSG00000118705,655,938,2903,6347.0,3.23,1
ENST00000705717.1,ENSG00000228696,181,63,606,722.5,1.3306,2
ENST00000706186.1,ENSG00000087111,595,34,1819,1243.5,0.6966,4
ENST00000706251.1,ENSG00000185829,240,108,828,725.5,1.0076,2
ENST00000706299.1,ENSG00000008282,286,60,918,1481.0,1.7261,3
ENST00000706454.1,ENSG00000105819,509,40,1567,2305.5,1.5098,1
ENST00000706600.1,ENSG00000005893,455,128,1493,3163.5,2.3176,3
ENST00000706669.1,ENSG00000169727,560,34,1714,2323.5,1.383,1
ENST00000706760.1,ENSG00000104805,472,81,1497,1242.5,0.8775,1
ENST00000706894.1,ENSG00000206503,395,276,1461,963.5,0.8131,3
ENST00000706947.1,ENSG00000291313,98,339,633,859.0,2.9218,1
ENST00000706949.1,ENSG00000101210,513,97,1636,1099.0,0.7141,5
ENST00000710272.1,ENSG00000143321,326,37,1015,2253.5,2.3042,3
ENST00000710273.1,ENSG00000177606,354,911,1973,1359.0,1.2797,4
ENST00000710358.1,ENSG00000159335,176,343,871,853.5,1.6165,3
ENST00000710361.1,ENSG00000142453,626,99,1977,1135.0,0.6044,1
ENST00000710369.1,ENSG00000160679,269,235,1042,1803.5,2.2348,3
ENST00000710381.1,ENSG00000136504,638,76,1990,1255.5,0.656,2
ENST00000710383.1,ENSG00000135316,679,42,2079,5192.0,2.5488,1
ENST00000711158.1,ENSG00000292348.1,185,48,603,1315.0,2.3694,
ENST00000711159.1,ENSG00000292348.1,161,51,534,1051.0,2.176,
ENST00000711160.1,ENSG00000292348.1,186,66,624,1368.5,2.4525,
ENST00000711163.1,ENSG00000292348.1,178,81,615,1049.5,1.9654,
ENST00000711164.1,ENSG00000292348.1,170,85,595,1270.5,2.4912,
ENST00000711165.1,ENSG00000292348.1,161,174,657,1051.0,2.176,
ENST00000711214.1,ENSG00000292334.1,299,104,1001,4577.5,5.1031,
ENST00000711260.1,ENSG00000292366.1,221,113,776,585.0,0.8824,
ENST00000711264.1,ENSG00000292366.1,261,83,866,493.0,0.6296,
ENST00000711265.1,ENSG00000292366,180,80,620,497.5,0.9213,5
ENST00000711312.1,ENSG00000103275,211,339,972,1120.0,1.7694,3
ENST00000713776.1,ENSG00000213593,302,26,932,1344.0,1.4834,3
ENST00000713963.1,ENSG00000167985,198,23,617,365.0,0.6145,4
ENST00000714034.1,ENSG00000117118,296,132,1020,1142.0,1.286,2
ENST00000714063.1,ENSG00000143252,180,25,565,2144.5,3.9713,3
ENST00000714408.1,ENSG00000141510,412,142,1378,1967.0,1.5914,2
ENST00000715596.1,ENSG00000293600,104,398,710,634.5,2.0337,4
