transcript_id,gene_id,n_codons,cds_start,cds_end,sum_avg_count,sum_avg_count_norm,cv5_test_fold
ENST00000000233.10,ENSG00000004059,181,88,631,1049.0,1.9319,3
ENST00000001008.6,ENSG00000004478,460,170,1550,2278.0,1.6507,1
ENST00000005257.7,ENSG00000006451,207,291,912,348.5,0.5612,2
ENST00000007516.8,ENSG00000004779,157,26,497,1206.5,2.5616,1
ENST00000009530.13,ENSG00000019582,297,161,1052,515.5,0.5786,5
ENST00000010404.6,ENSG00000008394,156,65,533,2513.5,5.3707,2
ENST00000011691.6,ENSG00000008324,78,38,272,207.0,0.8846,2
ENST00000013034.3,ENSG00000239672,178,209,743,1640.0,3.0712,1
ENST00000025399.10,ENSG00000023734,364,314,1406,1808.5,1.6561,3
ENST00000037243.7,ENSG00000034713,118,108,462,438.5,1.2387,2
ENST00000044462.12,ENSG00000041357,262,119,905,2256.0,2.8702,2
ENST00000053867.8,ENSG00000030582,594,40,1822,918.0,0.5152,3
ENST00000054666.11,ENSG00000049245,101,88,391,163.0,0.538,1
ENST00000075120.12,ENSG00000059804,497,153,1644,5346.5,3.5858,1
ENST00000085068.7,ENSG00000063241,222,137,803,724.0,1.0871,1
ENST00000157812.7,ENSG00000013275,419,38,1295,1040.5,0.8278,3
ENST00000168216.11,ENSG00000072506,262,25,811,733.5,0.9332,3
ENST00000175091.5,ENSG00000068697,234,108,810,1650.5,2.3511,2
ENST00000177742.7,ENSG00000074071,226,31,709,1337.0,1.972,4
ENST00000184266.3,ENSG00000065518,130,24,414,1561.5,4.0038,3
ENST00000199706.13,ENSG00000086504,257,47,818,708.0,0.9183,3
ENST00000200457.9,ENSG00000087077,477,111,1542,770.5,0.5384,4
ENST00000202773.14,ENSG00000089009,289,19,886,557.5,0.643,5
ENST00000203407.6,ENSG00000010256,481,26,1469,2173.5,1.5062,2
ENST00000203630.10,ENSG00000089693,249,231,978,1084.0,1.4511,2
ENST00000205402.10,ENSG00000091140,510,68,1598,800.5,0.5232,4
ENST00000206020.8,ENSG00000091640,228,13,697,441.5,0.6455,5
ENST00000209875.9,ENSG00000094916,192,157,733,842.0,1.4618,5
ENST00000210444.6,ENSG00000095380,360,77,1157,597.0,0.5528,4
ENST00000211998.10,ENSG00000035403,1135,92,3497,2942.0,0.864,5
ENST00000215375.7,ENSG00000099624,169,100,607,916.5,1.8077,3
ENST00000215565.3,ENSG00000099795,138,66,480,687.5,1.6606,2
ENST00000215570.8,ENSG00000099800,96,53,341,1094.0,3.7986,5
ENST00000215574.9,ENSG00000099804,237,172,883,592.5,0.8333,2
ENST00000215754.8,ENSG00000240972,116,92,440,627.5,1.8032,3
ENST00000215829.8,ENSG00000100028,127,91,472,2347.5,6.1614,3
ENST00000215882.10,ENSG00000100075,312,63,999,986.0,1.0534,5
ENST00000216034.6,ENSG00000100216,143,22,451,647.0,1.5082,1
ENST00000216121.12,ENSG00000184117,285,31,886,1081.5,1.2649,1
ENST00000216122.9,ENSG00000100297,735,77,2282,2176.5,0.9871,5
ENST00000216146.9,ENSG00000100316,404,26,1238,3767.5,3.1085,1
ENST00000216190.13,ENSG00000100353,549,101,1748,1288.5,0.7823,2
ENST00000216218.8,ENSG00000100380,370,99,1209,1334.5,1.2023,1
ENST00000216225.9,ENSG00000100387,109,21,348,929.5,2.8425,1
ENST00000216252.4,ENSG00000100410,111,39,372,518.0,1.5556,3
ENST00000216297.7,ENSG00000092201,1048,92,3236,1806.0,0.5744,2
ENST00000216330.7,ENSG00000100442,225,411,1086,1541.0,2.283,2
ENST00000216455.9,ENSG00000100567,256,78,846,1718.0,2.237,4
ENST00000216479.8,ENSG00000100591,339,97,1114,854.5,0.8402,3
ENST00000216554.8,ENSG00000100664,432,441,1737,752.5,0.5806,1
ENST00000216714.8,ENSG00000100823,319,237,1194,1256.5,1.313,2
ENST00000216727.9,ENSG00000100836,307,13,934,1404.0,1.5244,3
ENST00000217195.12,ENSG00000101220,200,152,752,424.5,0.7075,4
ENST00000217402.3,ENSG00000101421,225,121,796,455.0,0.6741,3
ENST00000217426.7,ENSG00000101444,433,85,1384,2771.5,2.1336,3
ENST00000217515.11,ENSG00000091164,290,152,1022,710.0,0.8161,1
ENST00000217958.8,ENSG00000101843,227,22,703,350.5,0.5147,5
ENST00000217971.8,ENSG00000101856,196,79,667,1986.5,3.3784,4
ENST00000218224.9,ENSG00000102103,266,572,1370,427.0,0.5351,3
ENST00000218388.9,ENSG00000102265,208,47,671,936.0,1.5,3
ENST00000218439.8,ENSG00000102316,607,125,1946,1365.5,0.7499,5
ENST00000219252.10,ENSG00000102978,276,46,874,643.0,0.7766,3
ENST00000219302.8,ENSG00000103024,170,9,519,356.5,0.699,1
ENST00000219313.9,ENSG00000103035,325,101,1076,691.5,0.7092,2
ENST00000220772.8,ENSG00000104332,315,314,1259,2548.0,2.6963,3
ENST00000221418.9,ENSG00000104823,329,22,1009,636.5,0.6449,4
ENST00000221486.6,ENSG00000104889,300,90,990,603.5,0.6706,2
ENST00000221494.10,ENSG00000104897,465,115,1510,974.0,0.6982,3
ENST00000221561.12,ENSG00000104964,265,180,975,402.0,0.5057,5
ENST00000221801.8,ENSG00000105202,322,79,1045,3016.5,3.1227,2
ENST00000221859.9,ENSG00000105258,126,19,397,384.0,1.0159,5
ENST00000221957.9,ENSG00000105355,435,76,1381,731.5,0.5605,4
ENST00000222005.7,ENSG00000105401,379,63,1200,1174.5,1.033,5
ENST00000222008.11,ENSG00000105404,186,29,587,673.0,1.2061,1
ENST00000222247.10,ENSG00000105640,177,47,578,4112.5,7.7448,5
ENST00000222266.2,ENSG00000205155,102,140,446,288.0,0.9412,4
ENST00000222284.10,ENSG00000105677,225,114,789,627.5,0.9296,3
ENST00000222969.10,ENSG00000106245,145,442,877,377.0,0.8667,4
ENST00000223029.8,ENSG00000106305,321,92,1055,566.0,0.5877,5
ENST00000223129.8,ENSG00000106399,122,1172,1538,746.0,2.0383,4
ENST00000223136.5,ENSG00000214253,153,77,536,311.0,0.6776,4
ENST00000223271.8,ENSG00000106538,164,72,564,544.0,1.1057,1
ENST00000223321.9,ENSG00000106588,235,16,721,2752.0,3.9035,3
ENST00000223324.3,ENSG00000106591,189,11,578,621.5,1.0961,5
ENST00000223336.11,ENSG00000106603,147,133,574,233.5,0.5295,2
ENST00000223369.3,ENSG00000106636,199,158,755,347.0,0.5812,4
ENST00000223500.9,ENSG00000086065,220,30,690,397.5,0.6023,1
ENST00000223641.5,ENSG00000106803,97,82,373,525.0,1.8041,5
ENST00000224073.6,ENSG00000107223,149,50,497,953.0,2.132,5
ENST00000225174.8,ENSG00000108179,208,80,704,520.0,0.8333,1
ENST00000225504.8,ENSG00000213246,118,66,420,467.5,1.3206,3
ENST00000225525.4,ENSG00000213977,125,52,427,367.5,0.98,1
ENST00000225603.9,ENSG00000108468,186,248,806,909.5,1.6299,2
ENST00000225655.6,ENSG00000108518,141,136,559,7769.0,18.3664,4
ENST00000225698.8,ENSG00000108561,283,82,931,3086.5,3.6355,3
ENST00000225792.10,ENSG00000108654,615,170,2015,2519.5,1.3656,1
ENST00000225964.10,ENSG00000108821,1465,118,4513,4232.0,0.9629,1
ENST00000225969.9,ENSG00000108826,149,14,461,584.0,1.3065,5
ENST00000225972.8,ENSG00000108829,308,206,1130,819.0,0.8864,1
ENST00000226253.9,ENSG00000109107,365,107,1202,649.0,0.5927,5
ENST00000227266.10,ENSG00000109861,464,64,1456,3285.0,2.3599,3
ENST00000227378.7,ENSG00000109971,647,8,1949,6034.0,3.1087,4
ENST00000227507.3,ENSG00000110092,296,158,1046,584.0,0.6577,5
ENST00000227524.9,ENSG00000110107,505,203,1718,1110.5,0.733,2
ENST00000228136.9,ENSG00000110696,184,132,684,1092.5,1.9792,3
ENST00000228251.9,ENSG00000060138,373,212,1331,1039.5,0.929,1
ENST00000228306.8,ENSG00000089157,318,237,1191,2021.5,2.119,1
ENST00000228318.8,ENSG00000075415,363,59,1148,2547.0,2.3388,2
ENST00000228506.8,ENSG00000110917,293,148,1027,603.5,0.6866,5
ENST00000228825.12,ENSG00000111229,179,77,614,415.0,0.7728,5
ENST00000229238.5,ENSG00000111639,129,126,513,557.0,1.4393,5
ENST00000229239.10,ENSG00000111640,336,76,1084,8506.0,8.4385,1
ENST00000229270.8,ENSG00000111669,287,337,1198,3649.0,4.2381,3
ENST00000229277.6,ENSG00000111674,435,92,1397,1091.0,0.836,4
ENST00000229281.6,ENSG00000111678,127,100,481,587.0,1.5407,2
ENST00000229379.3,ENSG00000111775,110,14,344,1900.5,5.7591,1
ENST00000229390.8,ENSG00000111786,222,139,805,1321.5,1.9842,1
ENST00000229563.6,ENSG00000111843,113,216,555,679.5,2.0044,5
ENST00000229595.6,ENSG00000111875,205,262,877,313.5,0.5098,4
ENST00000230050.4,ENSG00000112306,133,82,481,2121.5,5.317,4
ENST00000230056.8,ENSG00000112312,210,333,963,860.0,1.3651,5
ENST00000230085.13,ENSG00000112335,163,119,608,326.5,0.6677,4
ENST00000230461.11,ENSG00000112697,362,154,1240,546.0,0.5028,1
ENST00000231061.9,ENSG00000113140,304,64,976,1877.5,2.0587,2
ENST00000232905.4,ENSG00000114784,114,235,577,507.5,1.4839,2
ENST00000233025.11,ENSG00000114902,170,205,715,488.0,0.9569,5
ENST00000233078.9,ENSG00000071626,408,188,1412,1577.5,1.2888,2
ENST00000233084.8,ENSG00000079785,741,66,2289,1353.0,0.6086,2
ENST00000233143.6,ENSG00000034510,45,78,213,3095.5,22.9296,3
ENST00000233146.7,ENSG00000095002,935,36,2841,2108.5,0.7517,2
ENST00000233468.5,ENSG00000115128,126,97,475,1080.0,2.8571,1
ENST00000233809.9,ENSG00000115457,326,104,1082,5157.0,5.273,2
ENST00000233893.10,ENSG00000115541,103,58,367,3270.5,10.5841,1
ENST00000234301.3,ENSG00000115944,115,56,401,403.5,1.1696,3
ENST00000234590.10,ENSG00000074800,435,116,1421,19934.0,15.2751,1
ENST00000234831.10,ENSG00000116209,324,16,988,532.5,0.5478,5
ENST00000234875.9,ENSG00000116251,129,22,409,595.5,1.5388,4
ENST00000235090.10,ENSG00000116455,343,87,1116,625.0,0.6074,1
ENST00000236957.9,ENSG00000114942,226,121,799,1923.0,2.8363,1
ENST00000236959.14,ENSG00000138363,593,84,1863,1716.5,0.9649,5
ENST00000237380.12,ENSG00000118579,179,14,551,517.5,0.9637,3
ENST00000237500.10,ENSG00000118680,173,120,639,875.0,1.6859,4
ENST00000237654.9,ENSG00000118816,378,561,1695,624.0,0.5503,2
ENST00000237889.9,ENSG00000119013,99,61,358,386.5,1.3013,4
ENST00000238081.8,ENSG00000134308,246,139,877,2991.5,4.0535,5
ENST00000238892.4,ENSG00000119878,102,68,374,167.0,0.5458,5
ENST00000240185.8,ENSG00000120948,415,102,1347,636.5,0.5112,4
ENST00000240922.8,ENSG00000121579,170,300,810,796.0,1.5608,3
ENST00000241600.10,ENSG00000122140,297,29,920,532.0,0.5971,1
ENST00000242285.11,ENSG00000122705,249,136,883,1326.0,1.7751,1
ENST00000242576.7,ENSG00000076248,314,83,1025,1062.5,1.1279,5
ENST00000242577.11,ENSG00000088986,90,110,380,1621.5,6.0056,1
ENST00000242776.9,ENSG00000123136,428,76,1360,692.5,0.5393,4
ENST00000242784.5,ENSG00000123144,177,27,558,701.0,1.3202,4
ENST00000242827.11,ENSG00000123179,207,62,683,448.0,0.7214,5
ENST00000243563.8,ENSG00000077312,283,206,1055,1098.5,1.2939,1
ENST00000243997.8,ENSG00000124172,52,84,240,715.0,4.5833,1
ENST00000244020.5,ENSG00000124193,345,138,1173,547.5,0.529,5
ENST00000244061.6,ENSG00000124226,229,16,703,430.0,0.6259,2
ENST00000244221.9,ENSG00000124374,124,187,559,231.5,0.6223,5
ENST00000244496.6,ENSG00000124541,260,32,812,467.0,0.5987,2
ENST00000244534.7,ENSG00000124575,222,54,720,13943.0,20.9354,4
ENST00000244537.6,ENSG00000274618,104,33,345,7422.5,23.7901,1
ENST00000244745.4,ENSG00000124766,475,784,2209,902.0,0.633,1
ENST00000245206.10,ENSG00000125166,431,88,1381,2138.0,1.6535,3
ENST00000245812.8,ENSG00000125652,222,27,693,358.0,0.5375,1
ENST00000245816.11,ENSG00000125656,278,44,878,418.5,0.5018,3
ENST00000245932.11,ENSG00000125753,381,293,1436,1051.5,0.9199,1
ENST00000246069.12,ENSG00000125868,166,134,632,531.5,1.0673,1
ENST00000246071.8,ENSG00000125870,226,174,852,888.0,1.3097,1
ENST00000246194.8,ENSG00000125970,307,313,1234,895.0,0.9718,5
ENST00000246337.9,ENSG00000126088,368,12,1116,569.5,0.5159,2
ENST00000246548.9,ENSG00000126261,641,52,1975,1198.5,0.6232,1
ENST00000246747.9,ENSG00000213465,185,48,603,1516.0,2.7315,2
ENST00000246784.8,ENSG00000126453,251,143,896,552.5,0.7337,5
ENST00000246957.10,ENSG00000126602,705,16,2131,1604.0,0.7584,1
ENST00000247655.4,ENSG00000127184,64,115,307,914.5,4.763,3
ENST00000247866.9,ENSG00000090266,106,37,355,529.5,1.6651,4
ENST00000247970.9,ENSG00000127445,164,27,519,375.0,0.7622,2
ENST00000248089.8,ENSG00000103145,139,1,418,282.0,0.6763,1
ENST00000248342.9,ENSG00000178982,219,81,738,1325.0,2.0167,2
ENST00000248378.6,ENSG00000127774,111,137,470,241.0,0.7237,5
ENST00000248975.6,ENSG00000128245,247,199,940,1618.5,2.1842,2
ENST00000249299.7,ENSG00000128534,97,60,351,220.0,0.756,4
ENST00000249330.3,ENSG00000128564,616,216,2064,1526.0,0.8258,4
ENST00000250101.10,ENSG00000129235,124,23,395,1232.5,3.3132,3
ENST00000250495.10,ENSG00000129559,82,100,346,613.0,2.4919,1
ENST00000250498.9,ENSG00000129562,114,67,409,765.0,2.2368,1
ENST00000250559.14,ENSG00000127314,185,171,726,460.0,0.8288,1
ENST00000252102.9,ENSG00000131495,100,47,347,650.0,2.1667,3
ENST00000252329.3,ENSG00000157778,123,553,922,239.0,0.6477,2
ENST00000252483.10,ENSG00000130202,539,229,1846,869.5,0.5377,5
ENST00000252486.9,ENSG00000130203,318,69,1023,8044.5,8.4324,5
ENST00000252487.9,ENSG00000130204,362,101,1187,868.5,0.7997,5
ENST00000252622.15,ENSG00000130332,104,20,332,990.5,3.1747,2
ENST00000252699.7,ENSG00000130402,912,97,2833,1551.5,0.5671,2
ENST00000252818.5,ENSG00000130522,348,138,1182,644.0,0.6169,4
ENST00000252934.10,ENSG00000130638,476,230,1658,1213.5,0.8498,1
ENST00000253003.7,ENSG00000130706,408,54,1278,1097.0,0.8962,2
ENST00000253023.8,ENSG00000130725,184,230,782,637.5,1.1549,2
ENST00000253024.10,ENSG00000130726,836,694,3202,8161.5,3.2542,3
ENST00000253039.9,ENSG00000130741,473,13,1432,2890.5,2.037,3
ENST00000253108.9,ENSG00000130811,321,40,1003,1187.0,1.2326,1
ENST00000253413.10,ENSG00000131100,227,114,795,694.5,1.0198,3
ENST00000253452.8,ENSG00000131143,170,59,569,2516.5,4.9343,3
ENST00000253457.8,ENSG00000131148,211,249,882,342.5,0.5411,1
ENST00000253462.8,ENSG00000131153,186,56,614,426.0,0.7634,4
ENST00000253788.12,ENSG00000131469,137,55,466,3310.0,8.0535,3
ENST00000253794.7,ENSG00000131475,177,27,558,520.0,0.9793,4
ENST00000254193.11,ENSG00000131876,256,70,838,722.5,0.9408,5
ENST00000254231.4,ENSG00000131914,210,75,705,4031.0,6.3984,3
ENST00000254480.10,ENSG00000173473,1106,96,3414,1729.5,0.5212,2
ENST00000254616.11,ENSG00000132286,104,16,328,194.5,0.6234,5
ENST00000254719.10,ENSG00000132383,617,89,1940,954.5,0.5157,4
ENST00000254799.11,ENSG00000132463,481,63,1506,1070.5,0.7419,1
ENST00000254810.8,ENSG00000132475,137,133,544,3094.5,7.5292,2
ENST00000254878.8,ENSG00000132541,138,75,489,285.0,0.6884,1
ENST00000256196.9,ENSG00000133818,205,313,928,496.5,0.8073,5
ENST00000256319.7,ENSG00000133935,141,133,556,322.0,0.7612,2
ENST00000256383.11,ENSG00000134001,316,130,1078,678.0,0.7152,4
ENST00000256442.10,ENSG00000134057,434,113,1415,2243.5,1.7231,2
ENST00000256644.8,ENSG00000134248,174,76,598,416.0,0.7969,3
ENST00000256682.9,ENSG00000134287,182,271,817,1214.0,2.2234,3
ENST00000256689.10,ENSG00000134294,507,351,1872,1997.0,1.313,5
ENST00000256854.10,ENSG00000134440,549,119,1766,1258.5,0.7641,4
ENST00000257245.9,ENSG00000134809,91,142,415,364.5,1.3352,2
ENST00000257696.5,ENSG00000135245,64,214,406,100.5,0.5234,3
ENST00000257787.6,ENSG00000135334,204,549,1161,434.0,0.7092,4
ENST00000257857.9,ENSG00000135404,239,68,785,1821.5,2.5404,2
ENST00000257904.11,ENSG00000135446,304,155,1067,1045.5,1.1464,5
ENST00000258091.10,ENSG00000135624,544,71,1703,4377.5,2.6823,2
ENST00000258424.3,ENSG00000135940,130,25,415,1741.0,4.4641,4
ENST00000258662.3,ENSG00000136159,165,21,516,355.0,0.7172,5
ENST00000258729.8,ENSG00000136231,580,381,2121,988.5,0.5681,2
ENST00000258739.9,ENSG00000136240,213,95,734,484.5,0.7582,1
ENST00000258761.8,ENSG00000136261,420,115,1375,641.0,0.5087,2
ENST00000259006.8,ENSG00000136490,128,144,528,249.5,0.6497,3
ENST00000259037.8,ENSG00000136521,190,22,592,306.0,0.5368,1
ENST00000259457.8,ENSG00000136930,278,17,851,1652.5,1.9814,3
ENST00000259470.6,ENSG00000136943,335,82,1087,848.5,0.8443,2
ENST00000259818.8,ENSG00000137285,446,110,1448,3632.0,2.7145,3
ENST00000259873.5,ENSG00000204568,259,26,803,647.0,0.8327,4
ENST00000259915.13,ENSG00000204531,361,62,1145,8745.0,8.0748,2
ENST00000260102.9,ENSG00000137547,297,43,934,617.0,0.6925,4
ENST00000260247.10,ENSG00000137692,238,288,1002,483.5,0.6772,2
ENST00000260379.11,ENSG00000137818,115,131,476,2195.0,6.3623,3
ENST00000260746.6,ENSG00000138175,183,122,671,336.5,0.6129,1
ENST00000260956.9,ENSG00000138385,409,115,1342,2055.5,1.6752,3
ENST00000261313.3,ENSG00000089220,188,86,650,3665.5,6.4991,3
ENST00000261366.10,ENSG00000113368,587,373,2134,1892.5,1.0747,4
ENST00000261427.10,ENSG00000078140,201,192,795,771.0,1.2786,3
ENST00000261497.9,ENSG00000124422,526,176,1754,1952.5,1.2373,4
ENST00000261507.11,ENSG00000052802,294,127,1009,468.0,0.5306,4
ENST00000261574.10,ENSG00000065150,1116,180,3528,2556.0,0.7634,4
ENST00000261601.8,ENSG00000101557,495,142,1627,876.0,0.5899,2
ENST00000261692.7,ENSG00000111328,116,238,586,334.5,0.9612,5
ENST00000261700.8,ENSG00000087302,245,94,829,1640.5,2.232,3
ENST00000261712.8,ENSG00000108671,423,14,1283,1511.0,1.1907,3
ENST00000261735.4,ENSG00000089248,262,40,826,1493.0,1.8995,1
ENST00000261769.10,ENSG00000039068,883,124,2773,1848.0,0.6976,1
ENST00000261811.6,ENSG00000120306,98,118,412,190.0,0.6463,3
ENST00000261813.9,ENSG00000113068,123,28,397,222.5,0.603,2
ENST00000261890.7,ENSG00000103769,217,95,746,1066.0,1.6375,3
ENST00000262027.10,ENSG00000166986,901,23,2726,1422.0,0.5261,5
ENST00000262030.8,ENSG00000110955,530,21,1611,8621.0,5.422,5
ENST00000262177.9,ENSG00000105993,327,167,1148,1505.5,1.5347,2
ENST00000262193.7,ENSG00000008018,242,65,791,2936.0,4.0441,4
ENST00000262225.8,ENSG00000086598,202,85,691,742.5,1.2252,1
ENST00000262238.10,ENSG00000100811,415,101,1346,805.0,0.6466,4
ENST00000262302.14,ENSG00000095906,272,61,877,411.0,0.5037,5
ENST00000262306.11,ENSG00000103363,162,38,524,1518.0,3.1235,4
ENST00000262428.5,ENSG00000103187,143,164,593,904.5,2.1084,3
ENST00000262584.7,ENSG00000161016,258,233,1007,7650.5,9.8844,1
ENST00000262613.10,ENSG00000109062,359,219,1296,664.0,0.6165,4
ENST00000262646.12,ENSG00000104388,213,221,860,428.0,0.6698,1
ENST00000262746.5,ENSG00000117450,200,341,941,5284.5,8.8075,4
ENST00000262890.8,ENSG00000079462,232,315,1011,630.0,0.9052,1
ENST00000262982.3,ENSG00000124207,972,123,3039,2508.5,0.8603,5
ENST00000263168.4,ENSG00000116489,287,13,874,744.5,0.8647,3
ENST00000263202.15,ENSG00000070010,308,108,1032,467.5,0.506,5
ENST00000263238.7,ENSG00000115091,419,191,1448,1018.5,0.8103,5
ENST00000263354.8,ENSG00000105402,296,123,1011,452.5,0.5096,2
ENST00000263574.9,ENSG00000084234,764,72,2364,2470.5,1.0779,1
ENST00000263672.11,ENSG00000118363,227,20,701,421.5,0.6189,5
ENST00000263694.9,ENSG00000060688,358,37,1111,791.5,0.737,4
ENST00000263697.6,ENSG00000126698,254,31,793,808.0,1.0604,5
ENST00000263774.9,ENSG00000213619,265,18,813,710.0,0.8931,3
ENST00000264093.9,ENSG00000114956,278,31,865,452.5,0.5426,5
ENST00000264108.5,ENSG00000128708,420,40,1300,764.0,0.6063,3
ENST00000264156.3,ENSG00000076003,822,78,2544,1704.0,0.691,2
ENST00000264161.9,ENSG00000115866,502,158,1664,883.0,0.5863,2
ENST00000264312.12,ENSG00000109180,246,167,905,737.5,0.9993,5
ENST00000264335.13,ENSG00000108953,256,112,880,2004.5,2.61,3
ENST00000264552.14,ENSG00000108106,223,199,868,1971.5,2.9469,2
ENST00000264639.9,ENSG00000108344,535,164,1769,1380.5,0.8601,1
ENST00000264710.5,ENSG00000084733,201,525,1128,524.5,0.8698,1
ENST00000264933.9,ENSG00000249915,192,75,651,340.5,0.5911,4
ENST00000265073.9,ENSG00000113387,128,70,454,936.0,2.4375,5
ENST00000265192.9,ENSG00000120727,128,153,537,788.5,2.0534,1
ENST00000265260.8,ENSG00000081154,179,36,573,430.5,0.8017,1
ENST00000265304.11,ENSG00000106028,149,96,543,1445.0,3.2327,1
ENST00000265333.8,ENSG00000213585,284,87,939,1443.5,1.6942,1
ENST00000265462.9,ENSG00000126432,215,95,740,1137.5,1.7636,2
ENST00000265564.8,ENSG00000075914,292,34,910,510.0,0.5822,2
ENST00000265643.4,ENSG00000069482,124,189,561,1710.5,4.5981,1
ENST00000265729.7,ENSG00000075142,199,12,609,670.0,1.1223,4
ENST00000265753.13,ENSG00000106682,249,28,775,1117.5,1.496,1
ENST00000265758.7,ENSG00000071462,282,29,875,471.0,0.5567,3
ENST00000265857.8,ENSG00000239857,328,92,1076,526.0,0.5346,4
ENST00000265866.12,ENSG00000096746,347,176,1217,1182.0,1.1354,3
ENST00000265881.10,ENSG00000076043,238,62,776,509.0,0.7129,3
ENST00000266069.5,ENSG00000101193,229,119,806,583.5,0.8493,5
ENST00000266263.10,ENSG00000242114,167,112,613,319.0,0.6367,1
ENST00000266544.10,ENSG00000139180,378,13,1147,607.5,0.5357,2
ENST00000267750.9,ENSG00000128463,184,99,651,523.5,0.9484,4
ENST00000267884.11,ENSG00000140319,137,65,476,2145.5,5.2202,3
ENST00000267935.13,ENSG00000140365,200,27,627,333.0,0.555,3
ENST00000267970.9,ENSG00000140391,254,155,917,513.0,0.6732,3
ENST00000268150.13,ENSG00000140545,388,60,1224,7015.0,6.0266,1
ENST00000268379.9,ENSG00000140740,454,63,1425,1342.5,0.9857,4
ENST00000268668.11,ENSG00000140990,173,87,606,798.0,1.5376,3
ENST00000269097.9,ENSG00000141349,347,231,1272,842.5,0.8093,1
ENST00000269518.9,ENSG00000141682,137,162,573,315.5,0.7676,5
ENST00000269593.5,ENSG00000141753,259,286,1063,874.5,1.1255,3
ENST00000269601.10,ENSG00000141759,143,171,600,447.5,1.0431,2
ENST00000270142.11,ENSG00000142168,155,77,542,1260.0,2.7097,1
ENST00000270225.12,ENSG00000142230,347,96,1137,1284.5,1.2339,5
ENST00000270586.8,ENSG00000142507,240,31,751,2505.5,3.4799,5
ENST00000270625.7,ENSG00000142534,159,23,500,5077.5,10.6447,2
ENST00000270776.13,ENSG00000142657,484,54,1506,2212.5,1.5238,5
ENST00000270792.10,ENSG00000142669,94,70,352,570.0,2.0213,1
ENST00000271308.9,ENSG00000143106,242,118,844,1530.0,2.1074,1
ENST00000271373.9,ENSG00000143158,128,191,575,200.5,0.5221,2
ENST00000271628.9,ENSG00000143368,425,44,1319,1032.5,0.8098,2
ENST00000271638.3,ENSG00000163191,106,89,407,1018.5,3.2028,3
ENST00000271850.11,ENSG00000143549,286,40,898,898.0,1.0466,4
ENST00000272065.10,ENSG00000143727,159,18,495,616.5,1.2925,5
ENST00000272102.10,ENSG00000143761,182,95,641,1537.5,2.8159,5
ENST00000273223.10,ENSG00000144713,154,58,520,906.5,1.9621,1
ENST00000273308.9,ENSG00000257727,183,193,742,379.5,0.6913,5
ENST00000273480.4,ENSG00000114125,114,44,386,238.5,0.6974,5
ENST00000273920.8,ENSG00000145293,262,240,1026,498.5,0.6342,3
ENST00000273968.5,ENSG00000145337,115,76,421,236.0,0.6841,1
ENST00000274026.10,ENSG00000145386,433,255,1554,1014.0,0.7806,4
ENST00000274063.5,ENSG00000145423,296,248,1136,3884.0,4.3739,5
ENST00000274065.9,ENSG00000145425,265,25,820,3338.5,4.1994,5
ENST00000274242.10,ENSG00000145592,98,37,331,1167.5,3.9711,1
ENST00000274606.8,ENSG00000145912,154,68,530,1036.5,2.2435,2
ENST00000274712.8,ENSG00000146007,200,14,614,418.0,0.6967,2
ENST00000274787.3,ENSG00000146066,107,69,390,360.5,1.1231,1
ENST00000275603.9,ENSG00000146731,532,84,1680,1415.5,0.8869,3
ENST00000276585.9,ENSG00000147586,188,11,575,450.0,0.7979,3
ENST00000276682.8,ENSG00000147677,367,767,1868,1238.0,1.1244,4
ENST00000276689.8,ENSG00000147684,180,64,604,1421.5,2.6324,2
ENST00000277010.9,ENSG00000147955,224,90,762,571.0,0.8497,5
ENST00000278175.10,ENSG00000148926,186,178,736,311.5,0.5582,1
ENST00000278412.7,ENSG00000149136,710,282,2412,1754.5,0.8237,5
ENST00000278483.8,ENSG00000149196,198,209,803,386.5,0.6507,5
ENST00000278572.10,ENSG00000149273,260,18,798,5512.0,7.0667,2
ENST00000278671.10,ENSG00000149357,162,73,559,406.0,0.8354,2
ENST00000278840.9,ENSG00000134824,445,91,1426,2232.0,1.6719,4
ENST00000279022.7,ENSG00000101335,173,69,588,665.5,1.2823,1
ENST00000279242.7,ENSG00000149792,167,26,527,347.5,0.6936,5
ENST00000279387.12,ENSG00000149923,308,164,1088,1084.0,1.1732,3
ENST00000280326.9,ENSG00000150753,542,61,1687,3483.5,2.1424,1
ENST00000280557.11,ENSG00000139726,199,136,733,375.0,0.6281,5
ENST00000281031.5,ENSG00000151366,120,118,478,874.0,2.4278,2
ENST00000281141.9,ENSG00000151465,337,58,1069,1058.0,1.0465,1
ENST00000281456.11,ENSG00000151729,299,107,1004,528.0,0.5886,2
ENST00000282050.6,ENSG00000152234,554,145,1807,3286.0,1.9771,5
ENST00000282058.11,ENSG00000152240,279,27,864,511.0,0.6105,5
ENST00000282561.4,ENSG00000152661,383,203,1352,8990.5,7.8246,5
ENST00000283131.4,ENSG00000153147,1053,223,3382,1757.0,0.5562,5
ENST00000283415.4,ENSG00000153395,535,116,1721,1001.0,0.6237,4
ENST00000284240.10,ENSG00000154096,162,84,570,1361.5,2.8014,1
ENST00000284727.9,ENSG00000154518,143,128,557,2918.0,6.8019,3
ENST00000285093.15,ENSG00000167315,398,49,1243,922.5,0.7726,5
ENST00000285298.9,ENSG00000239789,131,71,464,238.5,0.6069,4
ENST00000285930.9,ENSG00000085662,317,38,989,1470.5,1.5463,1
ENST00000286201.3,ENSG00000155760,575,793,2518,2781.0,1.6122,5
ENST00000286371.8,ENSG00000069849,280,159,999,1427.5,1.6994,5
ENST00000286428.7,ENSG00000155959,198,23,617,490.0,0.8249,3
ENST00000286788.9,ENSG00000156261,549,58,1705,3065.0,1.861,3
ENST00000287038.8,ENSG00000156482,116,70,418,1925.5,5.533,2
ENST00000287538.10,ENSG00000156925,468,565,1969,1102.0,0.7849,2
ENST00000288207.7,ENSG00000157456,399,123,1320,809.5,0.6763,4
ENST00000288937.7,ENSG00000158042,176,44,572,488.5,0.9252,3
ENST00000289166.6,ENSG00000158246,426,180,1458,1242.0,0.9718,4
ENST00000289316.2,ENSG00000158373,127,24,405,5194.0,13.6325,1
ENST00000289373.5,ENSG00000158164,46,91,229,324.0,2.3478,5
ENST00000289952.9,ENSG00000104635,493,216,1695,1328.5,0.8982,3
ENST00000290130.4,ENSG00000159055,234,35,737,448.5,0.6389,3
ENST00000290155.8,ENSG00000159079,291,134,1007,540.0,0.6186,1
ENST00000290158.9,ENSG00000108424,877,326,2957,2452.5,0.9322,4
ENST00000290271.7,ENSG00000159167,248,283,1027,420.5,0.5652,2
ENST00000290299.7,ENSG00000241837,214,41,683,1593.5,2.4821,4
ENST00000290341.8,ENSG00000159217,578,361,2095,1963.5,1.1324,4
ENST00000290349.11,ENSG00000159228,278,92,926,503.5,0.6037,4
ENST00000290541.7,ENSG00000159377,265,15,810,2972.0,3.7384,4
ENST00000291295.14,ENSG00000160014,150,105,555,1470.5,3.2678,5
ENST00000291386.4,ENSG00000160075,195,306,891,321.5,0.5496,4
ENST00000291458.9,ENSG00000160124,145,7,442,327.0,0.7517,5
ENST00000291552.9,ENSG00000160201,241,76,799,1275.0,1.7635,1
ENST00000291568.7,ENSG00000160213,99,39,336,576.0,1.9394,4
ENST00000291634.11,ENSG00000160256,231,29,722,430.5,0.6212,3
ENST00000292431.5,ENSG00000160877,528,199,1783,1030.5,0.6506,4
ENST00000292494.11,ENSG00000160932,132,115,511,673.0,1.6995,2
ENST00000292644.5,ENSG00000161057,434,69,1371,768.5,0.5902,4
ENST00000293362.7,ENSG00000131467,268,161,965,910.5,1.1325,1
ENST00000293860.6,ENSG00000161980,109,22,349,306.0,0.9358,3
ENST00000294489.10,ENSG00000162493,239,341,1058,872.5,1.2169,5
ENST00000294742.6,ENSG00000162704,155,98,563,441.0,0.9484,5
ENST00000295066.3,ENSG00000162961,100,249,549,602.5,2.0083,1
ENST00000295470.10,ENSG00000152795,421,772,2035,1604.0,1.27,3
ENST00000295491.9,ENSG00000163319,143,20,449,350.5,0.817,4
ENST00000295598.10,ENSG00000163399,1024,268,3340,2150.0,0.6999,5
ENST00000295633.8,ENSG00000163430,309,96,1023,1679.5,1.8118,4
ENST00000295685.14,ENSG00000163466,301,261,1164,1258.0,1.3931,2
ENST00000295688.8,ENSG00000163468,546,108,1746,3775.0,2.3046,2
ENST00000295702.9,ENSG00000163479,184,64,616,688.5,1.2473,1
ENST00000295766.9,ENSG00000167552,452,480,1836,6404.5,4.7231,4
ENST00000295830.13,ENSG00000163584,123,28,397,1374.5,3.7249,1
ENST00000295899.10,ENSG00000163634,205,15,630,377.5,0.6138,4
ENST00000295958.10,ENSG00000163683,100,162,462,201.5,0.6717,3
ENST00000296102.8,ENSG00000243147,66,59,257,179.5,0.9066,1
ENST00000296145.6,ENSG00000241186,189,182,749,1401.0,2.4709,3
ENST00000296255.8,ENSG00000163902,608,18,1842,1811.0,0.9929,1
ENST00000296277.9,ENSG00000163923,52,376,532,306.5,1.9647,5
ENST00000296412.14,ENSG00000197894,375,88,1213,1997.0,1.7751,1
ENST00000296417.6,ENSG00000164032,129,105,492,5143.0,13.2894,4
ENST00000296444.7,ENSG00000164054,241,80,803,531.5,0.7351,5
ENST00000296456.10,ENSG00000164062,733,51,2250,1252.5,0.5696,1
ENST00000296490.8,ENSG00000164091,314,288,1230,551.0,0.5849,2
ENST00000296503.10,ENSG00000164104,210,107,737,1616.0,2.5651,2
ENST00000296509.11,ENSG00000164109,206,114,732,739.0,1.1958,2
ENST00000296511.10,ENSG00000164111,321,153,1116,1979.0,2.055,1
ENST00000296577.9,ENSG00000164163,600,136,1936,990.0,0.55,2
ENST00000296581.11,ENSG00000164167,81,104,347,293.5,1.2078,3
ENST00000296674.13,ENSG00000186468,144,31,463,4150.0,9.6065,2
ENST00000296684.10,ENSG00000164258,176,24,552,484.0,0.9167,1
ENST00000297071.9,ENSG00000164548,283,157,1006,598.5,0.7049,2
ENST00000297185.9,ENSG00000113013,680,83,2123,3524.0,1.7275,2
ENST00000297258.11,ENSG00000164687,136,60,468,518.5,1.2708,5
ENST00000297338.7,ENSG00000164754,632,198,2094,1322.0,0.6973,4
ENST00000297564.6,ENSG00000164919,76,72,300,1458.5,6.3969,3
ENST00000297579.9,ENSG00000164934,598,277,2071,1205.5,0.672,4
ENST00000298085.4,ENSG00000165349,620,150,2010,1069.5,0.575,1
ENST00000298130.5,ENSG00000165389,72,33,249,204.0,0.9444,1
ENST00000298289.7,ENSG00000165502,107,101,422,293.0,0.9128,3
ENST00000298316.7,ENSG00000165527,176,557,1085,396.5,0.7509,2
ENST00000298510.4,ENSG00000165672,257,22,793,2258.5,2.9293,2
ENST00000298556.8,ENSG00000165704,219,147,804,718.0,1.0928,4
ENST00000298852.8,ENSG00000165916,440,160,1480,1075.5,0.8148,1
ENST00000299166.9,ENSG00000166136,187,20,581,1084.0,1.9323,4
ENST00000299300.11,ENSG00000166226,536,63,1671,3174.5,1.9742,4
ENST00000299381.5,ENSG00000166295,111,154,487,219.0,0.6577,4
ENST00000299529.7,ENSG00000166426,138,76,490,2040.0,4.9275,1
ENST00000299736.5,ENSG00000166582,273,33,852,542.0,0.6618,5
ENST00000300026.4,ENSG00000166794,217,36,687,3273.5,5.0284,4
ENST00000300069.5,ENSG00000166831,210,270,900,930.0,1.4762,4
ENST00000300093.9,ENSG00000166851,604,44,1856,1100.5,0.6073,1
ENST00000300151.5,ENSG00000166902,252,120,876,582.0,0.7698,5
ENST00000300291.10,ENSG00000167005,228,130,814,1160.0,1.6959,4
ENST00000300408.8,ENSG00000167085,273,75,894,986.5,1.2045,4
ENST00000300413.10,ENSG00000167088,120,116,476,1261.0,3.5028,4
ENST00000300571.7,ENSG00000167191,404,123,1335,675.5,0.5573,3
ENST00000300688.8,ENSG00000167283,104,60,372,1333.5,4.274,2
ENST00000300935.8,ENSG00000167461,208,13,637,327.0,0.524,5
ENST00000301244.12,ENSG00000167642,253,320,1079,1282.0,1.6891,4
ENST00000301457.3,ENSG00000267855,114,17,359,476.5,1.3933,1
ENST00000301458.10,ENSG00000167775,283,68,917,745.0,0.8775,4
ENST00000301522.3,ENSG00000167815,199,70,667,2462.5,4.1248,1
ENST00000301585.10,ENSG00000167862,207,17,638,318.5,0.5129,2
ENST00000301587.9,ENSG00000167863,162,54,540,1262.5,2.5977,2
ENST00000301633.8,ENSG00000089685,166,131,629,641.0,1.2871,4
ENST00000301729.9,ENSG00000167969,303,21,930,617.0,0.6788,2
ENST00000301730.12,ENSG00000205937,306,240,1158,1102.0,1.2004,3
ENST00000301764.12,ENSG00000167986,1141,137,3560,2382.5,0.696,2
ENST00000301788.12,ENSG00000168002,173,69,588,613.5,1.1821,5
ENST00000301886.3,ENSG00000273003,114,26,368,860.0,2.5146,2
ENST00000302190.9,ENSG00000169439,202,459,1065,444.0,0.7327,2
ENST00000302386.10,ENSG00000170296,118,119,473,954.5,2.6963,5
ENST00000302422.4,ENSG00000205544,114,13,355,274.5,0.8026,5
ENST00000302503.8,ENSG00000109919,304,94,1006,683.5,0.7495,5
ENST00000302746.11,ENSG00000168291,360,23,1103,879.0,0.8139,1
ENST00000302763.12,ENSG00000044115,907,88,2809,2619.5,0.9627,4
ENST00000302764.9,ENSG00000170584,158,52,526,303.0,0.6392,5
ENST00000302907.9,ENSG00000170889,195,56,641,1722.0,2.9436,3
ENST00000302979.5,ENSG00000186184,134,92,494,226.0,0.5622,3
ENST00000303127.12,ENSG00000169223,357,21,1092,1002.0,0.9356,5
ENST00000303151.5,ENSG00000172336,141,194,617,475.0,1.1229,5
ENST00000303210.9,ENSG00000172354,341,273,1296,1208.5,1.1813,3
ENST00000303305.11,ENSG00000170515,395,179,1364,1476.5,1.246,3
ENST00000303436.11,ENSG00000168374,181,204,747,782.5,1.4411,5
ENST00000303577.7,ENSG00000169564,357,267,1338,1050.0,0.9804,3
ENST00000303731.9,ENSG00000170043,146,117,555,433.5,0.9897,2
ENST00000303887.10,ENSG00000166508,720,103,2263,2073.5,0.96,4
ENST00000303904.8,ENSG00000168090,328,22,1006,680.5,0.6916,1
ENST00000303910.5,ENSG00000277075,131,54,447,6078.5,15.4669,4
ENST00000304043.10,ENSG00000169567,127,51,432,1768.0,4.6404,1
ENST00000304218.6,ENSG00000168298,220,62,722,14692.0,22.2606,4
ENST00000304312.5,ENSG00000169020,70,29,239,1019.5,4.8548,4
ENST00000304414.12,ENSG00000170540,204,83,695,973.5,1.5907,5
ENST00000304786.12,ENSG00000143742,87,115,376,2518.0,9.6475,5
ENST00000304858.7,ENSG00000170606,841,238,2761,3209.5,1.2721,4
ENST00000304863.6,ENSG00000169021,275,33,858,1393.5,1.6891,1
ENST00000305105.3,ENSG00000106400,155,31,496,392.0,0.843,4
ENST00000305321.4,ENSG00000169627,153,513,972,295.5,0.6438,2
ENST00000305533.10,ENSG00000247596,350,142,1192,625.5,0.5957,2
ENST00000305784.7,ENSG00000168393,213,32,671,356.5,0.5579,5
ENST00000305786.7,ENSG00000172115,106,69,387,271.0,0.8522,3
ENST00000305885.3,ENSG00000168496,381,139,1282,1023.0,0.895,1
ENST00000305943.9,ENSG00000168159,236,107,815,446.0,0.6299,3
ENST00000305978.7,ENSG00000171222,180,110,650,802.0,1.4852,3
ENST00000306024.4,ENSG00000170860,103,44,353,644.0,2.0841,3
ENST00000306185.8,ENSG00000172172,179,56,593,689.0,1.2831,5
ENST00000306434.8,ENSG00000168906,396,120,1308,712.0,0.5993,1
ENST00000306627.8,ENSG00000170142,194,167,749,601.0,1.0326,4
ENST00000306749.4,ENSG00000169710,2512,123,7659,3809.5,0.5055,5
ENST00000306773.5,ENSG00000171246,433,161,1460,1178.5,0.9072,3
ENST00000306984.8,ENSG00000168303,180,55,595,326.0,0.6037,5
ENST00000307365.4,ENSG00000168209,233,197,896,604.5,0.8648,3
ENST00000307630.5,ENSG00000170027,248,183,927,1737.5,2.3353,4
ENST00000307720.4,ENSG00000171497,371,108,1221,582.0,0.5229,2
ENST00000307839.10,ENSG00000174748,205,52,667,1454.5,2.365,2
ENST00000307961.11,ENSG00000174444,428,65,1349,7230.0,5.6308,4
ENST00000308018.9,ENSG00000128626,139,74,491,300.5,0.7206,2
ENST00000308153.9,ENSG00000105968,129,116,503,200.5,0.5181,5
ENST00000308212.9,ENSG00000175274,190,577,1147,325.0,0.5702,4
ENST00000308394.9,ENSG00000164305,278,235,1069,677.0,0.8118,4
ENST00000308696.11,ENSG00000173692,954,159,3021,1630.0,0.5695,4
ENST00000308924.9,ENSG00000063244,476,70,1498,1815.5,1.2714,3
ENST00000308987.6,ENSG00000173207,80,65,305,306.0,1.275,2
ENST00000309268.11,ENSG00000156508,463,63,1452,25747.5,18.5367,3
ENST00000309311.7,ENSG00000167658,859,83,2660,11298.0,4.3842,2
ENST00000309318.8,ENSG00000173457,148,270,714,316.5,0.7128,1
ENST00000309328.8,ENSG00000173465,200,15,615,373.5,0.6225,2
ENST00000309366.9,ENSG00000173486,143,42,471,215.5,0.5023,4
ENST00000309451.7,ENSG00000173272,159,21,498,401.5,0.8417,2
ENST00000309579.7,ENSG00000173915,59,67,244,843.0,4.7627,1
ENST00000309594.5,ENSG00000173141,103,65,374,398.0,1.288,2
ENST00000310054.9,ENSG00000167600,505,46,1561,1342.0,0.8858,3
ENST00000310092.12,ENSG00000173933,365,62,1157,830.5,0.7584,1
ENST00000310118.9,ENSG00000175166,909,26,2753,2306.0,0.8456,2
ENST00000310144.11,ENSG00000087191,407,60,1281,1165.5,0.9545,1
ENST00000310483.10,ENSG00000143570,325,466,1441,1765.0,1.8103,5
ENST00000310786.10,ENSG00000135535,198,89,683,519.0,0.8737,1
ENST00000310999.11,ENSG00000174547,193,94,673,588.5,1.0164,4
ENST00000311052.10,ENSG00000153048,148,48,492,1522.0,3.4279,2
ENST00000311086.9,ENSG00000145919,186,214,772,357.0,0.6398,5
ENST00000311111.11,ENSG00000172809,71,106,319,1348.0,6.3286,1
ENST00000311212.9,ENSG00000120963,77,241,472,191.5,0.829,2
ENST00000311337.11,ENSG00000113552,290,39,909,910.5,1.0466,5
ENST00000311481.11,ENSG00000174903,202,41,647,522.5,0.8622,1
ENST00000311487.9,ENSG00000137309,108,249,573,7061.0,21.7932,4
ENST00000311528.10,ENSG00000167526,212,51,687,4903.5,7.7099,5
ENST00000311575.6,ENSG00000174721,259,167,944,733.0,0.9434,3
ENST00000311672.10,ENSG00000173660,92,69,345,1204.0,4.3623,3
ENST00000312037.6,ENSG00000164587,152,208,664,5136.0,11.2632,2
ENST00000312175.7,ENSG00000175334,90,84,354,1323.5,4.9019,3
ENST00000312499.6,ENSG00000175643,148,13,457,318.5,0.7173,1
ENST00000312989.11,ENSG00000172531,342,11,1037,1601.0,1.5604,1
ENST00000312990.10,,112,292,628,281.0,0.8363,
ENST00000313117.11,ENSG00000115875,239,105,822,1963.0,2.7378,2
ENST00000313132.8,ENSG00000165637,310,249,1179,1595.5,1.7156,2
ENST00000313269.5,ENSG00000178719,372,278,1394,687.0,0.6156,3
ENST00000313288.9,ENSG00000013810,839,124,2641,1319.5,0.5242,1
ENST00000313334.13,ENSG00000134717,159,98,575,279.0,0.5849,3
ENST00000313468.10,ENSG00000110717,211,53,686,865.5,1.3673,5
ENST00000313511.8,ENSG00000178952,456,79,1447,1800.5,1.3162,5
ENST00000313601.11,ENSG00000114353,356,132,1200,1153.5,1.0801,5
ENST00000313608.13,ENSG00000181610,191,34,607,511.5,0.8927,3
ENST00000313899.12,ENSG00000138668,356,313,1381,3674.5,3.4405,4
ENST00000314133.4,ENSG00000176340,70,61,271,616.0,2.9333,4
ENST00000314138.11,ENSG00000166441,149,22,469,4048.5,9.057,2
ENST00000314332.5,ENSG00000180596,127,6,387,4951.0,12.9948,3
ENST00000314355.7,ENSG00000123975,80,98,338,1315.5,5.4812,4
ENST00000314940.7,ENSG00000177733,306,297,1215,3455.0,3.7636,2
ENST00000315491.12,ENSG00000258947,451,60,1413,1541.5,1.1393,5
ENST00000315554.15,ENSG00000070831,192,84,660,1297.5,2.2526,3
ENST00000315758.10,ENSG00000146701,339,55,1072,2543.0,2.5005,4
ENST00000316084.10,ENSG00000198034,264,53,845,1135.0,1.4331,2
ENST00000316199.10,ENSG00000178999,346,78,1116,734.0,0.7071,1
ENST00000316403.15,ENSG00000120885,450,75,1425,1757.5,1.3019,2
ENST00000316448.10,ENSG00000179218,418,71,1325,6482.0,5.1691,3
ENST00000316594.6,ENSG00000126945,450,151,1501,796.0,0.5896,3
ENST00000316715.9,ENSG00000046653,329,189,1176,954.5,0.9671,5
ENST00000316804.10,ENSG00000177885,218,327,981,738.0,1.1284,1
ENST00000316902.12,ENSG00000092068,536,746,2354,1262.0,0.7848,2
ENST00000316939.3,ENSG00000179271,223,11,680,1422.0,2.1256,5
ENST00000317089.10,ENSG00000069345,413,102,1341,1164.5,0.9399,3
ENST00000317378.5,ENSG00000181029,189,187,754,570.0,1.0053,5
ENST00000317534.6,ENSG00000062582,168,22,526,542.0,1.0754,2
ENST00000317677.9,ENSG00000214078,543,135,1764,1105.5,0.6786,4
ENST00000317869.7,ENSG00000179172,294,221,1103,565.5,0.6412,3
ENST00000317881.9,ENSG00000005022,299,72,969,1240.0,1.3824,2
ENST00000317897.5,ENSG00000177383,308,243,1167,483.5,0.5233,3
ENST00000317943.6,ENSG00000178449,58,300,474,143.5,0.8247,1
ENST00000318008.11,ENSG00000002834,262,132,918,930.0,1.1832,4
ENST00000318066.7,ENSG00000177889,153,63,522,1165.0,2.5381,4
ENST00000318443.10,ENSG00000103855,535,132,1737,1156.0,0.7202,3
ENST00000318911.5,ENSG00000179091,326,24,1002,1113.0,1.138,4
ENST00000319006.8,ENSG00000177156,338,18,1032,2737.5,2.6997,1
ENST00000319074.6,ENSG00000179933,141,116,539,434.0,1.026,5
ENST00000319285.5,ENSG00000179958,171,50,563,655.0,1.2768,4
ENST00000319331.4,ENSG00000175928,717,767,2918,1292.5,0.6009,5
ENST00000319410.9,ENSG00000065427,626,122,2000,1231.0,0.6555,2
ENST00000320334.5,ENSG00000116774,407,43,1264,641.5,0.5254,4
ENST00000320451.7,ENSG00000197961,391,203,1376,613.0,0.5226,5
ENST00000320676.11,ENSG00000147274,392,155,1331,1117.0,0.9498,2
ENST00000320756.7,ENSG00000111196,149,77,524,336.5,0.7528,5
ENST00000320848.7,ENSG00000178988,128,236,620,539.5,1.4049,4
ENST00000320857.7,ENSG00000180879,174,1084,1606,726.0,1.3908,3
ENST00000320912.8,ENSG00000179010,128,653,1037,1118.0,2.9115,4
ENST00000320963.9,ENSG00000117906,336,104,1112,1226.0,1.2163,5
ENST00000321153.9,ENSG00000177600,116,74,422,2429.0,6.9799,3
ENST00000321256.10,ENSG00000114503,157,25,496,370.0,0.7856,3
ENST00000321265.10,ENSG00000090273,332,106,1102,1477.5,1.4834,2
ENST00000321358.12,ENSG00000065978,325,148,1123,1267.0,1.2995,1
ENST00000321394.12,ENSG00000120438,557,134,1805,2176.0,1.3022,1
ENST00000321442.10,ENSG00000164466,323,89,1058,517.0,0.5335,3
ENST00000321751.9,ENSG00000175756,200,129,729,1411.5,2.3525,2
ENST00000322002.5,ENSG00000176887,442,338,1664,956.0,0.721,5
ENST00000322008.9,ENSG00000177697,254,140,902,560.5,0.7356,3
ENST00000322028.5,ENSG00000177700,68,21,225,556.0,2.7255,4
ENST00000322203.7,ENSG00000198755,218,34,688,4802.0,7.3425,2
ENST00000322310.10,ENSG00000176101,120,51,411,247.0,0.6861,1
ENST00000322535.11,ENSG00000087365,896,21,2709,1490.5,0.5545,2
ENST00000322611.4,ENSG00000176788,228,189,873,1047.5,1.5314,1
ENST00000322623.10,ENSG00000175792,457,88,1459,1218.0,0.8884,2
ENST00000322723.9,ENSG00000115053,711,131,2264,6240.0,2.9255,4
ENST00000322753.7,ENSG00000173436,79,67,304,360.5,1.5211,1
ENST00000322764.10,ENSG00000159840,573,80,1799,1346.5,0.7833,2
ENST00000322989.8,ENSG00000134419,131,96,489,3959.0,10.0738,2
ENST00000323274.15,ENSG00000176890,314,90,1032,707.5,0.7511,3
ENST00000323303.9,ENSG00000115540,226,21,699,620.0,0.9145,3
ENST00000323345.11,ENSG00000148303,267,26,827,1896.0,2.367,1
ENST00000323646.9,ENSG00000176485,163,355,844,664.0,1.3579,5
ENST00000323666.10,ENSG00000111142,479,28,1465,802.0,0.5581,5
ENST00000323699.9,ENSG00000143753,324,97,1069,496.5,0.5108,4
ENST00000324262.9,ENSG00000133313,476,161,1589,1095.5,0.7672,2
ENST00000324460.7,ENSG00000044574,655,217,2182,4890.0,2.4885,4
ENST00000325110.11,ENSG00000112972,521,126,1689,1534.0,0.9814,1
ENST00000325307.12,ENSG00000029993,201,47,650,1703.0,2.8242,3
ENST00000325327.4,ENSG00000176619,621,26,1889,1228.0,0.6592,1
ENST00000325404.3,ENSG00000181449,318,436,1390,1605.5,1.6829,3
ENST00000325495.9,ENSG00000099783,731,24,2217,4087.0,1.8637,4
ENST00000326005.10,ENSG00000180304,190,233,803,533.5,0.936,2
ENST00000326427.11,ENSG00000135916,268,84,888,2502.5,3.1126,4
ENST00000326866.5,ENSG00000179059,311,408,1341,1527.0,1.6367,2
ENST00000327300.12,ENSG00000121774,444,128,1460,3318.5,2.4914,2
ENST00000327347.10,ENSG00000086475,393,372,1551,1722.0,1.4606,3
ENST00000327772.7,ENSG00000184752,146,17,455,718.5,1.6404,4
ENST00000327790.7,ENSG00000141934,310,119,1049,567.0,0.6097,2
ENST00000327892.13,ENSG00000196230,445,155,1490,2112.0,1.582,5
ENST00000328024.11,ENSG00000185236,219,57,714,530.5,0.8075,4
ENST00000328111.6,ENSG00000088305,854,321,2883,6150.0,2.4005,3
ENST00000328434.8,ENSG00000183978,107,23,344,447.5,1.3941,5
ENST00000328796.5,ENSG00000184697,221,56,719,8234.5,12.4201,1
ENST00000328827.9,ENSG00000177425,341,240,1263,1006.5,0.9839,5
ENST00000328923.8,ENSG00000182199,505,68,1583,1637.0,1.0805,2
ENST00000329251.5,ENSG00000254772,438,49,1363,2465.0,1.876,2
ENST00000329276.10,ENSG00000101361,595,29,1814,1006.5,0.5639,5
ENST00000329305.6,ENSG00000198467,285,96,951,993.0,1.1614,4
ENST00000329399.7,ENSG00000107438,330,88,1078,1600.0,1.6162,1
ENST00000329421.8,ENSG00000175130,196,200,788,4761.0,8.0969,5
ENST00000329433.11,ENSG00000169045,473,108,1527,2824.0,1.9901,3
ENST00000329967.11,ENSG00000184990,176,55,583,744.0,1.4091,1
ENST00000330029.6,ENSG00000184076,64,30,222,116.5,0.6068,3
ENST00000330133.5,ENSG00000183617,139,19,436,278.0,0.6667,3
ENST00000330137.12,ENSG00000182628,122,23,389,237.0,0.6475,4
ENST00000330263.5,ENSG00000053372,240,31,751,403.0,0.5597,1
ENST00000330398.9,ENSG00000185883,156,152,620,1303.5,2.7853,5
ENST00000330459.8,ENSG00000182481,530,129,1719,2403.5,1.5116,1
ENST00000330720.7,ENSG00000105438,213,193,832,1854.0,2.9014,3
ENST00000330899.5,ENSG00000086061,398,121,1315,1189.5,0.9962,4
ENST00000330938.8,ENSG00000183255,181,74,617,429.5,0.791,5
ENST00000330978.4,ENSG00000183336,87,98,359,211.0,0.8084,4
ENST00000331128.6,ENSG00000184270,131,49,442,1358.5,3.4567,4
ENST00000331200.8,ENSG00000128951,253,87,846,1343.0,1.7694,4
ENST00000331244.10,ENSG00000108010,336,30,1038,901.5,0.8943,3
ENST00000331268.9,ENSG00000185787,363,204,1293,1590.5,1.4605,4
ENST00000331334.5,ENSG00000182512,158,40,514,424.0,0.8945,3
ENST00000331380.4,ENSG00000184260,130,57,447,1061.0,2.7205,5
ENST00000331442.5,ENSG00000184357,227,59,740,8491.5,12.4692,5
ENST00000331491.2,ENSG00000183598,137,12,423,1870.5,4.5511,5
ENST00000331666.11,ENSG00000184110,914,85,2827,5784.0,2.1094,4
ENST00000331835.10,ENSG00000183291,166,15,513,548.0,1.1004,2
ENST00000332556.5,ENSG00000185896,418,196,1450,1490.0,1.1882,3
ENST00000332598.7,ENSG00000184840,236,12,720,1420.0,2.0056,1
ENST00000333082.7,ENSG00000125818,272,168,984,465.5,0.5705,2
ENST00000333151.5,ENSG00000276368,129,37,424,7966.0,20.584,4
ENST00000333511.9,ENSG00000172270,386,39,1197,5772.5,4.9849,3
ENST00000333628.4,ENSG00000137267,446,81,1419,2469.0,1.8453,1
ENST00000333676.8,ENSG00000262814,199,135,732,653.5,1.0946,1
ENST00000333926.6,ENSG00000122873,109,112,439,285.5,0.8731,4
ENST00000334220.9,ENSG00000119689,454,38,1400,768.0,0.5639,4
ENST00000334660.10,ENSG00000187446,196,115,703,299.0,0.5085,3
ENST00000334678.8,ENSG00000187051,137,10,421,332.0,0.8078,5
ENST00000334701.11,ENSG00000080824,855,282,2847,5288.5,2.0618,3
ENST00000334828.6,ENSG00000171314,255,117,882,1285.5,1.6804,1
ENST00000335514.10,ENSG00000130770,107,60,381,641.5,1.9984,3
ENST00000335658.7,ENSG00000121570,305,29,944,3107.5,3.3962,5
ENST00000335972.11,ENSG00000130985,1059,196,3373,4563.5,1.4364,1
ENST00000336023.9,ENSG00000123416,452,95,1451,9167.5,6.7607,4
ENST00000336219.4,ENSG00000170779,242,91,817,526.5,0.7252,5
ENST00000336440.4,ENSG00000185650,339,3311,4328,1105.5,1.087,4
ENST00000336695.4,ENSG00000125995,80,182,422,558.0,2.325,4
ENST00000336812.5,ENSG00000109606,796,161,2549,1739.0,0.7282,2
ENST00000336949.7,ENSG00000165175,184,3223,3775,866.0,1.5688,5
ENST00000337147.11,ENSG00000092820,587,134,1895,2132.5,1.211,3
ENST00000337273.10,ENSG00000083312,899,77,2774,1378.0,0.5109,3
ENST00000337288.10,ENSG00000084090,371,393,1506,558.5,0.5018,5
ENST00000337526.11,ENSG00000115310,1193,151,3730,1928.5,0.5388,1
ENST00000337619.11,ENSG00000106367,159,39,516,354.5,0.7432,3
ENST00000337620.8,ENSG00000122565,184,428,980,1588.0,2.8768,4
ENST00000337682.9,ENSG00000139146,222,147,813,1790.0,2.6877,5
ENST00000337970.7,ENSG00000169813,416,323,1571,2969.5,2.3794,2
ENST00000338128.13,ENSG00000105655,559,50,1727,1162.0,0.6929,4
ENST00000338130.7,ENSG00000124588,232,712,1408,464.5,0.6674,3
ENST00000338148.8,ENSG00000185414,162,93,579,406.0,0.8354,5
ENST00000338327.4,ENSG00000273173,72,35,251,1590.0,7.3611,2
ENST00000338639.10,ENSG00000116288,190,106,676,2032.5,3.5658,5
ENST00000338825.5,ENSG00000187840,119,40,397,692.0,1.9384,1
ENST00000338970.10,ENSG00000188846,216,69,717,4510.5,6.9606,1
ENST00000339093.7,ENSG00000142546,305,45,960,570.5,0.6235,1
ENST00000339413.11,ENSG00000167645,315,30,975,726.0,0.7683,3
ENST00000339430.9,ENSG00000189067,162,233,719,623.5,1.2829,3
ENST00000339471.8,ENSG00000105193,153,41,500,1029.5,2.2429,4
ENST00000339556.8,ENSG00000189171,99,121,418,513.0,1.7273,5
ENST00000339600.6,ENSG00000189043,82,96,342,2825.5,11.4858,3
ENST00000339647.6,ENSG00000150991,686,67,2125,10231.0,4.9713,5
ENST00000339812.3,ENSG00000124635,127,45,426,4577.5,12.0144,2
ENST00000339995.11,ENSG00000110321,908,308,3032,2281.5,0.8376,3
ENST00000340309.7,ENSG00000244687,171,379,892,565.5,1.1023,4
ENST00000340384.5,ENSG00000188229,446,74,1412,2021.0,1.5105,2
ENST00000340385.6,ENSG00000117592,225,63,738,4904.5,7.2659,1
ENST00000340398.5,ENSG00000188375,136,132,540,1140.5,2.7953,1
ENST00000340413.7,ENSG00000120253,381,34,1177,632.5,0.5534,3
ENST00000340533.9,ENSG00000166347,135,88,493,376.0,0.9284,2
ENST00000340541.4,ENSG00000101558,295,195,1080,624.5,0.7056,2
ENST00000340766.9,ENSG00000186298,338,232,1246,1432.5,1.4127,5
ENST00000340828.7,ENSG00000113328,296,210,1098,512.0,0.5766,3
ENST00000340958.4,ENSG00000189143,210,206,836,644.5,1.023,2
ENST00000341023.2,ENSG00000196866,131,50,443,5240.0,13.3333,3
ENST00000341394.9,ENSG00000135387,710,141,2271,2010.0,0.9437,3
ENST00000341541.8,ENSG00000151500,226,470,1148,730.0,1.0767,1
ENST00000342555.10,ENSG00000010244,498,310,1804,1186.5,0.7942,1
ENST00000342669.8,ENSG00000125743,119,65,422,2660.5,7.4524,4
ENST00000343218.10,ENSG00000113657,685,210,2265,3347.0,1.6287,1
ENST00000343262.9,ENSG00000140988,294,23,905,3138.0,3.5578,1
ENST00000343677.4,ENSG00000187837,214,42,684,18317.0,28.5312,3
ENST00000343818.11,ENSG00000143811,321,140,1103,601.0,0.6241,2
ENST00000343985.8,ENSG00000106268,180,87,627,335.5,0.6213,3
ENST00000343986.9,ENSG00000171858,84,52,304,1432.0,5.6825,5
ENST00000344034.5,ENSG00000115241,547,169,1810,1600.5,0.9753,3
ENST00000344051.8,ENSG00000166145,530,234,1824,868.5,0.5462,4
ENST00000344921.11,ENSG00000099956,395,207,1392,895.5,0.7557,1
ENST00000345042.6,ENSG00000144381,574,117,1839,3362.5,1.9527,3
ENST00000345146.7,ENSG00000138413,415,223,1468,2715.0,2.1807,4
ENST00000345358.12,ENSG00000087088,193,54,633,923.5,1.595,1
ENST00000345496.7,ENSG00000184787,166,72,570,370.5,0.744,5
ENST00000346178.8,ENSG00000089597,967,16,2917,2628.0,0.9059,4
ENST00000346798.8,ENSG00000142192,771,150,2463,3725.0,1.6105,5
ENST00000347512.8,ENSG00000130255,106,35,353,3627.5,11.4072,4
ENST00000348459.10,ENSG00000119969,839,134,2651,1306.0,0.5189,3
ENST00000348462.6,ENSG00000136942,124,45,417,1678.0,4.5108,5
ENST00000350030.8,ENSG00000132780,789,106,2473,3811.0,1.6101,1
ENST00000350498.8,ENSG00000106244,182,49,595,723.5,1.3251,5
ENST00000351554.8,ENSG00000085063,129,161,548,309.0,0.7984,3
ENST00000351829.9,ENSG00000117448,326,336,1314,1138.0,1.1636,2
ENST00000351839.7,,464,107,1499,4356.0,3.1293,
ENST00000352035.7,ENSG00000131473,1102,95,3401,2708.5,0.8193,4
ENST00000352178.9,ENSG00000160200,552,238,1894,1673.5,1.0106,4
ENST00000352433.10,ENSG00000164611,203,48,657,1621.5,2.6626,4
ENST00000352767.7,ENSG00000114867,1607,214,5035,2592.5,0.5378,3
ENST00000352861.9,ENSG00000132432,69,60,267,1277.5,6.1715,2
ENST00000352983.7,ENSG00000147604,249,21,768,2161.5,2.8936,4
ENST00000353245.7,ENSG00000164924,246,84,822,4763.5,6.4546,4
ENST00000353411.11,ENSG00000113558,164,96,588,630.5,1.2815,3
ENST00000353703.9,ENSG00000166913,247,185,926,1688.5,2.2787,5
ENST00000353801.7,ENSG00000096384,725,122,2297,11734.5,5.3952,4
ENST00000354336.8,ENSG00000099942,304,528,1440,490.0,0.5373,5
ENST00000354667.8,ENSG00000122566,354,169,1231,7336.5,6.9082,2
ENST00000354725.8,ENSG00000197157,911,180,2913,1611.5,0.5896,5
ENST00000354882.10,ENSG00000105518,190,649,1219,290.5,0.5096,3
ENST00000355057.3,ENSG00000197238,104,33,345,16875.0,54.0865,4
ENST00000355151.9,ENSG00000172590,124,30,402,787.5,2.1169,3
ENST00000355338.6,ENSG00000140105,472,619,2035,733.5,0.518,1
ENST00000355653.8,ENSG00000108828,394,63,1245,1868.0,1.5804,5
ENST00000355899.8,ENSG00000102024,631,95,1988,2257.5,1.1926,4
ENST00000355938.9,ENSG00000159199,137,85,496,590.0,1.4355,2
ENST00000356033.8,ENSG00000189159,182,278,824,1542.0,2.8242,5
ENST00000356126.8,ENSG00000197170,457,58,1429,887.0,0.647,1
ENST00000356455.9,ENSG00000175063,180,52,592,1572.0,2.9111,3
ENST00000356476.3,ENSG00000197409,137,36,447,2967.5,7.2202,2
ENST00000356493.10,ENSG00000165283,357,37,1108,998.5,0.9323,2
ENST00000356508.9,ENSG00000105223,491,123,1596,1298.0,0.8812,3
ENST00000356530.6,ENSG00000277224,127,43,424,3453.0,9.063,3
ENST00000356657.10,ENSG00000160752,420,162,1422,694.5,0.5512,4
ENST00000356708.12,ENSG00000165629,299,31,928,1663.5,1.8545,5
ENST00000356920.9,ENSG00000188219,1076,336,3564,3991.0,1.2364,1
ENST00000356950.2,ENSG00000197903,127,57,438,6079.5,15.9567,5
ENST00000356978.9,ENSG00000198668,150,202,652,2313.5,5.1411,1
ENST00000357164.4,ENSG00000196743,194,32,614,312.0,0.5361,2
ENST00000357194.10,ENSG00000109332,150,152,602,1051.0,2.3356,5
ENST00000357332.8,ENSG00000198356,349,9,1056,732.5,0.6996,4
ENST00000357360.5,ENSG00000196976,144,366,798,366.0,0.8472,2
ENST00000357385.7,ENSG00000141552,197,136,727,585.5,0.9907,2
ENST00000357394.8,ENSG00000125991,389,60,1227,706.0,0.605,5
ENST00000357429.10,ENSG00000146540,195,70,655,389.5,0.6658,3
ENST00000358015.8,ENSG00000119318,410,351,1581,1733.0,1.4089,3
ENST00000358056.8,ENSG00000197045,143,53,482,349.0,0.8135,4
ENST00000358171.8,ENSG00000149257,419,101,1358,4895.5,3.8946,1
ENST00000358227.5,ENSG00000137038,113,44,383,442.5,1.3053,5
ENST00000358344.8,ENSG00000197451,333,231,1230,4244.0,4.2482,1
ENST00000358607.11,ENSG00000006015,202,4,610,317.0,0.5231,1
ENST00000358666.7,ENSG00000198258,74,184,406,1371.0,6.1757,2
ENST00000358739.5,ENSG00000196747,131,37,430,9498.5,24.1692,4
ENST00000358794.9,ENSG00000168439,591,553,2326,1940.5,1.0945,4
ENST00000358901.11,ENSG00000165280,807,272,2693,3511.5,1.4504,5
ENST00000358994.9,ENSG00000119383,374,62,1184,771.0,0.6872,4
ENST00000359087.8,ENSG00000159593,538,77,1691,1010.5,0.6261,2
ENST00000359193.4,ENSG00000196787,131,29,422,5387.5,13.7087,4
ENST00000359303.4,ENSG00000197153,137,34,445,7307.5,17.7798,2
ENST00000359308.8,ENSG00000196419,610,655,2485,3711.5,2.0281,5
ENST00000359415.8,ENSG00000095139,553,165,1824,890.0,0.5365,5
ENST00000359429.11,ENSG00000197713,229,24,711,360.5,0.5247,1
ENST00000359462.9,ENSG00000197111,367,323,1424,976.5,0.8869,3
ENST00000359611.4,ENSG00000278677,131,36,429,5039.0,12.8219,5
ENST00000359634.10,ENSG00000196950,832,67,2563,1412.5,0.5659,3
ENST00000359707.9,ENSG00000138757,483,228,1677,1670.0,1.1525,1
ENST00000359803.7,ENSG00000110492,144,222,654,1909.5,4.4201,2
ENST00000359867.7,ENSG00000213923,417,111,1362,739.0,0.5907,2
ENST00000359995.10,ENSG00000161547,222,171,837,1861.5,2.795,3
ENST00000360000.8,ENSG00000180964,118,146,500,686.0,1.9379,3
ENST00000360270.7,ENSG00000147065,578,188,1922,1227.0,0.7076,2
ENST00000360325.11,ENSG00000181885,212,435,1071,1247.5,1.9615,2
ENST00000360458.5,ENSG00000123562,289,292,1159,2798.0,3.2272,5
ENST00000360541.10,ENSG00000120705,438,158,1472,1178.5,0.8969,3
ENST00000360566.6,ENSG00000171848,450,291,1641,2078.5,1.5396,5
ENST00000360876.9,ENSG00000106263,815,95,2540,2247.0,0.919,3
ENST00000361183.8,ENSG00000198898,287,25,886,526.5,0.6115,2
ENST00000361566.7,ENSG00000171345,401,61,1264,928.5,0.7718,2
ENST00000361575.4,ENSG00000198918,52,54,210,752.0,4.8205,1
ENST00000361611.11,ENSG00000100804,264,19,811,1925.0,2.4306,3
ENST00000361731.4,ENSG00000198818,160,64,544,257.0,0.5354,4
ENST00000361740.9,ENSG00000100243,346,77,1115,736.0,0.7091,5
ENST00000361891.9,ENSG00000143621,391,71,1244,2699.0,2.3009,5
ENST00000362034.7,ENSG00000197345,206,22,640,515.0,0.8333,2
ENST00000366560.4,ENSG00000091483,511,33,1566,932.5,0.6083,2
ENST00000366607.5,ENSG00000173726,146,122,560,237.0,0.5411,5
ENST00000366627.4,ENSG00000135778,229,71,758,390.5,0.5684,1
ENST00000366684.7,ENSG00000143632,378,103,1237,1435.0,1.2654,4
ENST00000366695.3,ENSG00000181218,131,56,449,1772.0,4.5089,2
ENST00000366696.2,ENSG00000168148,137,35,446,801.0,1.9489,2
ENST00000366794.10,ENSG00000143799,1015,164,3209,3066.5,1.0071,1
ENST00000366813.1,ENSG00000163041,137,375,786,338.5,0.8236,4
ENST00000367034.5,ENSG00000112110,181,121,664,388.0,0.7145,3
ENST00000367048.5,ENSG00000120437,398,43,1237,1679.5,1.4066,3
ENST00000367055.8,ENSG00000291237,223,67,736,357.5,0.5344,4
ENST00000367089.8,ENSG00000146425,114,35,377,435.5,1.2734,3
ENST00000367142.5,ENSG00000069275,244,209,941,2196.5,3.0007,2
ENST00000367287.5,ENSG00000134375,172,24,540,289.5,0.561,4
ENST00000367294.4,ENSG00000146476,442,80,1406,672.0,0.5068,3
ENST00000367332.5,ENSG00000116857,187,93,654,531.0,0.9465,4
ENST00000367380.9,ENSG00000120265,251,33,786,552.5,0.7337,3
ENST00000367569.4,ENSG00000169976,87,76,337,784.0,3.0038,5
ENST00000367660.4,ENSG00000146386,82,137,383,688.0,2.7967,5
ENST00000367679.7,ENSG00000116161,229,234,921,1393.0,2.0277,2
ENST00000367883.3,ENSG00000143198,167,89,590,840.0,1.6766,2
ENST00000368010.4,ENSG00000143256,155,11,476,523.5,1.1258,3
ENST00000368026.11,ENSG00000158769,300,79,979,1167.0,1.2967,5
ENST00000368096.5,ENSG00000158710,221,247,910,1204.5,1.8167,3
ENST00000368221.1,ENSG00000143320,139,96,513,732.5,1.7566,5
ENST00000368273.8,ENSG00000160783,208,10,634,401.0,0.6426,2
ENST00000368302.3,ENSG00000116586,151,40,493,404.5,0.8929,4
ENST00000368325.5,ENSG00000203760,104,100,412,322.5,1.0337,2
ENST00000368399.1,ENSG00000179085,123,77,446,219.5,0.5949,1
ENST00000368547.4,ENSG00000127884,291,21,894,1025.0,1.1741,2
ENST00000368575.5,ENSG00000143545,204,103,715,698.0,1.1405,5
ENST00000368719.9,ENSG00000197956,91,64,337,205.0,0.7509,2
ENST00000368759.5,ENSG00000107949,323,12,981,584.0,0.6027,5
ENST00000368809.1,ENSG00000197747,98,77,371,669.0,2.2755,5
ENST00000368845.6,ENSG00000065154,440,80,1400,1237.0,0.9371,2
ENST00000368865.9,ENSG00000154473,329,84,1071,1076.5,1.0907,5
ENST00000368921.5,ENSG00000213190,91,163,436,423.5,1.5513,5
ENST00000369016.8,ENSG00000143420,188,96,660,552.0,0.9787,2
ENST00000369026.3,ENSG00000143384,351,80,1133,1304.0,1.2384,1
ENST00000369155.4,ENSG00000184678,127,42,423,1156.5,3.0354,3
ENST00000369158.2,ENSG00000203811,137,51,462,8478.0,20.6277,2
ENST00000369163.4,ENSG00000278828,137,23,434,6713.5,16.3346,4
ENST00000369535.5,ENSG00000213281,190,131,701,307.0,0.5386,1
ENST00000369626.8,ENSG00000155380,501,206,1709,5024.0,3.3426,5
ENST00000369713.10,ENSG00000148834,242,37,763,424.0,0.584,2
ENST00000369722.8,ENSG00000116459,257,78,849,1288.5,1.6712,4
ENST00000369799.10,ENSG00000168710,531,288,1881,965.0,0.6058,3
ENST00000369817.7,ENSG00000147403,215,41,686,1042.5,1.6163,3
ENST00000369842.9,ENSG00000102119,255,190,955,517.5,0.6765,4
ENST00000369850.10,ENSG00000196924,2648,245,8189,4033.0,0.5077,5
ENST00000369851.7,ENSG00000065135,355,106,1171,889.0,0.8347,3
ENST00000369905.9,ENSG00000138107,377,65,1196,801.0,0.7082,5
ENST00000370053.3,ENSG00000197457,181,79,622,496.5,0.9144,1
ENST00000370081.6,ENSG00000112695,116,311,659,1657.0,4.7615,1
ENST00000370110.6,ENSG00000107833,179,56,593,740.0,1.378,5
ENST00000370177.1,ENSG00000125534,141,145,568,546.5,1.292,3
ENST00000370206.9,ENSG00000117519,330,216,1206,2102.5,2.1237,1
ENST00000370321.8,ENSG00000122406,298,75,969,5176.0,5.7897,5
ENST00000370355.3,ENSG00000099194,360,272,1352,4175.5,3.8662,4
ENST00000370542.1,ENSG00000143013,166,150,648,328.5,0.6596,1
ENST00000370641.3,ENSG00000174021,69,474,681,215.5,1.0411,1
ENST00000370651.8,ENSG00000285976,45,201,336,142.5,1.0556,2
ENST00000370659.2,ENSG00000198225,109,88,415,1030.5,3.1514,1
ENST00000370828.4,ENSG00000076716,557,524,2195,4302.5,2.5748,1
ENST00000370873.9,ENSG00000101182,249,91,838,1761.5,2.3581,5
ENST00000370918.8,ENSG00000012660,327,371,1352,704.5,0.7181,4
ENST00000370995.6,ENSG00000142864,409,86,1313,4657.5,3.7958,2
ENST00000371019.4,ENSG00000181274,234,157,859,373.5,0.5321,5
ENST00000371142.9,ENSG00000077147,590,177,1947,895.5,0.5059,1
ENST00000371315.3,ENSG00000232119,183,533,1082,350.0,0.6375,3
ENST00000371419.7,ENSG00000101132,135,14,419,793.5,1.9593,4
ENST00000371437.5,ENSG00000125356,71,80,293,486.0,2.2817,2
ENST00000371443.6,ENSG00000182154,138,108,522,520.5,1.2572,2
ENST00000371470.8,ENSG00000162385,147,70,511,406.5,0.9218,3
ENST00000371584.9,ENSG00000000419,296,9,897,506.0,0.5698,2
ENST00000371626.9,ENSG00000117862,173,95,614,469.0,0.9037,1
ENST00000371703.8,ENSG00000148688,269,13,820,461.0,0.5713,1
ENST00000371708.1,ENSG00000112759,457,175,1546,1240.5,0.9048,5
ENST00000371989.8,ENSG00000148248,270,91,901,1177.0,1.4531,1
ENST00000372014.5,ENSG00000180992,146,127,565,572.5,1.3071,4
ENST00000372133.8,ENSG00000096080,197,12,603,347.0,0.5871,5
ENST00000372134.6,ENSG00000165678,346,124,1162,1185.0,1.1416,5
ENST00000372309.7,ENSG00000126878,177,154,685,395.0,0.7439,4
ENST00000372431.8,ENSG00000100979,494,88,1570,982.0,0.6626,5
ENST00000372480.1,ENSG00000148335,224,152,824,429.5,0.6391,1
ENST00000372521.9,ENSG00000177868,67,244,445,130.0,0.6468,4
ENST00000372629.4,ENSG00000133142,359,239,1316,632.5,0.5873,4
ENST00000372635.1,ENSG00000166681,112,236,572,2546.5,7.5789,4
ENST00000372656.5,ENSG00000185222,105,188,503,461.0,1.4635,5
ENST00000372676.8,ENSG00000101443,125,29,404,403.5,1.076,2
ENST00000372688.9,ENSG00000119335,297,45,936,1393.5,1.564,2
ENST00000372691.3,ENSG00000102409,121,120,483,185.5,0.511,3
ENST00000372728.4,ENSG00000133169,126,171,549,391.0,1.0344,1
ENST00000372733.3,ENSG00000124145,199,40,637,491.5,0.8233,2
ENST00000372792.7,ENSG00000131236,476,86,1514,1800.5,1.2609,3
ENST00000372833.6,ENSG00000172586,119,28,385,314.5,0.881,3
ENST00000372879.8,ENSG00000196683,126,12,390,569.0,1.5053,4
ENST00000372945.8,ENSG00000182180,138,162,576,705.0,1.7029,2
ENST00000372967.3,ENSG00000168653,107,83,404,2420.5,7.5405,5
ENST00000372994.2,ENSG00000171159,84,143,395,140.0,0.5556,2
ENST00000373014.5,ENSG00000183520,254,69,831,502.5,0.6594,4
ENST00000373019.5,ENSG00000183431,502,57,1563,1314.5,0.8728,1
ENST00000373020.9,ENSG00000000003,246,112,850,1148.5,1.5562,3
ENST00000373116.6,ENSG00000116898,258,109,883,492.0,0.6357,2
ENST00000373212.6,ENSG00000131171,115,99,444,260.5,0.7551,1
ENST00000373218.5,ENSG00000148730,121,257,620,385.5,1.062,2
ENST00000373232.8,ENSG00000180817,290,102,972,1374.0,1.5793,4
ENST00000373237.4,ENSG00000126067,202,94,700,1757.0,2.8993,3
ENST00000373238.5,ENSG00000079332,199,358,955,443.0,0.742,2
ENST00000373264.5,ENSG00000136807,373,115,1234,644.0,0.5755,3
ENST00000373316.5,ENSG00000102144,418,93,1347,6337.0,5.0534,1
ENST00000373365.5,ENSG00000124767,185,91,646,1831.5,3.3,3
ENST00000373477.9,ENSG00000134684,529,114,1701,1079.5,0.6802,3
ENST00000373493.10,ENSG00000162521,426,99,1377,2259.5,1.768,1
ENST00000373605.7,ENSG00000101363,86,812,1070,174.5,0.6764,5
ENST00000373627.10,ENSG00000137409,390,23,1193,1041.0,0.8897,1
ENST00000373699.6,ENSG00000137168,167,31,532,494.0,0.986,1
ENST00000373715.11,ENSG00000112081,165,122,617,1866.5,3.7707,1
ENST00000373768.4,ENSG00000119421,173,102,621,485.0,0.9345,3
ENST00000373812.8,ENSG00000198492,580,181,1921,929.0,0.5339,1
ENST00000373910.9,ENSG00000072401,148,196,640,283.5,0.6385,1
ENST00000373944.8,ENSG00000122952,278,23,857,550.0,0.6595,4
ENST00000374017.3,ENSG00000124562,181,287,830,796.0,1.4659,4
ENST00000374050.4,ENSG00000136888,119,70,427,739.0,2.07,1
ENST00000374274.8,ENSG00000147164,163,28,517,405.0,0.8282,3
ENST00000374293.5,ENSG00000242616,69,30,237,159.5,0.7705,4
ENST00000374358.5,ENSG00000183726,158,136,610,452.5,0.9546,1
ENST00000374379.9,ENSG00000169504,254,107,869,2072.5,2.7198,5
ENST00000374436.7,ENSG00000242372,246,228,966,1085.5,1.4709,3
ENST00000374514.8,ENSG00000011009,232,132,828,930.0,1.3362,5
ENST00000374517.6,ENSG00000136810,106,72,390,1917.0,6.0283,2
ENST00000374561.6,ENSG00000117318,120,75,435,1099.5,3.0542,5
ENST00000374606.10,ENSG00000204220,130,256,646,465.0,1.1923,4
ENST00000374616.7,ENSG00000125944,637,109,2020,1608.0,0.8414,2
ENST00000374675.7,ENSG00000112473,470,117,1527,791.0,0.561,5
ENST00000374832.5,ENSG00000162551,525,254,1829,1221.0,0.7752,4
ENST00000374846.3,ENSG00000125971,149,263,710,379.5,0.849,4
ENST00000374865.5,ENSG00000136897,159,26,503,375.0,0.7862,4
ENST00000374922.9,ENSG00000204272,69,111,318,155.5,0.7512,4
ENST00000374980.3,ENSG00000125977,334,133,1135,1376.5,1.3738,1
ENST00000375094.4,ENSG00000204308,181,107,650,391.5,0.721,3
ENST00000375151.5,ENSG00000158526,192,18,594,313.5,0.5443,2
ENST00000375433.3,ENSG00000179051,523,47,1616,2711.5,1.7282,5
ENST00000375535.4,ENSG00000117122,184,75,627,1016.5,1.8415,4
ENST00000375549.8,ENSG00000204370,160,35,515,457.5,0.9531,3
ENST00000375571.6,ENSG00000101367,269,78,885,959.0,1.1884,3
ENST00000375661.6,ENSG00000204392,96,209,497,451.0,1.566,1
ENST00000375779.6,ENSG00000213719,242,140,866,2189.0,3.0152,3
ENST00000375885.8,ENSG00000204435,235,212,917,1273.0,1.8057,1
ENST00000375992.4,ENSG00000196368,165,148,643,255.5,0.5162,5
ENST00000376112.4,ENSG00000125968,156,99,567,461.0,0.985,1
ENST00000376263.8,ENSG00000165119,465,170,1565,4297.0,3.0803,1
ENST00000376387.5,ENSG00000125304,664,135,2127,1317.5,0.6614,4
ENST00000376395.9,ENSG00000135018,590,279,2049,983.5,0.5556,1
ENST00000376547.7,ENSG00000102572,444,146,1478,673.5,0.5056,4
ENST00000376588.4,ENSG00000135069,371,86,1199,1854.5,1.6662,3
ENST00000376669.9,ENSG00000116670,225,92,767,927.5,1.3741,1
ENST00000376755.1,ENSG00000102317,158,229,703,577.0,1.2173,3
ENST00000376925.8,ENSG00000101439,147,93,534,438.0,0.9932,1
ENST00000376957.7,ENSG00000116649,303,75,984,722.5,0.7948,5
ENST00000376991.6,ENSG00000175550,213,167,806,494.5,0.7739,2
ENST00000377211.8,ENSG00000136160,533,153,1752,1115.0,0.6973,4
ENST00000377401.4,ENSG00000185130,127,23,404,3281.0,8.6115,2
ENST00000377459.3,ENSG00000274997,129,23,410,6176.5,15.9599,1
ENST00000377575.3,ENSG00000182952,91,216,489,200.5,0.7344,4
ENST00000377694.2,ENSG00000137142,279,30,867,445.5,0.5323,1
ENST00000377698.4,ENSG00000137124,518,115,1669,810.0,0.5212,1
ENST00000377727.2,ENSG00000158406,104,35,347,1646.0,5.2756,5
ENST00000377733.4,ENSG00000278588,127,45,426,3482.5,9.1404,2
ENST00000377745.5,ENSG00000278705,104,31,343,1544.5,4.9503,2
ENST00000377759.9,ENSG00000089006,405,369,1584,621.0,0.5111,1
ENST00000377791.4,ENSG00000180573,131,61,454,3981.0,10.1298,1
ENST00000377803.4,ENSG00000197061,104,15,327,5912.5,18.9503,5
ENST00000377855.6,ENSG00000097021,381,147,1290,888.5,0.7773,4
ENST00000377891.6,ENSG00000168003,632,159,2055,2268.0,1.1962,5
ENST00000377953.4,ENSG00000204922,94,73,355,156.5,0.555,5
ENST00000377962.8,ENSG00000136110,335,119,1124,1148.0,1.1423,3
ENST00000377982.8,ENSG00000138071,400,73,1273,1472.5,1.2271,5
ENST00000378364.8,ENSG00000198931,181,29,572,940.0,1.7311,5
ENST00000378555.8,ENSG00000128567,559,269,1946,4971.0,2.9642,4
ENST00000378609.9,ENSG00000078369,341,363,1386,1752.0,1.7126,3
ENST00000378665.1,ENSG00000164405,83,236,485,478.0,1.9197,5
ENST00000378720.8,ENSG00000139684,283,112,961,673.5,0.7933,2
ENST00000378937.7,ENSG00000165609,233,94,793,764.0,1.093,5
ENST00000379095.5,ENSG00000182768,292,41,917,469.5,0.536,4
ENST00000379143.10,ENSG00000132646,262,160,946,1973.5,2.5108,3
ENST00000379221.4,ENSG00000120675,151,41,494,351.5,0.7759,4
ENST00000379341.9,ENSG00000123131,272,78,894,2240.5,2.7457,3
ENST00000379412.9,ENSG00000134333,362,270,1356,2492.5,2.2951,2
ENST00000379638.9,ENSG00000129625,190,37,607,366.0,0.6421,4
ENST00000379715.10,ENSG00000124802,175,27,552,334.5,0.6371,1
ENST00000379757.9,ENSG00000239264,433,12,1311,1197.0,0.9215,3
ENST00000379847.8,ENSG00000165264,129,99,486,1009.0,2.6072,3
ENST00000380084.8,ENSG00000102054,470,245,1655,1709.0,1.2121,5
ENST00000380113.8,ENSG00000125877,195,54,639,450.5,0.7701,2
ENST00000380155.4,ENSG00000169895,353,113,1172,537.5,0.5076,5
ENST00000380171.9,ENSG00000138085,230,328,1018,477.0,0.6913,1
ENST00000380191.9,ENSG00000057608,446,176,1514,3036.5,2.2694,5
ENST00000380325.4,ENSG00000125901,206,17,635,585.5,0.9474,3
ENST00000380394.9,ENSG00000137154,250,41,791,2861.5,3.8153,1
ENST00000380591.8,ENSG00000145741,207,226,847,1072.5,1.7271,1
ENST00000380629.7,ENSG00000104765,220,77,737,371.0,0.5621,5
ENST00000380633.1,ENSG00000205542,45,90,225,10761.0,79.7111,1
ENST00000380698.5,ENSG00000170542,377,119,1250,725.0,0.641,2
ENST00000380707.9,ENSG00000172062,295,17,902,609.5,0.6887,5
ENST00000380733.9,ENSG00000164985,531,295,1888,1880.0,1.1802,5
ENST00000380743.9,ENSG00000205571,295,17,902,607.5,0.6864,5
ENST00000380747.5,ENSG00000205581,117,125,476,502.0,1.4302,1
ENST00000380876.5,ENSG00000205609,915,85,2830,5778.0,2.1049,4
ENST00000380985.10,ENSG00000123213,705,169,2284,1095.0,0.5177,5
ENST00000381346.9,ENSG00000072042,319,61,1018,604.0,0.6311,4
ENST00000381401.11,ENSG00000169100,299,104,1001,1397.0,1.5574,3
ENST00000381815.9,ENSG00000159131,1011,94,3127,1530.0,0.5045,5
ENST00000382361.8,ENSG00000075618,494,121,1603,6047.5,4.0806,4
ENST00000382533.9,ENSG00000150459,173,434,953,1895.5,3.6522,1
ENST00000382940.8,ENSG00000103202,196,14,602,321.5,0.5468,1
ENST00000383763.6,ENSG00000206557,869,84,2691,1334.5,0.5119,3
ENST00000383801.6,ENSG00000157020,369,72,1179,957.5,0.865,2
ENST00000388835.4,ENSG00000111057,431,56,1349,1457.5,1.1272,1
ENST00000388857.8,ENSG00000211450,123,24,393,631.5,1.7114,2
ENST00000389682.8,ENSG00000211460,229,129,816,655.0,0.9534,3
ENST00000389805.9,ENSG00000161011,441,32,1355,766.5,0.5794,5
ENST00000389912.7,ENSG00000133983,107,96,417,371.0,1.1558,5
ENST00000391768.2,ENSG00000179820,323,402,1371,543.0,0.5604,2
ENST00000391842.6,ENSG00000104960,417,170,1421,1071.0,0.8561,4
ENST00000392006.8,ENSG00000105323,857,132,2703,1438.0,0.5593,1
ENST00000392061.6,ENSG00000218739,81,14,257,152.5,0.6276,4
ENST00000392132.7,ENSG00000079246,733,89,2288,5547.5,2.5227,3
ENST00000392201.1,ENSG00000126267,87,95,356,1621.0,6.2107,5
ENST00000392367.4,ENSG00000132341,234,41,743,5155.0,7.3433,2
ENST00000392948.5,ENSG00000273213,137,11,422,1311.0,3.1898,4
ENST00000392951.9,ENSG00000149591,202,75,681,1163.0,1.9191,2
ENST00000393085.4,ENSG00000105887,119,259,616,524.5,1.4692,5
ENST00000393190.4,ENSG00000243678,153,267,726,3156.5,6.8769,2
ENST00000393263.7,ENSG00000187109,392,120,1296,2703.5,2.2989,5
ENST00000393565.6,ENSG00000113758,696,113,2201,1364.0,0.6533,5
ENST00000393909.7,ENSG00000115364,293,25,904,538.0,0.6121,1
ENST00000394053.7,ENSG00000065911,351,27,1080,868.5,0.8248,1
ENST00000394077.8,ENSG00000114391,158,42,516,5198.5,10.9673,5
ENST00000394223.2,ENSG00000109390,77,283,514,383.0,1.658,1
ENST00000394332.5,ENSG00000125691,141,12,435,3262.0,7.7116,1
ENST00000394366.6,ENSG00000100650,273,307,1126,906.0,1.1062,5
ENST00000394391.9,ENSG00000005194,313,99,1038,522.5,0.5564,5
ENST00000394440.8,ENSG00000115484,540,149,1769,3602.5,2.2238,1
ENST00000394665.5,ENSG00000109475,118,132,486,2468.0,6.9718,3
ENST00000394800.6,ENSG00000015479,896,549,3237,2292.5,0.8529,1
ENST00000394936.8,ENSG00000197746,525,30,1605,4089.5,2.5965,4
ENST00000394963.9,ENSG00000066117,516,28,1576,900.5,0.5817,3
ENST00000394975.3,ENSG00000167397,164,68,560,280.5,0.5701,4
ENST00000395080.8,ENSG00000118785,315,101,1046,486.5,0.5148,3
ENST00000395145.3,ENSG00000165215,221,221,884,615.5,0.9284,5
ENST00000395284.8,ENSG00000170312,298,118,1012,948.5,1.061,1
ENST00000395384.9,ENSG00000103485,298,18,912,795.0,0.8893,4
ENST00000395422.4,ENSG00000106153,152,63,519,2062.0,4.5219,1
ENST00000395468.9,ENSG00000168175,246,161,899,389.0,0.5271,1
ENST00000396049.5,ENSG00000114978,217,205,856,372.0,0.5714,5
ENST00000396060.7,ENSG00000140307,110,159,489,251.0,0.7606,3
ENST00000396172.6,ENSG00000198563,429,186,1473,2866.5,2.2273,2
ENST00000396651.8,ENSG00000142937,209,57,684,7055.0,11.252,4
ENST00000396779.7,ENSG00000126768,223,149,818,883.5,1.3206,2
ENST00000396821.8,ENSG00000100201,732,100,2296,2292.0,1.0437,2
ENST00000396981.7,ENSG00000132388,171,359,872,516.5,1.0068,5
ENST00000397149.4,ENSG00000122692,514,66,1608,942.0,0.6109,2
ENST00000397456.2,ENSG00000265818,152,9,465,236.5,0.5186,1
ENST00000397666.6,ENSG00000130731,206,12,630,384.5,0.6222,2
ENST00000398092.4,ENSG00000272822,211,149,782,714.5,1.1288,2
ENST00000398136.7,ENSG00000152558,209,142,769,366.0,0.5837,5
ENST00000398174.9,ENSG00000101294,427,110,1391,663.0,0.5176,4
ENST00000398606.10,ENSG00000084207,211,32,665,7796.0,12.316,3
ENST00000398733.8,ENSG00000131508,148,453,897,662.5,1.4921,4
ENST00000398881.4,ENSG00000214736,75,4,229,628.0,2.7911,1
ENST00000399312.3,ENSG00000243927,126,123,501,436.5,1.1548,1
ENST00000399599.7,ENSG00000089486,209,549,1176,441.0,0.7033,5
ENST00000399688.7,ENSG00000128050,433,175,1474,2268.5,1.7463,5
ENST00000399817.9,ENSG00000185201,167,87,588,279.0,0.5569,4
ENST00000400099.5,ENSG00000154723,120,46,406,786.0,2.1833,4
ENST00000400206.7,ENSG00000283900,417,466,1717,739.0,0.5907,3
ENST00000401558.7,ENSG00000082898,1072,801,4017,1869.0,0.5812,4
ENST00000401675.7,ENSG00000250479,150,68,518,640.5,1.4233,2
ENST00000401811.3,ENSG00000175768,99,72,369,332.0,1.1178,4
ENST00000402984.7,ENSG00000077942,722,103,2269,1680.0,0.7756,4
ENST00000403564.5,ENSG00000171863,195,142,727,2789.5,4.7684,4
ENST00000403683.2,ENSG00000203852,137,47,458,8476.5,20.6241,2
ENST00000404371.6,ENSG00000143870,493,338,1817,3509.5,2.3729,3
ENST00000404933.7,ENSG00000102172,367,116,1217,2873.5,2.6099,1
ENST00000405271.5,ENSG00000119888,343,214,1243,1075.5,1.0452,5
ENST00000405356.5,ENSG00000166197,710,235,2365,1830.0,0.8592,5
ENST00000406925.6,ENSG00000242028,122,4135,4501,242.5,0.6626,5
ENST00000407627.7,ENSG00000066044,327,163,1144,1276.5,1.3012,2
ENST00000409038.5,ENSG00000071082,131,23,416,993.5,2.528,5
ENST00000409170.3,ENSG00000257529,119,32,389,856.5,2.3992,5
ENST00000409248.10,ENSG00000243449,96,99,387,190.0,0.6597,1
ENST00000409255.1,ENSG00000152082,219,26,683,399.5,0.6081,2
ENST00000409368.5,ENSG00000116030,147,143,584,814.0,1.8458,3
ENST00000409546.5,ENSG00000138430,417,631,1882,759.0,0.6067,3
ENST00000409563.5,ENSG00000143933,197,142,733,2156.5,3.6489,1
ENST00000409602.2,ENSG00000222038,1039,93,3210,3722.0,1.1941,4
ENST00000409682.8,ENSG00000115233,311,317,1250,915.0,0.9807,2
ENST00000409752.5,ENSG00000221823,190,122,692,339.5,0.5956,5
ENST00000409784.8,ENSG00000138069,206,191,809,810.5,1.3115,4
ENST00000409914.7,ENSG00000196604,1076,400,3628,3776.0,1.1698,4
ENST00000409960.6,ENSG00000140264,171,47,560,1416.5,2.7612,2
ENST00000410042.1,ENSG00000273155,132,207,603,300.0,0.7576,5
ENST00000411646.2,ENSG00000232388,96,47,335,225.5,0.783,2
ENST00000411651.6,ENSG00000184900,142,161,587,263.5,0.6185,1
ENST00000411763.6,ENSG00000161203,461,148,1531,1800.5,1.3019,5
ENST00000412278.2,ENSG00000248643,340,95,1115,617.5,0.6054,2
ENST00000413966.2,ENSG00000155660,695,115,2200,2659.5,1.2755,2
ENST00000414183.6,ENSG00000182944,662,21,2007,1917.5,0.9655,3
ENST00000414487.7,ENSG00000182004,93,61,340,1268.5,4.5466,4
ENST00000414651.3,ENSG00000115286,237,5,716,362.5,0.5098,3
ENST00000414835.7,ENSG00000133835,762,257,2543,1236.5,0.5409,4
ENST00000415136.6,ENSG00000244038,457,143,1514,2266.0,1.6528,1
ENST00000415930.8,ENSG00000105220,598,170,1964,3358.0,1.8718,2
ENST00000418115.6,ENSG00000067560,194,159,741,1988.5,3.4167,5
ENST00000418389.6,ENSG00000174886,229,78,765,621.0,0.9039,1
ENST00000418988.2,ENSG00000129084,270,328,1138,1366.0,1.6864,5
ENST00000419165.5,ENSG00000158427,46,1117,1255,193.0,1.3986,1
ENST00000419343.7,ENSG00000105185,130,61,451,309.5,0.7936,3
ENST00000419783.3,ENSG00000233276,204,75,687,831.0,1.3578,3
ENST00000420463.7,ENSG00000063046,617,28,1879,946.0,0.5111,3
ENST00000420696.7,ENSG00000185630,431,639,1932,660.5,0.5108,1
ENST00000420743.6,ENSG00000092199,307,521,1442,3336.5,3.6227,2
ENST00000420826.7,ENSG00000188612,96,125,413,1033.0,3.5868,1
ENST00000421351.4,ENSG00000112378,194,79,661,482.5,0.829,4
ENST00000421641.2,ENSG00000162613,688,106,2170,1171.0,0.5673,2
ENST00000422318.7,ENSG00000168268,558,120,1794,1050.5,0.6275,1
ENST00000422424.7,ENSG00000166595,164,38,530,295.0,0.5996,2
ENST00000422782.2,ENSG00000168288,331,167,1160,768.5,0.7739,2
ENST00000423505.6,ENSG00000131828,429,111,1398,1692.5,1.3151,3
ENST00000423516.5,ENSG00000163931,632,80,1976,6716.5,3.5425,3
ENST00000423691.2,ENSG00000070087,189,66,633,550.5,0.9709,4
ENST00000423828.5,ENSG00000139644,296,328,1216,2563.0,2.8863,1
ENST00000424491.5,ENSG00000241962,192,636,1212,422.5,0.7335,1
ENST00000425753.7,ENSG00000104522,322,87,1053,500.5,0.5181,2
ENST00000425847.6,ENSG00000114686,376,162,1290,1034.0,0.9167,1
ENST00000426263.10,ENSG00000117394,493,217,1696,2821.5,1.9077,3
ENST00000426559.6,ENSG00000117632,175,140,665,2599.0,4.9505,5
ENST00000427177.6,ENSG00000184640,587,37,1798,1636.5,0.9293,4
ENST00000427805.6,ENSG00000241343,143,112,541,919.0,2.1422,2
ENST00000428459.6,ENSG00000186010,151,9,462,1245.0,2.7483,3
ENST00000429182.6,ENSG00000178035,539,76,1693,1484.5,0.9181,4
ENST00000429360.6,ENSG00000128309,318,95,1049,492.0,0.5157,2
ENST00000429568.1,ENSG00000163882,176,59,587,551.0,1.0436,1
ENST00000429985.1,ENSG00000228474,38,187,301,189.0,1.6579,3
ENST00000430157.6,ENSG00000221983,129,94,481,1587.5,4.1021,4
ENST00000430524.6,ENSG00000099901,279,81,918,3060.0,3.6559,2
ENST00000430566.6,ENSG00000035141,246,56,794,457.5,0.6199,4
ENST00000431206.6,ENSG00000185627,379,73,1210,891.5,0.7841,5
ENST00000431635.6,ENSG00000117395,362,149,1235,964.0,0.8877,1
ENST00000432648.8,ENSG00000174574,193,105,684,1321.5,2.2824,4
ENST00000433034.1,ENSG00000241553,188,5,569,744.0,1.3191,2
ENST00000433834.5,ENSG00000077549,302,385,1291,2023.0,2.2329,1
ENST00000433866.7,ENSG00000230989,77,99,330,753.5,3.2619,3
ENST00000434013.6,ENSG00000119655,202,33,639,704.0,1.1617,4
ENST00000434715.7,ENSG00000175203,407,78,1299,634.5,0.5197,4
ENST00000434724.7,ENSG00000103342,638,236,2150,1164.0,0.6082,1
ENST00000436817.6,ENSG00000156515,922,320,3086,1595.5,0.5768,1
ENST00000438213.6,ENSG00000117984,452,68,1424,1732.0,1.2773,3
ENST00000438552.6,ENSG00000125835,241,163,886,4627.0,6.3997,1
ENST00000438607.2,ENSG00000232112,65,40,235,275.0,1.4103,4
ENST00000439602.7,ENSG00000231500,153,45,504,1913.0,4.1678,5
ENST00000439747.7,ENSG00000082515,233,16,715,530.0,0.7582,3
ENST00000440191.6,ENSG00000156976,409,34,1261,1953.0,1.5917,1
ENST00000440692.6,ENSG00000138326,290,39,909,1815.5,2.0868,3
ENST00000441173.1,ENSG00000188186,138,35,449,417.5,1.0085,3
ENST00000441448.7,ENSG00000197498,307,69,990,468.0,0.5081,2
ENST00000441626.6,ENSG00000169714,180,149,689,1897.5,3.5139,4
ENST00000444053.5,ENSG00000127837,436,92,1400,1171.5,0.8956,5
ENST00000445369.3,ENSG00000213937,218,440,1094,392.0,0.5994,5
ENST00000445593.6,ENSG00000104341,318,680,1634,4353.0,4.5629,5
ENST00000445755.7,ENSG00000007080,224,45,717,344.0,0.5119,5
ENST00000445915.6,ENSG00000169764,518,67,1621,5012.5,3.2255,4
ENST00000445930.7,ENSG00000100519,390,20,1190,880.0,0.7521,2
ENST00000447280.6,ENSG00000135919,410,301,1531,629.0,0.5114,4
ENST00000448187.6,ENSG00000205531,399,64,1261,805.5,0.6729,5
ENST00000448864.6,ENSG00000182899,111,142,475,4715.0,14.1592,4
ENST00000448878.6,ENSG00000106554,233,95,794,694.5,0.9936,5
ENST00000449260.6,ENSG00000185664,669,11,2018,1247.5,0.6216,1
ENST00000449683.5,ENSG00000241468,99,26,323,339.0,1.1414,2
ENST00000450169.7,ENSG00000106355,92,15,291,328.5,1.1902,2
ENST00000451315.7,ENSG00000225921,258,24,798,742.5,0.9593,2
ENST00000451531.7,ENSG00000196834,1076,93,3321,3778.0,1.1704,2
ENST00000452790.6,ENSG00000082153,452,52,1408,1663.0,1.2264,3
ENST00000453384.7,ENSG00000109113,269,1,808,503.5,0.6239,3
ENST00000453386.7,ENSG00000136527,289,154,1021,1557.0,1.7958,3
ENST00000454220.7,ENSG00000105568,630,46,1936,2707.5,1.4325,3
ENST00000454376.7,ENSG00000126457,372,10,1126,2950.0,2.6434,2
ENST00000454893.1,ENSG00000143977,97,62,353,958.0,3.2921,3
ENST00000455217.6,ENSG00000113407,757,122,2393,2172.5,0.9566,1
ENST00000457354.7,ENSG00000139921,281,46,889,617.0,0.7319,4
ENST00000458198.3,ENSG00000237190,117,27,378,332.0,0.9459,3
ENST00000458578.6,ENSG00000185651,213,3,642,1310.5,2.0509,3
ENST00000458587.8,ENSG00000185825,314,402,1344,631.5,0.6704,2
ENST00000462430.5,ENSG00000185088,101,199,502,656.5,2.1667,4
ENST00000464506.2,ENSG00000123595,202,276,882,408.5,0.6741,5
ENST00000464845.6,ENSG00000102030,236,133,841,589.5,0.8326,4
ENST00000465139.6,ENSG00000140350,250,144,894,499.5,0.666,2
ENST00000465271.6,ENSG00000143771,140,46,466,372.5,0.8869,3
ENST00000465342.4,ENSG00000212993,360,565,1645,4661.0,4.3157,3
ENST00000466830.6,ENSG00000187118,107,175,496,195.5,0.609,4
ENST00000467317.5,ENSG00000137210,152,95,551,268.0,0.5877,5
ENST00000467482.6,ENSG00000101850,405,30,1245,675.5,0.556,3
ENST00000467789.5,ENSG00000114850,199,60,657,1063.5,1.7814,1
ENST00000468812.6,ENSG00000196262,166,44,542,956.0,1.9197,1
ENST00000469176.1,ENSG00000145494,173,3,522,869.0,1.6744,3
ENST00000474597.5,ENSG00000124783,299,87,984,475.5,0.5301,2
ENST00000476371.1,ENSG00000120333,129,17,404,253.5,0.655,4
ENST00000476781.6,ENSG00000136522,251,14,767,615.5,0.8174,2
ENST00000477703.6,ENSG00000168273,71,151,364,117.5,0.5516,1
ENST00000479257.5,ENSG00000128595,324,831,1803,1059.0,1.0895,3
ENST00000480294.1,ENSG00000272162,43,132,261,65.5,0.5078,2
ENST00000481105.5,ENSG00000134602,439,216,1533,1519.0,1.1534,5
ENST00000482352.1,ENSG00000242485,156,73,541,259.5,0.5545,4
ENST00000483273.2,ENSG00000233954,92,1699,1975,855.0,3.0978,3
ENST00000484810.5,ENSG00000138495,99,36,333,209.5,0.7054,1
ENST00000485876.6,ENSG00000170906,85,24,279,334.5,1.3118,5
ENST00000487519.6,ENSG00000108064,247,138,879,530.5,0.7159,4
ENST00000488034.6,ENSG00000112514,180,107,647,969.5,1.7954,2
ENST00000488353.2,ENSG00000157916,197,1786,2377,372.0,0.6294,3
ENST00000488423.2,ENSG00000154813,83,67,316,138.0,0.5542,1
ENST00000490341.3,ENSG00000243910,242,165,891,821.5,1.1315,3
ENST00000491306.6,ENSG00000197756,93,31,310,1223.5,4.3853,2
ENST00000491660.1,ENSG00000120742,79,364,601,198.0,0.8354,2
ENST00000492112.3,ENSG00000188529,263,72,861,544.5,0.6901,2
ENST00000492758.1,ENSG00000128524,148,1,445,438.5,0.9876,5
ENST00000492933.5,ENSG00000163636,443,53,1382,916.0,0.6892,2
ENST00000493945.6,ENSG00000075624,376,155,1283,60188.5,53.3586,4
ENST00000495186.6,ENSG00000147155,231,173,866,564.5,0.8146,3
ENST00000495461.6,ENSG00000113811,95,71,356,169.0,0.593,3
ENST00000496455.7,ENSG00000163655,694,221,2303,1206.5,0.5795,2
ENST00000497317.5,ENSG00000163463,144,30,462,263.5,0.61,3
ENST00000498273.2,ENSG00000240563,866,277,2875,2500.5,0.9625,2
ENST00000498926.7,ENSG00000247077,290,35,905,472.5,0.5431,4
ENST00000503362.2,ENSG00000129128,181,111,654,427.5,0.7873,5
ENST00000504986.6,ENSG00000109133,248,56,800,448.0,0.6022,1
ENST00000505459.6,ENSG00000153037,145,90,525,298.5,0.6862,5
ENST00000505490.3,ENSG00000183684,265,6,801,1667.5,2.0975,3
ENST00000505920.1,ENSG00000249222,101,327,630,270.5,0.8927,4
ENST00000505992.1,ENSG00000151247,249,21,768,825.5,1.1051,4
ENST00000507152.6,ENSG00000248329,55,154,319,111.0,0.6727,3
ENST00000507591.2,ENSG00000124795,381,149,1292,1404.0,1.2283,5
ENST00000507606.3,ENSG00000243317,48,66,210,92.5,0.6424,1
ENST00000507668.7,ENSG00000164300,462,126,1512,731.5,0.5278,3
ENST00000508632.6,ENSG00000145247,155,179,644,619.5,1.3323,2
ENST00000510038.1,ENSG00000113648,373,132,1251,747.5,0.668,3
ENST00000512478.2,ENSG00000198856,172,9,525,417.5,0.8091,1
ENST00000512788.1,ENSG00000154277,242,32,758,5354.0,7.3747,4
ENST00000512805.6,ENSG00000204628,318,106,1060,8994.5,9.4282,2
ENST00000517669.1,ENSG00000113732,82,30,276,331.5,1.3476,4
ENST00000517860.5,ENSG00000157110,225,8,683,889.5,1.3178,4
ENST00000518338.6,ENSG00000171530,132,4,400,939.0,2.3712,2
ENST00000519065.6,ENSG00000196591,489,240,1707,2639.5,1.7993,5
ENST00000519487.6,ENSG00000154582,136,145,553,580.0,1.4216,1
ENST00000519807.5,ENSG00000008988,143,126,555,1225.5,2.8566,3
ENST00000520429.6,ENSG00000112237,284,133,985,460.5,0.5405,3
ENST00000520547.4,ENSG00000253626,155,117,582,6034.0,12.9763,3
ENST00000521158.5,ENSG00000078668,285,68,923,1073.0,1.255,3
ENST00000521264.5,ENSG00000177556,74,110,332,363.5,1.6374,4
ENST00000521604.7,ENSG00000187735,302,323,1229,758.0,0.8366,3
ENST00000521688.6,ENSG00000120533,102,122,428,604.0,1.9739,3
ENST00000521913.7,ENSG00000092964,678,295,2329,2028.5,0.9973,5
ENST00000522439.1,ENSG00000147669,68,96,300,258.0,1.2647,4
ENST00000523111.7,ENSG00000169139,146,24,462,450.5,1.0285,5
ENST00000523483.5,ENSG00000137575,319,1514,2471,694.0,0.7252,3
ENST00000523920.1,ENSG00000156467,162,16,502,651.0,1.3395,3
ENST00000524958.6,ENSG00000278615,124,41,413,357.0,0.9597,5
ENST00000525428.6,ENSG00000074201,238,80,794,855.0,1.1975,2
ENST00000525634.6,ENSG00000110700,152,26,482,3693.5,8.0998,3
ENST00000525954.5,ENSG00000079459,477,101,1532,2283.0,1.5954,1
ENST00000526070.2,ENSG00000110367,484,361,1813,841.5,0.5795,4
ENST00000526991.3,ENSG00000255112,200,99,699,438.5,0.7308,3
ENST00000527548.5,ENSG00000149806,134,86,488,3636.5,9.046,3
ENST00000527673.2,ENSG00000118181,126,59,437,2834.0,7.4974,5
ENST00000527958.6,ENSG00000168092,230,139,829,974.5,1.4123,5
ENST00000528157.7,ENSG00000145050,183,52,601,470.5,0.857,3
ENST00000528405.1,ENSG00000255432,100,9,309,224.5,0.7483,4
ENST00000530028.3,ENSG00000255302,188,43,607,877.5,1.5559,1
ENST00000530167.2,ENSG00000188486,144,71,503,2406.5,5.5706,1
ENST00000530758.2,ENSG00000254999,76,27,255,481.5,2.1118,1
ENST00000531120.6,ENSG00000149100,375,57,1182,1798.5,1.5987,1
ENST00000531165.5,ENSG00000149187,515,279,1824,915.5,0.5926,1
ENST00000531273.6,ENSG00000166181,525,132,1707,850.5,0.54,3
ENST00000531572.2,ENSG00000175390,360,16,1096,1293.0,1.1972,4
ENST00000532642.5,ENSG00000117410,262,97,883,608.0,0.7735,5
ENST00000532699.1,ENSG00000255292,141,5,428,368.5,0.8712,2
ENST00000533162.2,ENSG00000179950,597,76,1867,1214.5,0.6781,4
ENST00000533417.6,ENSG00000110651,304,9,921,2501.5,2.7429,3
ENST00000534312.5,ENSG00000284969,131,11,404,224.5,0.5712,5
ENST00000534769.5,ENSG00000172757,205,48,663,6821.5,11.0919,5
ENST00000535035.6,ENSG00000116133,529,48,1635,2216.5,1.3967,2
ENST00000535424.5,ENSG00000182149,380,116,1256,753.0,0.6605,3
ENST00000535715.5,ENSG00000167770,287,452,1313,747.0,0.8676,4
ENST00000535923.6,ENSG00000215021,300,121,1021,2023.5,2.2483,2
ENST00000536128.5,ENSG00000092841,239,40,757,3734.0,5.2078,3
ENST00000536889.1,ENSG00000133134,161,358,841,486.0,1.0062,2
ENST00000537328.6,ENSG00000134825,80,41,281,667.0,2.7792,4
ENST00000538173.2,ENSG00000180574,473,13,1432,1723.5,1.2146,1
ENST00000539276.7,ENSG00000174437,1043,543,3672,1660.0,0.5305,2
ENST00000539282.5,ENSG00000060982,399,87,1284,761.0,0.6358,2
ENST00000539745.2,ENSG00000197837,104,47,359,3594.5,11.5208,4
ENST00000539924.5,ENSG00000173262,536,21,1629,2700.5,1.6794,3
ENST00000539945.7,ENSG00000014641,354,81,1143,3038.0,2.8606,5
ENST00000541231.1,ENSG00000150779,99,30,327,317.0,1.0673,2
ENST00000541364.5,ENSG00000167553,520,28,1588,7353.5,4.7138,2
ENST00000541455.1,ENSG00000181924,97,394,685,265.5,0.9124,2
ENST00000541790.4,ENSG00000273802,127,45,426,6574.0,17.2546,1
ENST00000542575.6,ENSG00000105281,542,629,2255,1618.5,0.9954,1
ENST00000543307.5,ENSG00000089327,195,80,665,411.0,0.7026,2
ENST00000543824.5,ENSG00000111752,1005,332,3347,2388.0,0.792,5
ENST00000544017.5,ENSG00000105197,457,133,1504,715.0,0.5215,3
ENST00000544844.6,ENSG00000173113,126,33,411,1100.0,2.9101,3
ENST00000545908.6,ENSG00000100714,965,397,3292,1940.0,0.6701,2
ENST00000546588.1,ENSG00000111237,215,100,745,478.5,0.7419,5
ENST00000546954.2,ENSG00000170855,77,12,243,186.5,0.8074,3
ENST00000547098.5,ENSG00000198015,156,134,602,412.5,0.8814,3
ENST00000547517.5,ENSG00000108774,250,301,1051,579.5,0.7727,1
ENST00000548577.5,ENSG00000219200,138,150,564,563.0,1.3599,2
ENST00000548925.6,ENSG00000135441,154,6,468,249.0,0.539,1
ENST00000549759.2,ENSG00000123349,157,62,533,624.0,1.3248,4
ENST00000549920.6,ENSG00000063177,189,35,602,1395.5,2.4612,2
ENST00000550443.5,ENSG00000196465,209,303,930,544.5,0.8684,1
ENST00000551093.6,ENSG00000258289,120,19,379,192.5,0.5347,2
ENST00000551312.6,ENSG00000214265,72,15,231,1590.0,7.3611,3
ENST00000551671.5,ENSG00000120805,195,108,693,295.0,0.5043,5
ENST00000552080.1,ENSG00000205323,214,8,650,561.0,0.8738,5
ENST00000552085.1,ENSG00000139343,128,105,489,679.5,1.7695,3
ENST00000552150.5,ENSG00000170421,512,20,1556,987.5,0.6429,1
ENST00000552197.5,ENSG00000111371,504,685,2197,761.0,0.5033,1
ENST00000552218.5,ENSG00000111481,199,33,630,362.5,0.6072,5
ENST00000552330.5,ENSG00000175183,244,55,787,1748.0,2.388,3
ENST00000553591.2,ENSG00000198805,329,107,1094,600.5,0.6084,2
ENST00000553809.5,ENSG00000100902,253,79,838,1343.0,1.7694,3
ENST00000554075.2,ENSG00000213741,88,30,294,1034.5,3.9186,4
ENST00000554227.6,ENSG00000128739,245,933,1668,1616.0,2.1986,4
ENST00000554713.2,ENSG00000156411,100,51,351,237.0,0.79,2
ENST00000555531.1,ENSG00000256206,165,45,540,756.5,1.5283,2
ENST00000555572.1,ENSG00000011052,293,176,1055,4305.5,4.8982,4
ENST00000555938.1,ENSG00000258674,274,12,834,1252.0,1.5231,2
ENST00000556816.6,ENSG00000165898,155,10,475,240.0,0.5161,4
ENST00000556922.1,ENSG00000198211,798,94,2488,1466.0,0.6124,1
ENST00000557016.6,ENSG00000100632,105,66,381,2858.5,9.0746,4
ENST00000557395.5,ENSG00000255339,173,30,549,854.0,1.6455,2
ENST00000557431.5,ENSG00000119705,125,9,384,1564.5,4.172,3
ENST00000557690.5,ENSG00000100528,161,64,547,413.5,0.8561,4
ENST00000558008.3,ENSG00000166803,116,67,415,711.5,2.0445,4
ENST00000558134.5,ENSG00000140612,186,14,572,761.0,1.3638,1
ENST00000558530.1,ENSG00000259399,156,117,585,317.5,0.6784,3
ENST00000559596.6,ENSG00000137804,442,77,1403,831.0,0.6267,4
ENST00000559780.6,ENSG00000182718,368,374,1478,1060.5,0.9606,2
ENST00000559916.1,ENSG00000166710,120,34,394,447.0,1.2417,2
ENST00000560055.5,ENSG00000108107,171,38,551,637.0,1.2417,2
ENST00000560595.6,ENSG00000140374,407,81,1302,619.0,0.507,4
ENST00000561157.5,ENSG00000182774,137,31,442,1250.0,3.0414,4
ENST00000561971.1,ENSG00000128989,132,278,674,622.0,1.5707,4
ENST00000562684.5,ENSG00000206053,219,36,693,913.0,1.3896,1
ENST00000562833.2,ENSG00000260836,585,244,1999,2095.0,1.1937,2
ENST00000562958.6,ENSG00000064666,331,33,1026,1942.0,1.9557,5
ENST00000565154.6,ENSG00000067225,606,126,1944,7281.5,4.0052,5
ENST00000565299.5,ENSG00000074696,401,142,1345,1320.0,1.0973,2
ENST00000565361.3,ENSG00000090861,1000,158,3158,1561.5,0.5205,1
ENST00000568685.1,ENSG00000089280,528,64,1648,3326.5,2.1001,5
ENST00000568783.5,ENSG00000178741,154,69,531,1400.0,3.0303,5
ENST00000570026.2,ENSG00000102898,135,270,675,254.5,0.6284,4
ENST00000570382.2,ENSG00000184009,376,210,1338,24014.0,21.289,3
ENST00000571133.6,ENSG00000171490,491,30,1503,997.0,0.6768,2
ENST00000571941.5,ENSG00000217930,146,168,606,227.0,0.5183,4
ENST00000572595.6,ENSG00000129195,280,78,918,498.5,0.5935,1
ENST00000572815.5,ENSG00000132507,187,192,753,7086.5,12.6319,5
ENST00000573331.5,ENSG00000262481,69,13,220,139.5,0.6739,3
ENST00000577138.1,ENSG00000262302,84,46,298,381.5,1.5139,4
ENST00000578186.3,ENSG00000270882,104,28,340,12455.5,39.9215,1
ENST00000578794.2,ENSG00000266086,202,109,715,1026.0,1.6931,1
ENST00000579002.5,ENSG00000125445,272,415,1231,516.5,0.633,3
ENST00000579248.5,ENSG00000265681,185,200,755,4106.0,7.3982,5
ENST00000579512.3,ENSG00000270276,104,28,340,12455.5,39.9215,5
ENST00000579991.3,ENSG00000264364,90,274,544,409.0,1.5148,5
ENST00000580018.4,ENSG00000265354,210,136,766,600.5,0.9532,1
ENST00000580887.5,ENSG00000101608,178,48,582,1081.0,2.0243,1
ENST00000581066.2,ENSG00000266472,88,447,711,1083.0,4.1023,5
ENST00000582471.1,ENSG00000263809,108,51,375,1978.0,6.1049,3
ENST00000582556.5,ENSG00000161970,146,310,748,3065.0,6.9977,2
ENST00000583313.7,ENSG00000265241,175,58,583,1022.0,1.9467,2
ENST00000583931.6,ENSG00000143401,269,326,1133,1004.0,1.2441,3
ENST00000584347.1,ENSG00000169689,132,18,414,204.5,0.5164,5
ENST00000584461.5,ENSG00000141522,236,59,767,904.5,1.2775,2
ENST00000584773.5,ENSG00000136450,254,124,886,1749.0,2.2953,1
ENST00000584895.5,ENSG00000215472,229,15,702,3978.5,5.7911,1
ENST00000585388.2,ENSG00000161654,231,72,765,475.0,0.6854,1
ENST00000585671.2,ENSG00000127540,57,64,235,376.5,2.2018,2
ENST00000585937.1,ENSG00000267059,57,36,207,376.5,2.2018,1
ENST00000586746.5,ENSG00000099817,211,39,672,1095.5,1.7306,5
ENST00000587250.4,ENSG00000108830,228,117,801,427.0,0.6243,4
ENST00000587718.5,ENSG00000126247,323,65,1034,1400.5,1.4453,5
ENST00000588234.6,ENSG00000104979,100,22,322,477.0,1.59,3
ENST00000588657.6,ENSG00000129351,899,232,2929,2448.5,0.9079,5
ENST00000588734.5,ENSG00000167900,268,239,1043,766.0,0.9527,2
ENST00000588919.5,ENSG00000167468,243,52,781,679.0,0.9314,1
ENST00000590923.5,ENSG00000129354,426,84,1362,986.5,0.7719,2
ENST00000591613.2,ENSG00000188223,56,119,287,99.0,0.5893,5
ENST00000591776.5,ENSG00000173812,122,152,518,1388.0,3.7923,3
ENST00000592540.6,ENSG00000161888,198,6,600,335.0,0.564,4
ENST00000592741.5,ENSG00000130175,536,153,1761,1422.0,0.8843,1
ENST00000593052.5,ENSG00000115268,153,138,597,2095.5,4.5654,3
ENST00000593771.2,ENSG00000077348,258,22,796,448.0,0.5788,1
ENST00000593829.6,ENSG00000130520,140,56,476,684.5,1.6298,4
ENST00000593863.5,ENSG00000105372,146,49,487,3747.5,8.5559,1
ENST00000593892.5,ENSG00000178980,88,109,373,333.5,1.2633,3
ENST00000593949.1,ENSG00000077009,236,65,773,362.5,0.512,1
ENST00000594797.6,ENSG00000229833,74,41,263,344.5,1.5518,1
ENST00000595090.6,ENSG00000183207,464,25,1417,1047.5,0.7525,2
ENST00000595444.1,ENSG00000130312,185,32,587,581.0,1.0468,5
ENST00000596731.7,ENSG00000105583,107,12,333,576.5,1.796,3
ENST00000597960.7,ENSG00000105701,414,121,1363,1363.0,1.0974,1
ENST00000598441.6,ENSG00000104852,438,196,1510,1093.0,0.8318,2
ENST00000598495.5,ENSG00000083845,226,72,750,2682.0,3.9558,2
ENST00000598884.1,ENSG00000167774,114,21,363,476.5,1.3933,5
ENST00000599630.1,ENSG00000074842,190,28,598,304.5,0.5342,1
ENST00000599962.2,ENSG00000234289,127,57,438,2713.0,7.1207,2
ENST00000600480.2,ENSG00000088247,748,110,2354,3027.5,1.3492,4
ENST00000600659.3,ENSG00000233927,70,35,245,1368.0,6.5143,1
ENST00000600932.5,ENSG00000105669,332,32,1028,1061.0,1.0653,2
ENST00000601498.5,ENSG00000042753,159,132,609,912.0,1.9119,1
ENST00000602676.6,ENSG00000104904,229,79,766,1415.5,2.0604,2
ENST00000602699.2,ENSG00000225366,189,234,801,909.5,1.6041,2
ENST00000602845.2,ENSG00000270170,100,43,343,184.5,0.615,5
ENST00000604458.1,ENSG00000270757,262,24,810,2182.0,2.7761,5
ENST00000605337.5,ENSG00000116221,484,48,1500,755.5,0.5203,2
ENST00000605844.6,ENSG00000270647,593,86,1865,1194.5,0.6714,5
ENST00000606613.1,ENSG00000233822,167,61,562,3034.0,6.0559,5
ENST00000607357.2,ENSG00000172428,58,21,195,290.5,1.6695,5
ENST00000607484.6,ENSG00000137288,127,14,395,289.5,0.7598,5
ENST00000607778.2,ENSG00000272047,72,80,296,163.5,0.7569,2
ENST00000610354.5,ENSG00000010278,256,173,941,1648.0,2.1458,3
ENST00000610401.6,ENSG00000157216,389,386,1553,611.5,0.524,3
ENST00000610426.5,ENSG00000164346,261,112,895,515.5,0.6584,4
ENST00000610726.5,ENSG00000009307,845,486,3021,2092.0,0.8252,2
ENST00000611444.2,ENSG00000275663,99,19,316,949.5,3.197,4
ENST00000611854.4,ENSG00000176731,101,203,506,422.5,1.3944,4
ENST00000611927.2,ENSG00000273542,104,33,345,16875.0,54.0865,4
ENST00000612311.4,ENSG00000143183,240,18,738,446.5,0.6201,1
ENST00000612612.5,ENSG00000259112,135,29,434,673.5,1.663,2
ENST00000612661.2,ENSG00000277443,333,401,1400,2307.0,2.3093,4
ENST00000612966.3,ENSG00000287080,137,27,438,947.5,2.3054,4
ENST00000613174.2,ENSG00000276903,131,38,431,2729.5,6.9453,3
ENST00000613358.4,ENSG00000164040,248,960,1704,444.0,0.5968,4
ENST00000613854.2,ENSG00000275714,137,39,450,3252.5,7.9136,1
ENST00000614097.3,ENSG00000274290,127,35,416,5428.5,14.248,5
ENST00000614247.2,ENSG00000277157,104,36,348,4988.0,15.9872,2
ENST00000614328.4,ENSG00000110958,165,446,941,1802.5,3.6414,4
ENST00000614378.2,ENSG00000273983,137,29,440,5399.0,13.1363,4
ENST00000614911.3,ENSG00000274750,137,20,431,4524.0,11.0073,1
ENST00000615164.3,ENSG00000276966,104,35,347,5414.5,17.3542,5
ENST00000615353.2,ENSG00000276180,104,27,339,6839.5,21.9215,3
ENST00000615868.2,ENSG00000278463,131,50,443,3694.0,9.3995,2
ENST00000615966.2,ENSG00000276410,127,56,437,316.5,0.8307,1
ENST00000616182.2,ENSG00000274641,127,38,419,4236.0,11.1181,4
ENST00000616365.2,ENSG00000275379,137,31,442,384.0,0.9343,1
ENST00000616395.4,ENSG00000054116,189,136,703,289.5,0.5106,3
ENST00000616552.4,ENSG00000112118,854,72,2634,2441.0,0.9528,5
ENST00000616577.4,ENSG00000133112,198,215,809,349.5,0.5884,3
ENST00000616972.4,ENSG00000168385,397,168,1359,1907.5,1.6016,5
ENST00000617122.1,ENSG00000183648,106,32,350,370.0,1.1635,3
ENST00000617429.5,ENSG00000273611,156,19,487,388.0,0.8291,2
ENST00000617558.2,ENSG00000263020,305,12,927,564.0,0.6164,4
ENST00000617569.2,ENSG00000278637,104,30,342,1507.5,4.8317,5
ENST00000617763.1,ENSG00000184983,155,62,527,952.5,2.0484,4
ENST00000617804.1,ENSG00000274322,117,98,449,549.5,1.5655,2
ENST00000618001.4,ENSG00000177426,287,131,992,657.5,0.7636,3
ENST00000618052.2,ENSG00000277775,137,30,441,6304.0,15.3382,5
ENST00000618305.2,ENSG00000275126,104,24,336,446.5,1.4311,2
ENST00000618570.1,ENSG00000276380,154,30,492,304.5,0.6591,2
ENST00000618958.2,ENSG00000275221,131,36,429,1983.5,5.0471,4
ENST00000619426.5,ENSG00000277791,206,86,704,1562.0,2.5275,4
ENST00000619466.3,ENSG00000275713,127,37,418,5151.0,13.5197,5
ENST00000620307.4,ENSG00000269226,81,72,315,145.5,0.5988,2
ENST00000620514.2,ENSG00000118418,131,122,515,434.5,1.1056,1
ENST00000621112.2,ENSG00000273703,127,22,403,2572.0,6.7507,5
ENST00000621372.4,ENSG00000105699,650,223,2173,1315.0,0.6744,1
ENST00000621411.3,ENSG00000286522,137,39,450,12596.0,30.6472,1
ENST00000621525.4,ENSG00000258644,183,111,660,302.0,0.5501,2
ENST00000621615.1,ENSG00000273734,131,74,467,1088.0,2.7684,5
ENST00000621994.3,ENSG00000275774,294,243,1125,505.0,0.5726,5
ENST00000622315.1,ENSG00000272398,130,154,544,8475.5,21.7321,4
ENST00000625464.2,ENSG00000156531,367,202,1303,699.5,0.6353,4
ENST00000625837.2,ENSG00000215301,734,905,3107,1948.5,0.8849,2
ENST00000627305.2,ENSG00000155368,149,84,531,1055.5,2.3613,1
ENST00000634318.1,ENSG00000259316,117,49,400,713.5,2.0328,4
ENST00000635200.1,ENSG00000282988,170,50,560,5606.0,10.9922,4
ENST00000635647.1,ENSG00000011304,589,423,2190,2757.5,1.5606,2
ENST00000635918.2,ENSG00000236444,155,963,1428,531.0,1.1419,4
ENST00000636397.1,ENSG00000250644,583,73,1822,1325.5,0.7579,3
ENST00000636580.2,ENSG00000182220,351,96,1149,801.0,0.7607,1
ENST00000636879.1,ENSG00000164904,555,21,1686,1226.5,0.7366,2
ENST00000640218.2,ENSG00000153187,826,236,2714,3836.0,1.548,4
ENST00000640959.1,ENSG00000283977,104,16,328,194.5,0.6234,3
ENST00000641023.2,ENSG00000092621,534,89,1691,3245.5,2.0259,4
ENST00000641471.1,ENSG00000131238,336,9,1017,989.0,0.9812,5
ENST00000642379.1,ENSG00000135821,508,139,1663,1254.0,0.8228,4
ENST00000642748.1,ENSG00000124733,189,181,748,402.0,0.709,4
ENST00000642816.3,ENSG00000149925,419,181,1438,11270.5,8.9662,2
ENST00000643754.2,ENSG00000142676,179,18,555,4672.0,8.7002,4
ENST00000643795.2,ENSG00000147224,322,201,1167,1273.5,1.3183,4
ENST00000644773.3,ENSG00000253352,154,92,554,258.0,0.5584,4
ENST00000645276.1,ENSG00000168036,784,214,2566,4027.5,1.7124,2
ENST00000646651.1,ENSG00000077152,198,106,700,599.0,1.0084,2
ENST00000647557.2,ENSG00000104824,627,20,1901,5193.5,2.761,2
ENST00000647795.1,ENSG00000141543,412,152,1388,1331.5,1.0773,1
ENST00000647800.2,ENSG00000136156,267,155,956,1459.5,1.8221,4
ENST00000647960.1,ENSG00000285854,282,54,900,7425.0,8.7766,5
ENST00000648350.1,ENSG00000100138,273,13,832,1279.5,1.5623,2
ENST00000648640.1,ENSG00000162244,168,179,683,1866.5,3.7034,1
ENST00000648869.1,ENSG00000285641,204,10,622,666.5,1.0891,1
ENST00000649030.2,ENSG00000182636,322,88,1054,537.0,0.5559,1
ENST00000649044.1,ENSG00000285542,385,438,1593,592.5,0.513,3
ENST00000649309.2,ENSG00000053438,126,82,460,213.5,0.5648,2
ENST00000649838.1,ENSG00000104738,905,131,2846,3087.5,1.1372,4
ENST00000649912.2,ENSG00000285723,64,136,328,138.0,0.7188,4
ENST00000650309.2,ENSG00000131174,81,86,329,797.5,3.2819,5
ENST00000651435.1,ENSG00000105254,283,55,904,566.5,0.6673,2
ENST00000651669.1,ENSG00000177954,85,35,290,1290.5,5.0608,1
ENST00000652093.1,ENSG00000149428,1001,82,3085,1859.0,0.619,3
ENST00000652248.1,ENSG00000286070,127,83,464,2347.5,6.1614,4
ENST00000661438.1,ENSG00000285920,442,892,2218,831.0,0.6267,3
ENST00000664196.1,ENSG00000102309,157,35,506,392.5,0.8333,1
ENST00000672715.1,ENSG00000004455,240,55,775,541.0,0.7514,5
ENST00000673047.2,ENSG00000111716,342,98,1124,9799.5,9.5512,1
ENST00000673498.1,ENSG00000135390,158,536,1010,1423.5,3.0032,2
ENST00000675651.1,ENSG00000106105,746,44,2282,1307.5,0.5842,3
ENST00000675692.1,ENSG00000114354,413,336,1575,629.5,0.5081,1
ENST00000675864.1,ENSG00000075785,218,232,886,775.5,1.1858,1
ENST00000675880.1,ENSG00000118971,304,279,1191,560.0,0.614,4
ENST00000676231.1,ENSG00000106211,216,40,688,471.0,0.7269,3
ENST00000676589.1,ENSG00000181163,324,118,1090,6465.5,6.6517,2
ENST00000676826.2,ENSG00000087460,1039,552,3669,3980.5,1.277,4
ENST00000677310.1,ENSG00000150093,826,353,2831,1859.0,0.7502,4
ENST00000677453.1,ENSG00000158864,485,116,1571,744.0,0.5113,4
ENST00000677533.1,ENSG00000088832,130,166,556,870.5,2.2321,3
ENST00000677562.1,ENSG00000104969,361,118,1201,559.0,0.5162,3
ENST00000677581.1,ENSG00000256646,157,213,684,2238.0,4.7516,4
ENST00000677730.1,ENSG00000137876,175,68,593,623.0,1.1867,3
ENST00000678042.1,ENSG00000104408,508,22,1546,1138.5,0.747,1
ENST00000678063.1,ENSG00000084623,439,35,1352,1348.0,1.0235,3
ENST00000678090.1,ENSG00000128609,146,43,481,298.5,0.6815,3
ENST00000678502.1,ENSG00000258643,366,158,1256,945.5,0.8611,1
ENST00000678573.1,ENSG00000108298,217,641,1292,2314.5,3.5553,1
ENST00000678646.1,ENSG00000145907,477,132,1563,2720.0,1.9008,2
ENST00000678830.1,ENSG00000147140,502,178,1684,2736.5,1.8171,5
ENST00000678860.1,ENSG00000147601,450,23,1373,1563.5,1.1581,2
ENST00000679328.1,ENSG00000170144,397,27,1218,3019.5,2.5353,2
ENST00000680978.1,ENSG00000239900,527,59,1640,1059.5,0.6701,4
ENST00000680984.1,ENSG00000127022,627,171,2052,3166.5,1.6834,5
ENST00000681020.1,ENSG00000185624,558,51,1725,2099.5,1.2542,1
ENST00000681861.1,ENSG00000166598,815,184,2629,5136.5,2.1008,4
ENST00000681938.1,ENSG00000185885,156,131,599,1504.0,3.2137,5
ENST00000682083.1,ENSG00000271793,563,194,1883,1529.5,0.9056,4
ENST00000682408.1,ENSG00000167470,512,485,2021,1405.5,0.915,5
ENST00000683198.1,ENSG00000072110,923,288,3057,1934.5,0.6986,5
ENST00000685102.1,ENSG00000004487,879,154,2791,2421.5,0.9183,3
ENST00000687244.1,ENSG00000147123,164,787,1279,1639.0,3.3313,1
ENST00000688851.1,ENSG00000167004,513,102,1641,2004.0,1.3021,3
ENST00000689346.1,ENSG00000166165,406,77,1295,3943.0,3.2373,2
ENST00000692677.1,ENSG00000103018,175,66,591,409.5,0.78,5
ENST00000692876.1,ENSG00000114023,161,139,622,735.0,1.5217,3
ENST00000695855.1,ENSG00000289694,192,281,857,1297.5,2.2526,5
ENST00000696161.1,ENSG00000051523,255,65,830,898.0,1.1739,2
ENST00000696533.1,ENSG00000077721,225,250,925,448.5,0.6644,4
ENST00000696553.1,ENSG00000116560,729,334,2521,2661.0,1.2167,4
ENST00000696814.1,ENSG00000101003,203,92,701,320.0,0.5255,1
ENST00000697718.1,ENSG00000132963,148,36,480,1274.5,2.8705,3
ENST00000698368.1,ENSG00000268400,65,15,210,203.0,1.041,1
ENST00000698794.1,ENSG00000114416,651,24,1977,1095.0,0.5607,1
ENST00000699169.1,ENSG00000128789,276,82,910,422.5,0.5103,2
ENST00000699273.1,ENSG00000058262,486,169,1627,1213.0,0.832,3
ENST00000699794.1,ENSG00000071127,660,284,2264,2432.0,1.2283,2
ENST00000699935.1,ENSG00000182117,73,346,565,646.0,2.9498,3
ENST00000700293.1,ENSG00000099341,354,39,1101,1501.0,1.4134,2
ENST00000700714.2,ENSG00000141367,1722,237,5403,3166.5,0.613,5
ENST00000703174.1,ENSG00000213639,369,96,1203,988.0,0.8925,5
ENST00000703354.1,ENSG00000113575,318,182,1136,1159.0,1.2149,4
ENST00000703936.1,ENSG00000290315,1195,181,3766,1972.0,0.5501,2
ENST00000703987.1,ENSG00000124486,2576,420,8148,4220.5,0.5461,4
ENST00000704002.1,ENSG00000136238,226,197,875,1341.0,1.9779,4
ENST00000704381.1,ENSG00000290318,164,234,726,1560.0,3.1707,5
ENST00000704995.1,ENSG00000184897,265,231,1026,1136.5,1.4296,3
ENST00000705448.1,ENSG00000118705,655,938,2903,2606.5,1.3265,5
ENST00000706299.1,ENSG00000008282,286,60,918,600.0,0.6993,5
ENST00000706669.1,ENSG00000169727,560,34,1714,888.5,0.5289,5
ENST00000706760.1,ENSG00000104805,472,81,1497,709.5,0.5011,1
ENST00000706947.1,ENSG00000291313,98,339,633,264.5,0.8997,1
ENST00000710272.1,ENSG00000143321,326,37,1015,1535.5,1.57,5
ENST00000710286.1,ENSG00000169174,812,25,2461,1548.5,0.6357,4
ENST00000710358.1,ENSG00000159335,176,343,871,1436.5,2.7206,4
ENST00000710360.1,ENSG00000102096,371,13,1126,2793.0,2.5094,2
ENST00000710361.1,ENSG00000142453,626,99,1977,1207.5,0.643,3
ENST00000710369.1,ENSG00000160679,269,235,1042,588.5,0.7292,4
ENST00000710383.1,ENSG00000135316,679,42,2079,1628.0,0.7992,5
ENST00000711214.1,,299,104,1001,1397.0,1.5574,
ENST00000711312.1,ENSG00000103275,211,339,972,950.0,1.5008,3
ENST00000713776.1,ENSG00000213593,302,26,932,530.0,0.585,5
ENST00000714017.1,ENSG00000140416,342,79,1105,995.5,0.9703,3
ENST00000714034.1,ENSG00000117118,296,132,1020,545.5,0.6143,3
ENST00000714063.1,ENSG00000143252,180,25,565,856.0,1.5852,2
ENST00000714191.1,ENSG00000156966,498,133,1627,910.0,0.6091,5
ENST00000714408.1,ENSG00000141510,412,142,1378,1243.5,1.0061,4
ENST00000715596.1,ENSG00000293600,104,398,710,276.0,0.8846,3
