transcript_id,gene_id,n_codons,cds_start,cds_end,sum_avg_count,sum_avg_count_norm,cv5_test_fold
ENST00000000233.10,ENSG00000004059,181,88,631,685.0,1.2615,5
ENST00000001008.6,ENSG00000004478,460,170,1550,3499.5,2.5359,5
ENST00000007516.8,ENSG00000004779,157,26,497,1613.5,3.4257,2
ENST00000010404.6,ENSG00000008394,156,65,533,401.0,0.8568,1
ENST00000012443.9,ENSG00000011485,500,10,1510,1008.5,0.6723,1
ENST00000013034.3,ENSG00000239672,178,209,743,3173.0,5.9419,2
ENST00000023939.8,ENSG00000022277,337,113,1124,708.0,0.7003,5
ENST00000025399.10,ENSG00000023734,364,314,1406,1204.0,1.1026,1
ENST00000037243.7,ENSG00000034713,118,108,462,575.5,1.6257,1
ENST00000044462.12,ENSG00000041357,262,119,905,3340.5,4.25,3
ENST00000053468.4,ENSG00000048544,202,12,618,499.5,0.8243,2
ENST00000053867.8,ENSG00000030582,594,40,1822,948.5,0.5323,5
ENST00000054666.11,ENSG00000049245,101,88,391,374.0,1.2343,4
ENST00000081029.8,ENSG00000061794,324,12,984,848.5,0.8729,4
ENST00000157812.7,ENSG00000013275,419,38,1295,3087.0,2.4558,2
ENST00000168216.11,ENSG00000072506,262,25,811,1207.0,1.5356,5
ENST00000175091.5,ENSG00000068697,234,108,810,678.5,0.9665,4
ENST00000177742.7,ENSG00000074071,226,31,709,1311.5,1.9344,4
ENST00000184266.3,ENSG00000065518,130,24,414,852.5,2.1859,1
ENST00000196371.10,ENSG00000083720,521,67,1630,941.0,0.602,2
ENST00000199706.13,ENSG00000086504,257,47,818,1496.0,1.9403,3
ENST00000199814.9,ENSG00000086589,421,77,1340,725.0,0.574,4
ENST00000202017.6,ENSG00000088356,134,85,487,264.5,0.658,4
ENST00000202773.14,ENSG00000089009,289,19,886,1081.5,1.2474,4
ENST00000203407.6,ENSG00000010256,481,26,1469,1293.5,0.8964,3
ENST00000203630.10,ENSG00000089693,249,231,978,607.0,0.8126,3
ENST00000205402.10,ENSG00000091140,510,68,1598,2058.5,1.3454,5
ENST00000209728.9,ENSG00000094804,561,225,1908,910.0,0.5407,5
ENST00000209875.9,ENSG00000094916,192,157,733,736.5,1.2786,1
ENST00000215375.7,ENSG00000099624,169,100,607,732.5,1.4448,1
ENST00000215565.3,ENSG00000099795,138,66,480,607.5,1.4674,1
ENST00000215570.8,ENSG00000099800,96,53,341,1019.0,3.5382,1
ENST00000215754.8,ENSG00000240972,116,92,440,1404.0,4.0345,3
ENST00000215793.13,ENSG00000099995,794,102,2484,1839.0,0.772,4
ENST00000215829.8,ENSG00000100028,127,91,472,2456.0,6.4462,1
ENST00000215832.11,ENSG00000100030,361,205,1288,617.0,0.5697,2
ENST00000215882.10,ENSG00000100075,312,63,999,671.0,0.7169,5
ENST00000216034.6,ENSG00000100216,143,22,451,619.5,1.4441,2
ENST00000216038.6,ENSG00000100220,506,91,1609,1306.5,0.8607,3
ENST00000216122.9,ENSG00000100297,735,77,2282,1865.5,0.846,3
ENST00000216146.9,ENSG00000100316,404,26,1238,4475.0,3.6922,2
ENST00000216190.13,ENSG00000100353,549,101,1748,2433.0,1.4772,4
ENST00000216218.8,ENSG00000100380,370,99,1209,1540.0,1.3874,3
ENST00000216225.9,ENSG00000100387,109,21,348,1354.5,4.1422,3
ENST00000216252.4,ENSG00000100410,111,39,372,461.5,1.3859,4
ENST00000216297.7,ENSG00000092201,1048,92,3236,2970.0,0.9447,1
ENST00000216330.7,ENSG00000100442,225,411,1086,1212.5,1.7963,2
ENST00000216455.9,ENSG00000100567,256,78,846,1514.0,1.9714,2
ENST00000216479.8,ENSG00000100591,339,97,1114,837.5,0.8235,4
ENST00000216554.8,ENSG00000100664,432,441,1737,710.0,0.5478,1
ENST00000216714.8,ENSG00000100823,319,237,1194,1139.0,1.1902,4
ENST00000216727.9,ENSG00000100836,307,13,934,695.0,0.7546,3
ENST00000216774.11,ENSG00000100883,505,257,1772,907.5,0.599,4
ENST00000217244.9,ENSG00000101266,392,345,1521,808.0,0.6871,1
ENST00000217426.7,ENSG00000101444,433,85,1384,2545.0,1.9592,1
ENST00000217515.11,ENSG00000091164,290,152,1022,631.0,0.7253,3
ENST00000217958.8,ENSG00000101843,227,22,703,437.5,0.6424,5
ENST00000217971.8,ENSG00000101856,196,79,667,1728.0,2.9388,4
ENST00000218224.9,ENSG00000102103,266,572,1370,498.5,0.6247,5
ENST00000218348.7,ENSG00000102226,964,49,2941,1586.0,0.5484,3
ENST00000218388.9,ENSG00000102265,208,47,671,583.5,0.9351,5
ENST00000219097.7,ENSG00000091651,253,47,806,542.0,0.7141,5
ENST00000219252.10,ENSG00000102978,276,46,874,634.0,0.7657,5
ENST00000219302.8,ENSG00000103024,170,9,519,294.0,0.5765,1
ENST00000219313.9,ENSG00000103035,325,101,1076,827.0,0.8482,2
ENST00000221114.8,ENSG00000104671,191,15,588,390.0,0.6806,2
ENST00000221130.11,ENSG00000104687,523,11,1580,823.0,0.5245,1
ENST00000221265.8,ENSG00000006712,532,242,1838,1358.0,0.8509,2
ENST00000221418.9,ENSG00000104823,329,22,1009,1012.5,1.0258,2
ENST00000221486.6,ENSG00000104889,300,90,990,1030.5,1.145,5
ENST00000221494.10,ENSG00000104897,465,115,1510,1380.0,0.9892,1
ENST00000221801.8,ENSG00000105202,322,79,1045,5593.5,5.7904,2
ENST00000221859.9,ENSG00000105258,126,19,397,384.0,1.0159,3
ENST00000222005.7,ENSG00000105401,379,63,1200,1123.0,0.9877,4
ENST00000222008.11,ENSG00000105404,186,29,587,943.5,1.6909,3
ENST00000222247.10,ENSG00000105640,177,47,578,5385.5,10.1422,2
ENST00000222266.2,ENSG00000205155,102,140,446,600.0,1.9608,1
ENST00000222388.6,ENSG00000285292,635,46,1951,1086.5,0.5703,5
ENST00000222553.8,ENSG00000105835,492,99,1575,1067.0,0.7229,3
ENST00000222969.10,ENSG00000106245,145,442,877,422.0,0.9701,4
ENST00000223029.8,ENSG00000106305,321,92,1055,794.0,0.8245,4
ENST00000223129.8,ENSG00000106399,122,1172,1538,690.5,1.8866,3
ENST00000223321.9,ENSG00000106588,235,16,721,2595.0,3.6809,5
ENST00000223324.3,ENSG00000106591,189,11,578,623.0,1.0988,3
ENST00000223500.9,ENSG00000086065,220,30,690,589.0,0.8924,5
ENST00000223641.5,ENSG00000106803,97,82,373,221.0,0.7595,5
ENST00000224073.6,ENSG00000107223,149,50,497,991.5,2.2181,3
ENST00000224237.9,ENSG00000026025,467,145,1546,4593.5,3.2787,5
ENST00000225174.8,ENSG00000108179,208,80,704,1892.0,3.0321,1
ENST00000225298.12,ENSG00000011260,557,39,1710,998.0,0.5972,3
ENST00000225504.8,ENSG00000213246,118,66,420,407.0,1.1497,3
ENST00000225655.6,ENSG00000108518,141,136,559,3592.0,8.4917,2
ENST00000225665.12,ENSG00000108528,315,136,1081,570.0,0.6032,5
ENST00000225698.8,ENSG00000108561,283,82,931,7550.0,8.8928,3
ENST00000225726.10,ENSG00000108588,484,205,1657,1270.0,0.8747,4
ENST00000225792.10,ENSG00000108654,615,170,2015,6210.0,3.3659,2
ENST00000225969.9,ENSG00000108826,149,14,461,573.0,1.2819,5
ENST00000225972.8,ENSG00000108829,308,206,1130,1188.5,1.2863,1
ENST00000226230.8,ENSG00000109084,177,40,571,439.0,0.8267,3
ENST00000226796.7,ENSG00000109534,218,55,709,512.5,0.7836,2
ENST00000227378.7,ENSG00000109971,647,8,1949,12432.0,6.4049,3
ENST00000227524.9,ENSG00000110107,505,203,1718,1434.5,0.9469,3
ENST00000227525.8,ENSG00000110108,244,119,851,395.5,0.5403,4
ENST00000228136.9,ENSG00000110696,184,132,684,1076.0,1.9493,4
ENST00000228251.9,ENSG00000060138,373,212,1331,1952.0,1.7444,4
ENST00000228306.8,ENSG00000089157,318,237,1191,1678.5,1.7594,5
ENST00000228318.8,ENSG00000075415,363,59,1148,4202.5,3.859,1
ENST00000228740.7,ENSG00000111144,612,68,1904,1874.5,1.021,5
ENST00000228825.12,ENSG00000111229,179,77,614,596.5,1.1108,2
ENST00000229179.9,ENSG00000111581,926,88,2866,1455.0,0.5238,4
ENST00000229214.9,ENSG00000111615,382,12,1158,1005.0,0.877,5
ENST00000229238.5,ENSG00000111639,129,126,513,955.0,2.4677,3
ENST00000229239.10,ENSG00000111640,336,76,1084,6994.0,6.9385,2
ENST00000229270.8,ENSG00000111669,287,337,1198,3048.0,3.5401,5
ENST00000229277.6,ENSG00000111674,435,92,1397,824.5,0.6318,5
ENST00000229379.3,ENSG00000111775,110,14,344,2916.0,8.8364,1
ENST00000229390.8,ENSG00000111786,222,139,805,903.0,1.3559,1
ENST00000229563.6,ENSG00000111843,113,216,555,448.0,1.3215,4
ENST00000229595.6,ENSG00000111875,205,262,877,316.0,0.5138,2
ENST00000230050.4,ENSG00000112306,133,82,481,1919.5,4.8108,1
ENST00000230056.8,ENSG00000112312,210,333,963,1245.5,1.977,5
ENST00000230340.9,ENSG00000112578,438,64,1378,804.0,0.6119,5
ENST00000230431.11,ENSG00000112667,175,25,550,500.5,0.9533,3
ENST00000231238.10,ENSG00000113312,293,84,963,455.5,0.5182,5
ENST00000231498.8,ENSG00000113569,1392,129,4305,2727.0,0.653,2
ENST00000231512.5,ENSG00000113583,266,41,839,493.0,0.6178,3
ENST00000231572.8,ENSG00000113643,661,28,2011,1883.5,0.9498,4
ENST00000232424.4,ENSG00000114315,281,233,1076,466.5,0.5534,3
ENST00000232905.4,ENSG00000114784,114,235,577,292.0,0.8538,4
ENST00000233025.11,ENSG00000114902,170,205,715,494.5,0.9696,4
ENST00000233078.9,ENSG00000071626,408,188,1412,916.0,0.7484,3
ENST00000233084.8,ENSG00000079785,741,66,2289,1845.0,0.83,1
ENST00000233143.6,ENSG00000034510,45,78,213,987.5,7.3148,1
ENST00000233468.5,ENSG00000115128,126,97,475,864.0,2.2857,4
ENST00000233893.10,ENSG00000115541,103,58,367,2246.0,7.2686,2
ENST00000234091.8,ENSG00000115738,135,860,1265,459.0,1.1333,1
ENST00000234111.9,ENSG00000115758,462,334,1720,1033.0,0.7453,2
ENST00000234301.3,ENSG00000115944,115,56,401,290.0,0.8406,3
ENST00000234590.10,ENSG00000074800,435,116,1421,32177.0,24.6567,3
ENST00000234831.10,ENSG00000116209,324,16,988,779.5,0.802,1
ENST00000234875.9,ENSG00000116251,129,22,409,994.5,2.5698,3
ENST00000235090.10,ENSG00000116455,343,87,1116,795.5,0.7731,1
ENST00000235835.8,ENSG00000053371,360,20,1100,585.5,0.5421,3
ENST00000236273.9,ENSG00000117614,244,35,767,474.5,0.6482,4
ENST00000236957.9,ENSG00000114942,226,121,799,2865.5,4.2264,1
ENST00000236959.14,ENSG00000138363,593,84,1863,1537.0,0.864,1
ENST00000237380.12,ENSG00000118579,179,14,551,305.5,0.5689,2
ENST00000237500.10,ENSG00000118680,173,120,639,830.0,1.5992,1
ENST00000237889.9,ENSG00000119013,99,61,358,762.5,2.5673,1
ENST00000238081.8,ENSG00000134308,246,139,877,1661.5,2.2514,5
ENST00000238892.4,ENSG00000119878,102,68,374,176.0,0.5752,5
ENST00000240185.8,ENSG00000120948,415,102,1347,642.0,0.5157,5
ENST00000240922.8,ENSG00000121579,170,300,810,739.0,1.449,1
ENST00000241600.10,ENSG00000122140,297,29,920,807.5,0.9063,3
ENST00000242285.11,ENSG00000122705,249,136,883,781.0,1.0455,5
ENST00000242576.7,ENSG00000076248,314,83,1025,1144.0,1.2144,4
ENST00000242577.11,ENSG00000088986,90,110,380,1777.5,6.5833,4
ENST00000242776.9,ENSG00000123136,428,76,1360,1042.0,0.8115,4
ENST00000242784.5,ENSG00000123144,177,27,558,712.0,1.3409,2
ENST00000242827.11,ENSG00000123179,207,62,683,376.5,0.6063,4
ENST00000243045.10,ENSG00000123353,154,73,535,252.0,0.5455,2
ENST00000243563.8,ENSG00000077312,283,206,1055,1383.5,1.6296,5
ENST00000243997.8,ENSG00000124172,52,84,240,1376.0,8.8205,4
ENST00000244020.5,ENSG00000124193,345,138,1173,1745.0,1.686,5
ENST00000244061.6,ENSG00000124226,229,16,703,387.0,0.5633,5
ENST00000244496.6,ENSG00000124541,260,32,812,670.0,0.859,4
ENST00000244534.7,ENSG00000124575,222,54,720,2459.5,3.6929,5
ENST00000245206.10,ENSG00000125166,431,88,1381,2671.0,2.0657,3
ENST00000245816.11,ENSG00000125656,278,44,878,547.0,0.6559,2
ENST00000246069.12,ENSG00000125868,166,134,632,258.0,0.5181,3
ENST00000246071.8,ENSG00000125870,226,174,852,1031.0,1.5206,3
ENST00000246337.9,ENSG00000126088,368,12,1116,707.0,0.6404,1
ENST00000246548.9,ENSG00000126261,641,52,1975,4223.5,2.1963,2
ENST00000246747.9,ENSG00000213465,185,48,603,610.5,1.1,5
ENST00000246957.10,ENSG00000126602,705,16,2131,2923.5,1.3823,3
ENST00000247655.4,ENSG00000127184,64,115,307,820.0,4.2708,2
ENST00000247665.12,ENSG00000054148,126,22,400,334.5,0.8849,5
ENST00000247866.9,ENSG00000090266,106,37,355,723.0,2.2736,3
ENST00000247970.9,ENSG00000127445,164,27,519,601.0,1.2215,2
ENST00000248342.9,ENSG00000178982,219,81,738,2633.5,4.0084,1
ENST00000248378.6,ENSG00000127774,111,137,470,196.0,0.5886,2
ENST00000249299.7,ENSG00000128534,97,60,351,509.5,1.7509,1
ENST00000250101.10,ENSG00000129235,124,23,395,1002.5,2.6949,4
ENST00000250124.11,ENSG00000129255,248,11,755,521.0,0.7003,5
ENST00000250495.10,ENSG00000129559,82,100,346,452.0,1.8374,5
ENST00000250498.9,ENSG00000129562,114,67,409,970.5,2.8377,2
ENST00000250559.14,ENSG00000127314,185,171,726,697.0,1.2559,2
ENST00000251047.6,ENSG00000074695,511,21,1554,1120.0,0.7306,5
ENST00000251074.5,ENSG00000075188,327,65,1046,722.0,0.736,3
ENST00000252102.9,ENSG00000131495,100,47,347,647.0,2.1567,4
ENST00000252487.9,ENSG00000130204,362,101,1187,1462.0,1.3462,4
ENST00000252622.15,ENSG00000130332,104,20,332,856.5,2.7452,1
ENST00000252699.7,ENSG00000130402,912,97,2833,4292.0,1.5687,4
ENST00000252934.10,ENSG00000130638,476,230,1658,1226.5,0.8589,5
ENST00000253003.7,ENSG00000130706,408,54,1278,1082.0,0.884,3
ENST00000253023.8,ENSG00000130725,184,230,782,692.0,1.2536,5
ENST00000253024.10,ENSG00000130726,836,694,3202,8049.5,3.2095,3
ENST00000253039.9,ENSG00000130741,473,13,1432,3403.5,2.3985,3
ENST00000253107.12,ENSG00000130810,474,33,1455,764.5,0.5376,2
ENST00000253108.9,ENSG00000130811,321,40,1003,2130.5,2.2124,3
ENST00000253237.10,ENSG00000105447,447,23,1364,1071.5,0.799,1
ENST00000253247.9,ENSG00000130935,720,12,2172,1913.5,0.8859,4
ENST00000253363.11,ENSG00000131051,531,333,1926,1691.5,1.0618,2
ENST00000253413.10,ENSG00000131100,227,114,795,987.5,1.4501,1
ENST00000253452.8,ENSG00000131143,170,59,569,2870.0,5.6275,4
ENST00000253462.8,ENSG00000131153,186,56,614,505.0,0.905,1
ENST00000253788.12,ENSG00000131469,137,55,466,4365.0,10.6204,3
ENST00000253794.7,ENSG00000131475,177,27,558,615.5,1.1591,1
ENST00000253814.6,ENSG00000131507,222,196,862,390.0,0.5856,5
ENST00000254193.11,ENSG00000131876,256,70,838,980.5,1.2767,3
ENST00000254719.10,ENSG00000132383,617,89,1940,1410.5,0.762,4
ENST00000254799.11,ENSG00000132463,481,63,1506,909.0,0.6299,4
ENST00000254806.8,ENSG00000132471,262,38,824,626.0,0.7964,1
ENST00000254810.8,ENSG00000132475,137,133,544,2546.0,6.1946,5
ENST00000254928.10,ENSG00000132591,438,19,1333,689.0,0.5244,3
ENST00000254940.10,ENSG00000132603,181,58,601,659.0,1.2136,1
ENST00000255390.10,ENSG00000133028,302,26,932,644.5,0.7114,1
ENST00000255631.9,ENSG00000133265,360,311,1391,671.5,0.6218,1
ENST00000255764.4,ENSG00000133398,136,64,472,425.0,1.0417,5
ENST00000256151.8,ENSG00000133773,242,11,737,400.5,0.5517,4
ENST00000256383.11,ENSG00000134001,316,130,1078,1298.5,1.3697,5
ENST00000256433.6,ENSG00000134049,83,87,336,143.0,0.5743,5
ENST00000256441.5,ENSG00000134056,104,70,382,278.5,0.8926,5
ENST00000256442.10,ENSG00000134057,434,113,1415,3299.0,2.5338,3
ENST00000256545.9,ENSG00000134153,243,23,752,442.0,0.6063,5
ENST00000256644.8,ENSG00000134248,174,76,598,417.5,0.7998,4
ENST00000256682.9,ENSG00000134287,182,271,817,429.0,0.7857,3
ENST00000256689.10,ENSG00000134294,507,351,1872,1231.5,0.8097,5
ENST00000256854.10,ENSG00000134440,549,119,1766,1527.0,0.9271,4
ENST00000257245.9,ENSG00000134809,91,142,415,327.0,1.1978,3
ENST00000257787.6,ENSG00000135334,204,549,1161,350.5,0.5727,4
ENST00000257857.9,ENSG00000135404,239,68,785,650.0,0.9066,5
ENST00000257904.11,ENSG00000135446,304,155,1067,839.0,0.92,4
ENST00000258091.10,ENSG00000135624,544,71,1703,6026.5,3.6927,2
ENST00000258169.9,ENSG00000135698,161,49,532,303.5,0.6284,4
ENST00000258383.4,ENSG00000135900,333,10,1009,539.0,0.5395,4
ENST00000258424.3,ENSG00000135940,130,25,415,1324.0,3.3949,1
ENST00000258739.9,ENSG00000136240,213,95,734,497.5,0.7786,1
ENST00000258772.10,ENSG00000136271,548,13,1657,1518.5,0.9237,5
ENST00000258960.7,ENSG00000136448,497,13,1504,749.0,0.5023,4
ENST00000259037.8,ENSG00000136521,190,22,592,571.5,1.0026,5
ENST00000259457.8,ENSG00000136930,278,17,851,1595.0,1.9125,1
ENST00000259632.12,ENSG00000137100,187,31,592,437.0,0.779,5
ENST00000259873.5,ENSG00000204568,259,26,803,1094.0,1.408,1
ENST00000260102.9,ENSG00000137547,297,43,934,773.0,0.8676,1
ENST00000260118.7,ENSG00000137563,319,38,995,497.5,0.5199,1
ENST00000260379.11,ENSG00000137818,115,131,476,1609.5,4.6652,4
ENST00000260731.5,ENSG00000138160,1057,246,3417,1710.5,0.5394,4
ENST00000260746.6,ENSG00000138175,183,122,671,296.5,0.5401,5
ENST00000260956.9,ENSG00000138385,409,115,1342,2472.5,2.0151,4
ENST00000261303.13,ENSG00000100764,441,45,1368,1147.0,0.867,1
ENST00000261313.3,ENSG00000089220,188,86,650,2283.5,4.0488,2
ENST00000261366.10,ENSG00000113368,587,373,2134,2668.5,1.5153,5
ENST00000261396.6,ENSG00000069248,1157,92,3563,2263.5,0.6521,4
ENST00000261497.9,ENSG00000124422,526,176,1754,1111.5,0.7044,5
ENST00000261574.10,ENSG00000065150,1116,180,3528,4193.5,1.2525,1
ENST00000261601.8,ENSG00000101557,495,142,1627,1458.5,0.9822,2
ENST00000261700.8,ENSG00000087302,245,94,829,917.0,1.2476,3
ENST00000261708.9,ENSG00000108651,598,81,1875,943.5,0.5259,1
ENST00000261712.8,ENSG00000108671,423,14,1283,1653.5,1.303,1
ENST00000261714.11,ENSG00000108578,456,125,1493,916.0,0.6696,1
ENST00000261735.4,ENSG00000089248,262,40,826,597.5,0.7602,2
ENST00000261811.6,ENSG00000120306,98,118,412,257.5,0.8759,3
ENST00000261813.9,ENSG00000113068,123,28,397,412.5,1.1179,3
ENST00000261868.10,ENSG00000104131,259,48,825,746.0,0.9601,3
ENST00000261880.10,ENSG00000103591,316,30,978,489.5,0.5164,3
ENST00000261881.9,ENSG00000075131,302,55,961,599.5,0.6617,5
ENST00000261890.7,ENSG00000103769,217,95,746,1199.5,1.8425,5
ENST00000262027.10,ENSG00000166986,901,23,2726,1895.5,0.7013,4
ENST00000262030.8,ENSG00000110955,530,21,1611,10641.0,6.6925,5
ENST00000262177.9,ENSG00000105993,327,167,1148,529.5,0.5398,3
ENST00000262193.7,ENSG00000008018,242,65,791,2614.5,3.6012,2
ENST00000262225.8,ENSG00000086598,202,85,691,319.0,0.5264,5
ENST00000262238.10,ENSG00000100811,415,101,1346,799.5,0.6422,5
ENST00000262306.11,ENSG00000103363,162,38,524,1650.0,3.3951,4
ENST00000262428.5,ENSG00000103187,143,164,593,236.5,0.5513,1
ENST00000262455.7,ENSG00000023318,407,160,1381,616.5,0.5049,3
ENST00000262498.8,ENSG00000070761,194,266,848,364.5,0.6263,1
ENST00000262544.6,ENSG00000101310,768,490,2794,1345.0,0.5838,3
ENST00000262584.7,ENSG00000161016,258,233,1007,8653.5,11.1802,4
ENST00000262633.9,ENSG00000126254,481,118,1561,2176.5,1.5083,3
ENST00000262746.5,ENSG00000117450,200,341,941,5050.0,8.4167,5
ENST00000262776.8,ENSG00000108679,586,123,1881,2713.0,1.5432,1
ENST00000262942.10,ENSG00000241685,371,136,1249,663.5,0.5961,3
ENST00000262982.3,ENSG00000124207,972,123,3039,5150.0,1.7661,1
ENST00000263012.10,ENSG00000103226,1268,66,3870,3568.5,0.9381,5
ENST00000263168.4,ENSG00000116489,287,13,874,1277.0,1.4832,5
ENST00000263202.15,ENSG00000070010,308,108,1032,579.0,0.6266,2
ENST00000263238.7,ENSG00000115091,419,191,1448,981.5,0.7808,4
ENST00000263239.7,ENSG00000088205,671,87,2100,1391.5,0.6913,5
ENST00000263382.8,ENSG00000105011,203,133,742,479.0,0.7865,2
ENST00000263384.12,ENSG00000105058,113,33,372,200.0,0.59,3
ENST00000263559.11,ENSG00000122958,328,100,1084,919.5,0.9345,1
ENST00000263574.9,ENSG00000084234,764,72,2364,1970.5,0.8597,4
ENST00000263657.7,ENSG00000115946,253,47,806,450.5,0.5935,4
ENST00000263672.11,ENSG00000118363,227,20,701,475.5,0.6982,1
ENST00000263694.9,ENSG00000060688,358,37,1111,964.0,0.8976,4
ENST00000263697.6,ENSG00000126698,254,31,793,988.5,1.2972,1
ENST00000263774.9,ENSG00000213619,265,18,813,577.0,0.7258,2
ENST00000264108.5,ENSG00000128708,420,40,1300,1213.5,0.9631,2
ENST00000264156.3,ENSG00000076003,822,78,2544,2029.5,0.823,3
ENST00000264161.9,ENSG00000115866,502,158,1664,1172.0,0.7782,1
ENST00000264279.10,ENSG00000055044,530,179,1769,1303.0,0.8195,1
ENST00000264312.12,ENSG00000109180,246,167,905,887.5,1.2026,1
ENST00000264335.13,ENSG00000108953,256,112,880,2805.5,3.653,1
ENST00000264552.14,ENSG00000108106,223,199,868,1465.0,2.1898,3
ENST00000264639.9,ENSG00000108344,535,164,1769,1604.0,0.9994,3
ENST00000264670.11,ENSG00000037474,768,65,2369,2038.5,0.8848,4
ENST00000264933.9,ENSG00000249915,192,75,651,326.0,0.566,3
ENST00000264954.5,ENSG00000109519,218,32,686,534.0,0.8165,3
ENST00000265056.12,ENSG00000073111,905,56,2771,1760.5,0.6484,5
ENST00000265073.9,ENSG00000113387,128,70,454,1243.0,3.237,4
ENST00000265192.9,ENSG00000120727,128,153,537,508.5,1.3242,4
ENST00000265304.11,ENSG00000106028,149,96,543,1626.5,3.6387,2
ENST00000265333.8,ENSG00000213585,284,87,939,2465.5,2.8938,4
ENST00000265339.7,ENSG00000119048,153,27,486,332.0,0.7233,2
ENST00000265394.10,ENSG00000106066,477,119,1550,738.0,0.5157,1
ENST00000265498.6,ENSG00000085871,148,201,645,265.5,0.598,1
ENST00000265523.9,ENSG00000106605,297,76,967,482.5,0.5415,3
ENST00000265729.7,ENSG00000075142,199,12,609,519.5,0.8702,5
ENST00000265753.13,ENSG00000106682,249,28,775,901.0,1.2062,3
ENST00000265758.7,ENSG00000071462,282,29,875,666.5,0.7878,2
ENST00000265866.12,ENSG00000096746,347,176,1217,1176.5,1.1302,1
ENST00000266544.10,ENSG00000139180,378,13,1147,1286.5,1.1345,3
ENST00000266679.8,ENSG00000111605,589,31,1798,1090.0,0.6169,1
ENST00000267750.9,ENSG00000128463,184,99,651,430.5,0.7799,3
ENST00000267884.11,ENSG00000140319,137,65,476,1554.5,3.7822,3
ENST00000267935.13,ENSG00000140365,200,27,627,471.5,0.7858,5
ENST00000267970.9,ENSG00000140391,254,155,917,1139.5,1.4954,5
ENST00000267973.7,ENSG00000140395,306,87,1005,571.0,0.622,4
ENST00000268379.9,ENSG00000140740,454,63,1425,1871.0,1.3737,1
ENST00000268668.11,ENSG00000140990,173,87,606,938.0,1.8073,2
ENST00000268717.10,ENSG00000141030,424,60,1332,1513.5,1.1899,2
ENST00000269518.9,ENSG00000141682,137,162,573,781.5,1.9015,1
ENST00000270142.11,ENSG00000142168,155,77,542,3970.5,8.5387,5
ENST00000270225.12,ENSG00000142230,347,96,1137,1371.0,1.317,2
ENST00000270586.8,ENSG00000142507,240,31,751,1872.0,2.6,4
ENST00000270625.7,ENSG00000142534,159,23,500,8754.5,18.3532,4
ENST00000270776.13,ENSG00000142657,484,54,1506,3329.5,2.293,3
ENST00000270792.10,ENSG00000142669,94,70,352,168.5,0.5975,3
ENST00000270812.6,ENSG00000142684,157,42,513,307.5,0.6529,3
ENST00000271308.9,ENSG00000143106,242,118,844,1326.5,1.8271,2
ENST00000271373.9,ENSG00000143158,128,191,575,291.0,0.7578,3
ENST00000271375.7,ENSG00000213064,161,76,559,275.0,0.5694,3
ENST00000271628.9,ENSG00000143368,425,44,1319,1407.5,1.1039,5
ENST00000271638.3,ENSG00000163191,106,89,407,493.5,1.5519,2
ENST00000271850.11,ENSG00000143549,286,40,898,774.5,0.9027,4
ENST00000272065.10,ENSG00000143727,159,18,495,298.5,0.6258,5
ENST00000272091.8,ENSG00000143751,452,31,1387,758.5,0.5594,5
ENST00000272102.10,ENSG00000143761,182,95,641,3182.0,5.8278,4
ENST00000272163.9,ENSG00000143815,616,99,1947,2481.5,1.3428,4
ENST00000272274.8,ENSG00000122026,161,90,573,359.0,0.7433,5
ENST00000273223.10,ENSG00000144713,154,58,520,2674.5,5.789,1
ENST00000273258.4,ENSG00000144746,189,111,678,338.0,0.5961,4
ENST00000273968.5,ENSG00000145337,115,76,421,253.5,0.7348,3
ENST00000274026.10,ENSG00000145386,433,255,1554,907.0,0.6982,2
ENST00000274065.9,ENSG00000145425,265,25,820,5564.5,6.9994,3
ENST00000274140.10,ENSG00000145495,911,204,2937,1487.5,0.5443,2
ENST00000274242.10,ENSG00000145592,98,37,331,1054.5,3.5867,2
ENST00000274496.10,ENSG00000145817,258,135,909,424.0,0.5478,5
ENST00000274606.8,ENSG00000145912,154,68,530,1135.5,2.4578,2
ENST00000274712.8,ENSG00000146007,200,14,614,568.5,0.9475,2
ENST00000274787.3,ENSG00000146066,107,69,390,379.0,1.1807,1
ENST00000275603.9,ENSG00000146731,532,84,1680,1801.5,1.1288,3
ENST00000276390.7,ENSG00000147416,512,26,1562,816.5,0.5316,2
ENST00000276585.9,ENSG00000147586,188,11,575,393.5,0.6977,4
ENST00000276682.8,ENSG00000147677,367,767,1868,1149.0,1.0436,4
ENST00000276689.8,ENSG00000147684,180,64,604,798.5,1.4787,4
ENST00000277010.9,ENSG00000147955,224,90,762,475.0,0.7068,1
ENST00000277865.5,ENSG00000148672,559,74,1751,1266.5,0.7552,3
ENST00000278193.7,ENSG00000148943,198,17,611,496.5,0.8359,2
ENST00000278412.7,ENSG00000149136,710,282,2412,2493.5,1.1707,1
ENST00000278572.10,ENSG00000149273,260,18,798,8338.0,10.6897,2
ENST00000278618.9,ENSG00000149313,310,49,979,590.0,0.6344,1
ENST00000279242.7,ENSG00000149792,167,26,527,251.5,0.502,4
ENST00000279387.12,ENSG00000149923,308,164,1088,836.5,0.9053,3
ENST00000280154.12,ENSG00000150593,470,153,1563,1086.5,0.7706,5
ENST00000280326.9,ENSG00000150753,542,61,1687,7566.5,4.6534,1
ENST00000280557.11,ENSG00000139726,199,136,733,301.5,0.505,4
ENST00000281031.5,ENSG00000151366,120,118,478,1264.0,3.5111,1
ENST00000281141.9,ENSG00000151465,337,58,1069,1430.5,1.4149,4
ENST00000281828.8,ENSG00000116120,590,19,1789,1180.5,0.6669,1
ENST00000282050.6,ENSG00000152234,554,145,1807,3589.0,2.1594,1
ENST00000282058.11,ENSG00000152240,279,27,864,471.5,0.5633,2
ENST00000282074.7,ENSG00000152253,225,127,802,345.0,0.5111,2
ENST00000283131.4,ENSG00000153147,1053,223,3382,1793.5,0.5677,4
ENST00000284727.9,ENSG00000154518,143,128,557,2356.5,5.493,1
ENST00000284984.8,ENSG00000154734,968,455,3359,1829.5,0.63,5
ENST00000285093.15,ENSG00000167315,398,49,1243,681.0,0.5704,4
ENST00000285930.9,ENSG00000085662,317,38,989,1324.5,1.3927,3
ENST00000286371.8,ENSG00000069849,280,159,999,1272.5,1.5149,4
ENST00000286428.7,ENSG00000155959,198,23,617,985.0,1.6582,5
ENST00000286788.9,ENSG00000156261,549,58,1705,7317.5,4.4429,5
ENST00000287038.8,ENSG00000156482,116,70,418,2616.5,7.5187,2
ENST00000287667.12,ENSG00000103512,1223,131,3800,3577.5,0.9751,2
ENST00000287844.7,ENSG00000033050,624,85,1957,1099.5,0.5873,1
ENST00000288207.7,ENSG00000157456,399,123,1320,941.5,0.7865,2
ENST00000288937.7,ENSG00000158042,176,44,572,461.5,0.8741,2
ENST00000289316.2,ENSG00000158373,127,24,405,7803.5,20.4816,1
ENST00000290130.4,ENSG00000159055,234,35,737,553.0,0.7877,5
ENST00000290155.8,ENSG00000159079,291,134,1007,966.0,1.1065,2
ENST00000290158.9,ENSG00000108424,877,326,2957,5741.0,2.1821,5
ENST00000290299.7,ENSG00000241837,214,41,683,2981.0,4.6433,3
ENST00000290341.8,ENSG00000159217,578,361,2095,1057.5,0.6099,2
ENST00000290349.11,ENSG00000159228,278,92,926,517.0,0.6199,4
ENST00000290541.7,ENSG00000159377,265,15,810,2910.5,3.661,2
ENST00000291295.14,ENSG00000160014,150,105,555,586.5,1.3033,2
ENST00000291458.9,ENSG00000160124,145,7,442,310.5,0.7138,3
ENST00000291552.9,ENSG00000160201,241,76,799,2581.0,3.5698,4
ENST00000291568.7,ENSG00000160213,99,39,336,1058.0,3.5623,2
ENST00000291576.12,ENSG00000241945,920,18,2778,1862.0,0.6746,2
ENST00000291577.11,ENSG00000160221,269,15,822,814.0,1.0087,3
ENST00000291634.11,ENSG00000160256,231,29,722,448.5,0.6472,2
ENST00000292644.5,ENSG00000161057,434,69,1371,1798.0,1.381,4
ENST00000293362.7,ENSG00000131467,268,161,965,883.5,1.0989,3
ENST00000293831.13,ENSG00000161960,407,17,1238,841.0,0.6888,2
ENST00000293860.6,ENSG00000161980,109,22,349,523.0,1.5994,5
ENST00000294742.6,ENSG00000162704,155,98,563,560.5,1.2054,4
ENST00000295066.3,ENSG00000162961,100,249,549,259.0,0.8633,2
ENST00000295470.10,ENSG00000152795,421,772,2035,2934.0,2.323,2
ENST00000295491.9,ENSG00000163319,143,20,449,329.0,0.7669,1
ENST00000295598.10,ENSG00000163399,1024,268,3340,3817.0,1.2425,5
ENST00000295633.8,ENSG00000163430,309,96,1023,832.0,0.8975,4
ENST00000295688.8,ENSG00000163468,546,108,1746,7523.5,4.5931,5
ENST00000295702.9,ENSG00000163479,184,64,616,762.5,1.3813,1
ENST00000295766.9,ENSG00000167552,452,480,1836,5394.5,3.9782,1
ENST00000295899.10,ENSG00000163634,205,15,630,360.0,0.5854,4
ENST00000296102.8,ENSG00000243147,66,59,257,206.5,1.0429,4
ENST00000296255.8,ENSG00000163902,608,18,1842,1883.0,1.0323,5
ENST00000296277.9,ENSG00000163923,52,376,532,1231.0,7.891,1
ENST00000296412.14,ENSG00000197894,375,88,1213,651.5,0.5791,4
ENST00000296417.6,ENSG00000164032,129,105,492,3936.0,10.1705,1
ENST00000296503.10,ENSG00000164104,210,107,737,1721.5,2.7325,4
ENST00000296509.11,ENSG00000164109,206,114,732,979.5,1.585,3
ENST00000296511.10,ENSG00000164111,321,153,1116,1391.0,1.4444,5
ENST00000296543.10,ENSG00000164134,867,273,2874,1640.5,0.6307,2
ENST00000296577.9,ENSG00000164163,600,136,1936,1786.0,0.9922,5
ENST00000296581.11,ENSG00000164167,81,104,347,144.5,0.5947,2
ENST00000296658.4,ENSG00000164237,246,297,1035,407.5,0.5522,2
ENST00000296674.13,ENSG00000186468,144,31,463,8077.0,18.6968,5
ENST00000296684.10,ENSG00000164258,176,24,552,672.0,1.2727,2
ENST00000297071.9,ENSG00000164548,283,157,1006,1202.0,1.4158,1
ENST00000297185.9,ENSG00000113013,680,83,2123,5976.0,2.9294,3
ENST00000297338.7,ENSG00000164754,632,198,2094,1176.5,0.6205,4
ENST00000297534.7,ENSG00000164898,114,48,390,521.5,1.5249,2
ENST00000297564.6,ENSG00000164919,76,72,300,1290.5,5.6601,2
ENST00000297579.9,ENSG00000164934,598,277,2071,907.0,0.5056,5
ENST00000298130.5,ENSG00000165389,72,33,249,173.5,0.8032,2
ENST00000298159.11,ENSG00000165410,167,53,554,632.0,1.2615,5
ENST00000298289.7,ENSG00000165502,107,101,422,284.0,0.8847,5
ENST00000298510.4,ENSG00000165672,257,22,793,3606.5,4.6777,4
ENST00000298556.8,ENSG00000165704,219,147,804,1587.5,2.4163,1
ENST00000298852.8,ENSG00000165916,440,160,1480,1202.0,0.9106,1
ENST00000299138.12,ENSG00000069329,797,45,2436,1728.0,0.7227,2
ENST00000299166.9,ENSG00000166136,187,20,581,1478.0,2.6346,2
ENST00000299259.10,ENSG00000166200,451,83,1436,777.0,0.5743,2
ENST00000299299.4,ENSG00000166228,105,32,347,252.0,0.8,4
ENST00000299300.11,ENSG00000166226,536,63,1671,6920.0,4.3035,5
ENST00000299335.8,ENSG00000166260,277,8,839,468.5,0.5638,2
ENST00000299381.5,ENSG00000166295,111,154,487,169.0,0.5075,4
ENST00000299518.7,ENSG00000166411,367,42,1143,707.5,0.6426,5
ENST00000299736.5,ENSG00000166582,273,33,852,452.5,0.5525,3
ENST00000300026.4,ENSG00000166794,217,36,687,2221.5,3.4124,1
ENST00000300086.5,ENSG00000166848,400,110,1310,842.0,0.7017,2
ENST00000300093.9,ENSG00000166851,604,44,1856,1758.0,0.9702,2
ENST00000300151.5,ENSG00000166902,252,120,876,490.5,0.6488,1
ENST00000300283.10,ENSG00000237289,418,392,1646,669.5,0.5339,4
ENST00000300291.10,ENSG00000167005,228,130,814,960.5,1.4042,1
ENST00000300408.8,ENSG00000167085,273,75,894,946.5,1.1557,2
ENST00000300413.10,ENSG00000167088,120,116,476,1408.0,3.9111,1
ENST00000300688.8,ENSG00000167283,104,60,372,1221.0,3.9135,2
ENST00000300738.10,ENSG00000167325,793,214,2593,2493.0,1.0479,4
ENST00000300811.8,ENSG00000131116,189,202,769,383.0,0.6755,1
ENST00000300935.8,ENSG00000167461,208,13,637,518.5,0.8309,4
ENST00000301019.9,ENSG00000167513,547,43,1684,1081.0,0.6587,3
ENST00000301244.12,ENSG00000167642,253,320,1079,676.5,0.8913,5
ENST00000301328.9,ENSG00000167699,314,24,966,541.0,0.5743,2
ENST00000301364.10,ENSG00000167721,805,30,2445,1689.5,0.6996,5
ENST00000301457.3,ENSG00000267855,114,17,359,730.0,2.1345,3
ENST00000301458.10,ENSG00000167775,283,68,917,695.0,0.8186,4
ENST00000301522.3,ENSG00000167815,199,70,667,3106.5,5.2035,2
ENST00000301585.10,ENSG00000167862,207,17,638,330.5,0.5322,2
ENST00000301587.9,ENSG00000167863,162,54,540,1192.0,2.4527,2
ENST00000301633.8,ENSG00000089685,166,131,629,797.5,1.6014,4
ENST00000301729.9,ENSG00000167969,303,21,930,576.5,0.6342,4
ENST00000301730.12,ENSG00000205937,306,240,1158,956.5,1.0419,1
ENST00000301740.13,ENSG00000167978,2753,240,8499,5318.5,0.644,5
ENST00000301764.12,ENSG00000167986,1141,137,3560,3210.5,0.9379,1
ENST00000301788.12,ENSG00000168002,173,69,588,706.0,1.3603,2
ENST00000301886.3,ENSG00000273003,114,26,368,327.5,0.9576,1
ENST00000302386.10,ENSG00000170296,118,119,473,678.0,1.9153,2
ENST00000302418.5,ENSG00000170759,964,452,3344,1624.5,0.5617,1
ENST00000302422.4,ENSG00000205544,114,13,355,567.0,1.6579,2
ENST00000302516.10,ENSG00000189091,1218,183,3837,4001.5,1.0951,4
ENST00000302746.11,ENSG00000168291,360,23,1103,757.5,0.7014,5
ENST00000302763.12,ENSG00000044115,907,88,2809,2218.5,0.8153,1
ENST00000302907.9,ENSG00000170889,195,56,641,1774.5,3.0333,1
ENST00000303127.12,ENSG00000169223,357,21,1092,1025.5,0.9575,3
ENST00000303151.5,ENSG00000172336,141,194,617,283.5,0.6702,3
ENST00000303210.9,ENSG00000172354,341,273,1296,585.0,0.5718,1
ENST00000303305.11,ENSG00000170515,395,179,1364,4572.0,3.8582,5
ENST00000303436.11,ENSG00000168374,181,204,747,621.0,1.1436,1
ENST00000303731.9,ENSG00000170043,146,117,555,484.5,1.1062,2
ENST00000303887.10,ENSG00000166508,720,103,2263,5820.0,2.6944,2
ENST00000303904.8,ENSG00000168090,328,22,1006,1603.5,1.6296,5
ENST00000303910.5,ENSG00000277075,131,54,447,601.0,1.5293,1
ENST00000304043.10,ENSG00000169567,127,51,432,2270.0,5.958,1
ENST00000304191.4,ENSG00000169612,119,218,575,215.0,0.6022,3
ENST00000304218.6,ENSG00000168298,220,62,722,22576.0,34.2061,1
ENST00000304312.5,ENSG00000169020,70,29,239,820.5,3.9071,1
ENST00000304414.12,ENSG00000170540,204,83,695,1421.0,2.3219,4
ENST00000304734.9,ENSG00000146223,256,229,997,1235.5,1.6087,1
ENST00000304786.12,ENSG00000143742,87,115,376,2160.0,8.2759,1
ENST00000304858.7,ENSG00000170606,841,238,2761,2984.0,1.1827,1
ENST00000304863.6,ENSG00000169021,275,33,858,3357.0,4.0691,4
ENST00000304979.8,ENSG00000171960,178,24,558,392.5,0.735,1
ENST00000304992.11,ENSG00000174231,2336,99,7107,6594.0,0.9409,1
ENST00000305105.3,ENSG00000106400,155,31,496,600.0,1.2903,2
ENST00000305321.4,ENSG00000169627,153,513,972,404.0,0.8802,5
ENST00000305784.7,ENSG00000168393,213,32,671,322.5,0.5047,3
ENST00000305786.7,ENSG00000172115,106,69,387,378.5,1.1903,5
ENST00000305885.3,ENSG00000168496,381,139,1282,1116.0,0.9764,3
ENST00000305943.9,ENSG00000168159,236,107,815,955.0,1.3489,5
ENST00000305978.7,ENSG00000171222,180,110,650,608.0,1.1259,4
ENST00000306024.4,ENSG00000170860,103,44,353,849.5,2.7492,4
ENST00000306125.12,ENSG00000172053,776,24,2352,1304.0,0.5601,5
ENST00000306185.8,ENSG00000172172,179,56,593,738.5,1.3752,3
ENST00000306434.8,ENSG00000168906,396,120,1308,2430.5,2.0459,4
ENST00000306627.8,ENSG00000170142,194,167,749,1215.0,2.0876,3
ENST00000306749.4,ENSG00000169710,2512,123,7659,8566.5,1.1367,3
ENST00000306869.7,ENSG00000169738,245,15,750,922.5,1.2551,3
ENST00000306984.8,ENSG00000168303,180,55,595,306.5,0.5676,2
ENST00000307301.11,ENSG00000154719,354,42,1104,886.5,0.8347,2
ENST00000307630.5,ENSG00000170027,248,183,927,922.5,1.2399,2
ENST00000307839.10,ENSG00000174748,205,52,667,2663.5,4.3309,2
ENST00000307877.7,ENSG00000167881,628,26,1910,1152.0,0.6115,4
ENST00000307961.11,ENSG00000174444,428,65,1349,16356.0,12.7383,3
ENST00000308018.9,ENSG00000128626,139,74,491,818.5,1.9628,5
ENST00000308153.9,ENSG00000105968,129,116,503,215.5,0.5568,4
ENST00000308394.9,ENSG00000164305,278,235,1069,465.0,0.5576,2
ENST00000308448.11,ENSG00000138138,362,379,1465,672.5,0.6192,2
ENST00000308696.11,ENSG00000173692,954,159,3021,1454.0,0.508,2
ENST00000308924.9,ENSG00000063244,476,70,1498,2534.0,1.7745,5
ENST00000308987.6,ENSG00000173207,80,65,305,238.5,0.9938,1
ENST00000309268.11,ENSG00000156508,463,63,1452,50358.5,36.2552,5
ENST00000309311.7,ENSG00000167658,859,83,2660,27889.0,10.8223,4
ENST00000309352.4,ENSG00000204316,381,9,1152,744.0,0.6509,2
ENST00000309451.7,ENSG00000173272,159,21,498,492.0,1.0314,5
ENST00000309579.7,ENSG00000173915,59,67,244,1298.5,7.3362,1
ENST00000309594.5,ENSG00000173141,103,65,374,231.5,0.7492,5
ENST00000309922.7,ENSG00000174173,404,148,1360,634.0,0.5231,1
ENST00000310092.12,ENSG00000173933,365,62,1157,1197.5,1.0936,5
ENST00000310118.9,ENSG00000175166,909,26,2753,1927.0,0.7066,1
ENST00000310137.5,ENSG00000239306,670,91,2101,1445.0,0.7189,1
ENST00000310144.11,ENSG00000087191,407,60,1281,1320.0,1.0811,5
ENST00000310164.3,ENSG00000174460,403,473,1682,653.0,0.5401,3
ENST00000310256.7,ENSG00000173409,272,12,828,590.5,0.7237,2
ENST00000310786.10,ENSG00000135535,198,89,683,968.0,1.6296,1
ENST00000311052.10,ENSG00000153048,148,48,492,419.0,0.9437,2
ENST00000311111.11,ENSG00000172809,71,106,319,2998.5,14.0775,4
ENST00000311212.9,ENSG00000120963,77,241,472,124.0,0.5368,4
ENST00000311481.11,ENSG00000174903,202,41,647,354.0,0.5842,1
ENST00000311487.9,ENSG00000137309,108,249,573,1565.5,4.8318,4
ENST00000311528.10,ENSG00000167526,212,51,687,7822.5,12.2995,2
ENST00000311672.10,ENSG00000173660,92,69,345,929.0,3.3659,1
ENST00000312037.6,ENSG00000164587,152,208,664,6320.5,13.8607,3
ENST00000312175.7,ENSG00000175334,90,84,354,1000.0,3.7037,5
ENST00000312184.6,ENSG00000175606,261,87,870,443.0,0.5658,3
ENST00000312475.5,ENSG00000259494,280,11,851,457.0,0.544,3
ENST00000312783.10,ENSG00000087586,404,243,1455,728.5,0.6011,4
ENST00000312989.11,ENSG00000172531,342,11,1037,789.5,0.7695,5
ENST00000313117.11,ENSG00000115875,239,105,822,2945.5,4.1081,2
ENST00000313132.8,ENSG00000165637,310,249,1179,1383.0,1.4871,3
ENST00000313334.13,ENSG00000134717,159,98,575,444.0,0.9308,4
ENST00000313368.8,ENSG00000178913,350,740,1790,726.0,0.6914,1
ENST00000313433.11,ENSG00000117748,359,70,1147,1035.0,0.961,4
ENST00000313468.10,ENSG00000110717,211,53,686,734.5,1.1603,3
ENST00000313511.8,ENSG00000178952,456,79,1447,2957.0,2.1615,4
ENST00000313608.13,ENSG00000181610,191,34,607,942.0,1.644,1
ENST00000313899.12,ENSG00000138668,356,313,1381,4047.5,3.7898,2
ENST00000314133.4,ENSG00000176340,70,61,271,656.0,3.1238,3
ENST00000314138.11,ENSG00000166441,149,22,469,5619.5,12.5716,5
ENST00000314191.7,ENSG00000253729,4129,10,12397,6846.0,0.5527,3
ENST00000314332.5,ENSG00000180596,127,6,387,6262.5,16.437,2
ENST00000314355.7,ENSG00000123975,80,98,338,1079.0,4.4958,2
ENST00000314852.2,ENSG00000177971,185,944,1499,337.5,0.6081,1
ENST00000314940.7,ENSG00000177733,306,297,1215,1967.0,2.1427,1
ENST00000315554.15,ENSG00000070831,192,84,660,1529.5,2.6554,4
ENST00000315758.10,ENSG00000146701,339,55,1072,2526.0,2.4838,1
ENST00000315985.7,ENSG00000221914,458,31,1405,1133.5,0.825,3
ENST00000316084.10,ENSG00000198034,264,53,845,5049.5,6.3756,5
ENST00000316149.8,ENSG00000123545,176,90,618,485.0,0.9186,1
ENST00000316199.10,ENSG00000178999,346,78,1116,1452.0,1.3988,3
ENST00000316403.15,ENSG00000120885,450,75,1425,865.5,0.6411,1
ENST00000316448.10,ENSG00000179218,418,71,1325,5809.5,4.6328,4
ENST00000316594.6,ENSG00000126945,450,151,1501,1141.0,0.8452,3
ENST00000316804.10,ENSG00000177885,218,327,981,420.5,0.643,2
ENST00000316939.3,ENSG00000179271,223,11,680,1142.5,1.7078,5
ENST00000317089.10,ENSG00000069345,413,102,1341,1356.0,1.0944,5
ENST00000317378.5,ENSG00000181029,189,187,754,556.5,0.9815,4
ENST00000317534.6,ENSG00000062582,168,22,526,743.0,1.4742,2
ENST00000317799.10,ENSG00000138029,475,60,1485,826.0,0.5796,5
ENST00000317869.7,ENSG00000179172,294,221,1103,713.0,0.8084,4
ENST00000317881.9,ENSG00000005022,299,72,969,2274.0,2.5351,1
ENST00000317943.6,ENSG00000178449,58,300,474,197.5,1.1351,5
ENST00000318066.7,ENSG00000177889,153,63,522,1249.0,2.7211,5
ENST00000318240.8,ENSG00000177576,77,215,446,173.5,0.7511,2
ENST00000318386.8,ENSG00000163950,278,62,896,716.5,0.8591,4
ENST00000318607.10,ENSG00000070756,637,505,2416,1160.5,0.6073,3
ENST00000318911.5,ENSG00000179091,326,24,1002,1130.0,1.1554,3
ENST00000319006.8,ENSG00000177156,338,18,1032,1352.0,1.3333,1
ENST00000319285.5,ENSG00000179958,171,50,563,938.5,1.8294,3
ENST00000319410.9,ENSG00000065427,626,122,2000,1661.5,0.8847,2
ENST00000319942.8,ENSG00000137955,332,16,1012,713.0,0.7159,4
ENST00000320676.11,ENSG00000147274,392,155,1331,1563.5,1.3295,1
ENST00000320756.7,ENSG00000111196,149,77,524,507.5,1.1353,3
ENST00000320848.7,ENSG00000178988,128,236,620,424.0,1.1042,2
ENST00000320857.7,ENSG00000180879,174,1084,1606,1363.5,2.6121,2
ENST00000320912.8,ENSG00000179010,128,653,1037,1147.5,2.9883,5
ENST00000320963.9,ENSG00000117906,336,104,1112,827.0,0.8204,2
ENST00000321153.9,ENSG00000177600,116,74,422,2519.5,7.2399,2
ENST00000321256.10,ENSG00000114503,157,25,496,302.5,0.6423,3
ENST00000321265.10,ENSG00000090273,332,106,1102,2070.5,2.0788,3
ENST00000321358.12,ENSG00000065978,325,148,1123,2303.5,2.3626,3
ENST00000321394.12,ENSG00000120438,557,134,1805,2995.0,1.7923,1
ENST00000321442.10,ENSG00000164466,323,89,1058,831.5,0.8581,3
ENST00000321751.9,ENSG00000175756,200,129,729,807.5,1.3458,2
ENST00000321792.5,ENSG00000213516,391,428,1601,806.0,0.6871,4
ENST00000322008.9,ENSG00000177697,254,140,902,607.0,0.7966,4
ENST00000322028.5,ENSG00000177700,68,21,225,731.5,3.5858,4
ENST00000322203.7,ENSG00000198755,218,34,688,6045.5,9.2439,1
ENST00000322213.9,ENSG00000072501,1234,54,3756,3192.5,0.8624,1
ENST00000322535.11,ENSG00000087365,896,21,2709,1963.5,0.7305,1
ENST00000322623.10,ENSG00000175792,457,88,1459,1421.0,1.0365,5
ENST00000322723.9,ENSG00000115053,711,131,2264,9672.0,4.5345,3
ENST00000322753.7,ENSG00000173436,79,67,304,580.5,2.4494,3
ENST00000322776.11,ENSG00000167792,465,69,1464,731.5,0.5244,3
ENST00000322989.8,ENSG00000134419,131,96,489,8171.0,20.7913,1
ENST00000323274.15,ENSG00000176890,314,90,1032,1582.5,1.6799,2
ENST00000323303.9,ENSG00000115540,226,21,699,373.0,0.5501,3
ENST00000323345.11,ENSG00000148303,267,26,827,4239.5,5.2928,3
ENST00000323666.10,ENSG00000111142,479,28,1465,1527.5,1.063,3
ENST00000323699.9,ENSG00000143753,324,97,1069,2360.5,2.4285,4
ENST00000323833.12,ENSG00000123297,347,26,1067,641.0,0.6158,3
ENST00000323851.13,ENSG00000104419,395,137,1322,920.0,0.7764,2
ENST00000324366.13,ENSG00000100462,638,15,1929,1398.5,0.7307,4
ENST00000324460.7,ENSG00000044574,655,217,2182,5077.0,2.5837,1
ENST00000324787.10,ENSG00000090263,107,69,390,353.5,1.1012,4
ENST00000325110.11,ENSG00000112972,521,126,1689,1574.0,1.007,2
ENST00000325307.12,ENSG00000029993,201,47,650,564.0,0.9353,2
ENST00000325327.4,ENSG00000176619,621,26,1889,1127.0,0.6049,3
ENST00000325495.9,ENSG00000099783,731,24,2217,5492.0,2.5043,2
ENST00000325844.9,ENSG00000181991,195,10,595,361.5,0.6179,5
ENST00000326799.7,ENSG00000136758,774,149,2471,1512.0,0.6512,4
ENST00000326925.11,ENSG00000178057,185,24,579,604.5,1.0892,5
ENST00000327044.7,ENSG00000188976,750,16,2266,2501.0,1.1116,5
ENST00000327300.12,ENSG00000121774,444,128,1460,2952.5,2.2166,2
ENST00000327331.2,ENSG00000134690,281,113,956,540.5,0.6412,3
ENST00000327435.11,ENSG00000182551,180,44,584,393.5,0.7287,5
ENST00000327772.7,ENSG00000184752,146,17,455,1008.5,2.3025,3
ENST00000327892.13,ENSG00000196230,445,155,1490,1790.5,1.3412,4
ENST00000328434.8,ENSG00000183978,107,23,344,488.5,1.5218,5
ENST00000328923.8,ENSG00000182199,505,68,1583,3009.5,1.9865,5
ENST00000329251.5,ENSG00000254772,438,49,1363,5986.5,4.5559,1
ENST00000329276.10,ENSG00000101361,595,29,1814,1961.0,1.0986,5
ENST00000329399.7,ENSG00000107438,330,88,1078,671.0,0.6778,5
ENST00000329421.8,ENSG00000175130,196,200,788,1448.5,2.4634,5
ENST00000329433.11,ENSG00000169045,473,108,1527,5174.5,3.6466,3
ENST00000329967.11,ENSG00000184990,176,55,583,440.5,0.8343,3
ENST00000330029.6,ENSG00000184076,64,30,222,174.0,0.9062,3
ENST00000330133.5,ENSG00000183617,139,19,436,455.0,1.0911,2
ENST00000330137.12,ENSG00000182628,122,23,389,314.0,0.8579,2
ENST00000330263.5,ENSG00000053372,240,31,751,993.0,1.3792,3
ENST00000330398.9,ENSG00000185883,156,152,620,999.0,2.1346,2
ENST00000330459.8,ENSG00000182481,530,129,1719,3141.0,1.9755,2
ENST00000330720.7,ENSG00000105438,213,193,832,1523.5,2.3842,5
ENST00000330899.5,ENSG00000086061,398,121,1315,2542.0,2.129,5
ENST00000330938.8,ENSG00000183255,181,74,617,446.0,0.8214,5
ENST00000330978.4,ENSG00000183336,87,98,359,286.0,1.0958,5
ENST00000331128.6,ENSG00000184270,131,49,442,1828.5,4.6527,5
ENST00000331200.8,ENSG00000128951,253,87,846,1038.5,1.3682,5
ENST00000331244.10,ENSG00000108010,336,30,1038,1327.0,1.3165,1
ENST00000331268.9,ENSG00000185787,363,204,1293,1111.0,1.0202,1
ENST00000331380.4,ENSG00000184260,130,57,447,2001.0,5.1308,5
ENST00000331442.5,ENSG00000184357,227,59,740,916.0,1.3451,1
ENST00000331457.9,ENSG00000185721,368,80,1184,934.5,0.8465,5
ENST00000331491.2,ENSG00000183598,137,12,423,2387.5,5.809,4
ENST00000331569.6,ENSG00000183779,591,198,1971,1436.0,0.8099,4
ENST00000331573.8,ENSG00000183527,289,66,933,959.5,1.1067,1
ENST00000331581.11,ENSG00000182985,472,21,1437,896.5,0.6331,1
ENST00000331666.11,ENSG00000184110,914,85,2827,7463.0,2.7217,2
ENST00000331835.10,ENSG00000183291,166,15,513,822.5,1.6516,4
ENST00000332435.10,ENSG00000066379,127,260,641,197.5,0.5184,2
ENST00000332556.5,ENSG00000185896,418,196,1450,874.0,0.697,5
ENST00000332598.7,ENSG00000184840,236,12,720,1185.0,1.6737,1
ENST00000333082.7,ENSG00000125818,272,168,984,791.5,0.97,3
ENST00000333130.4,ENSG00000185608,207,10,631,509.0,0.8196,2
ENST00000333151.5,ENSG00000276368,129,37,424,4091.5,10.5724,1
ENST00000333511.9,ENSG00000172270,386,39,1197,3450.5,2.9797,3
ENST00000333676.8,ENSG00000262814,199,135,732,901.0,1.5092,1
ENST00000333775.9,ENSG00000183011,174,431,953,346.5,0.6638,3
ENST00000333926.6,ENSG00000122873,109,112,439,472.0,1.4434,3
ENST00000334701.11,ENSG00000080824,855,282,2847,17835.0,6.9532,1
ENST00000334828.6,ENSG00000171314,255,117,882,998.5,1.3052,3
ENST00000334982.9,ENSG00000173418,179,35,572,642.0,1.1955,2
ENST00000335508.11,ENSG00000115524,1305,29,3944,2867.0,0.7323,5
ENST00000335514.10,ENSG00000130770,107,60,381,1061.5,3.3069,3
ENST00000335890.3,ENSG00000126756,170,217,727,477.5,0.9363,5
ENST00000335972.11,ENSG00000130985,1059,196,3373,5320.5,1.6747,1
ENST00000336023.9,ENSG00000123416,452,95,1451,9053.5,6.6766,1
ENST00000336283.9,ENSG00000213523,225,21,696,338.5,0.5015,5
ENST00000336695.4,ENSG00000125995,80,182,422,655.0,2.7292,4
ENST00000336767.6,ENSG00000113460,354,28,1090,1609.5,1.5155,4
ENST00000336812.5,ENSG00000109606,796,161,2549,1983.0,0.8304,2
ENST00000337147.11,ENSG00000092820,587,134,1895,1509.0,0.8569,4
ENST00000337273.10,ENSG00000083312,899,77,2774,1881.5,0.6976,1
ENST00000337392.10,ENSG00000104853,670,16,2026,1028.0,0.5114,2
ENST00000337620.8,ENSG00000122565,184,428,980,1640.0,2.971,4
ENST00000337682.9,ENSG00000139146,222,147,813,527.0,0.7913,3
ENST00000337859.11,ENSG00000065548,427,123,1404,686.5,0.5359,1
ENST00000337970.7,ENSG00000169813,416,323,1571,4019.0,3.2204,2
ENST00000338034.9,ENSG00000006744,827,80,2561,1438.5,0.5798,2
ENST00000338128.13,ENSG00000105655,559,50,1727,1248.5,0.7445,4
ENST00000338148.8,ENSG00000185414,162,93,579,454.0,0.9342,4
ENST00000338222.7,ENSG00000188021,625,247,2122,961.5,0.5128,2
ENST00000338446.8,ENSG00000158234,214,683,1325,335.5,0.5226,3
ENST00000338517.8,ENSG00000153130,123,45,414,279.5,0.7575,2
ENST00000338639.10,ENSG00000116288,190,106,676,2219.5,3.8939,2
ENST00000338825.5,ENSG00000187840,119,40,397,406.0,1.1373,5
ENST00000338970.10,ENSG00000188846,216,69,717,7434.5,11.473,4
ENST00000339093.7,ENSG00000142546,305,45,960,672.5,0.735,5
ENST00000339413.11,ENSG00000167645,315,30,975,484.0,0.5122,5
ENST00000339471.8,ENSG00000105193,153,41,500,2364.5,5.1514,3
ENST00000339600.6,ENSG00000189043,82,96,342,918.0,3.7317,5
ENST00000339647.6,ENSG00000150991,686,67,2125,20062.5,9.7485,4
ENST00000339697.5,ENSG00000111897,454,70,1432,1031.5,0.7573,4
ENST00000339812.3,ENSG00000124635,127,45,426,9333.5,24.4974,1
ENST00000339995.11,ENSG00000110321,908,308,3032,2839.0,1.0422,3
ENST00000340309.7,ENSG00000244687,171,379,892,629.0,1.2261,5
ENST00000340384.5,ENSG00000188229,446,74,1412,3707.0,2.7706,5
ENST00000340385.6,ENSG00000117592,225,63,738,3356.0,4.9719,5
ENST00000340398.5,ENSG00000188375,136,132,540,943.0,2.3113,3
ENST00000340413.7,ENSG00000120253,381,34,1177,773.0,0.6763,2
ENST00000340473.8,ENSG00000188342,250,146,896,425.0,0.5667,5
ENST00000340513.4,ENSG00000088325,784,528,2880,1182.5,0.5028,1
ENST00000340541.4,ENSG00000101558,295,195,1080,794.5,0.8977,5
ENST00000340648.6,ENSG00000160208,759,105,2382,1503.5,0.6603,3
ENST00000340766.9,ENSG00000186298,338,232,1246,835.5,0.824,1
ENST00000340828.7,ENSG00000113328,296,210,1098,898.5,1.0118,1
ENST00000341023.2,ENSG00000196866,131,50,443,3858.5,9.8181,1
ENST00000341394.9,ENSG00000135387,710,141,2271,2393.0,1.1235,3
ENST00000342555.10,ENSG00000010244,498,310,1804,2032.5,1.3604,4
ENST00000342669.8,ENSG00000125743,119,65,422,2968.5,8.3151,4
ENST00000343043.7,ENSG00000132676,399,168,1365,641.0,0.5355,5
ENST00000343262.9,ENSG00000140988,294,23,905,3101.0,3.5159,5
ENST00000343304.10,ENSG00000132128,813,44,2483,1387.5,0.5689,2
ENST00000343677.4,ENSG00000187837,214,42,684,24556.5,38.25,5
ENST00000343818.11,ENSG00000143811,321,140,1103,807.0,0.838,2
ENST00000343986.9,ENSG00000171858,84,52,304,1441.0,5.7183,3
ENST00000344034.5,ENSG00000115241,547,169,1810,1099.0,0.6697,1
ENST00000344921.11,ENSG00000099956,395,207,1392,714.0,0.6025,4
ENST00000345042.6,ENSG00000144381,574,117,1839,4588.5,2.6646,3
ENST00000345496.7,ENSG00000184787,166,72,570,799.0,1.6044,1
ENST00000346178.8,ENSG00000089597,967,16,2917,3356.5,1.157,4
ENST00000346798.8,ENSG00000142192,771,150,2463,3055.5,1.321,4
ENST00000347512.8,ENSG00000130255,106,35,353,8556.0,26.9057,2
ENST00000348459.10,ENSG00000119969,839,134,2651,1533.5,0.6093,5
ENST00000348462.6,ENSG00000136942,124,45,417,1529.5,4.1116,3
ENST00000350028.5,ENSG00000100347,470,136,1546,797.5,0.5656,2
ENST00000350030.8,ENSG00000132780,789,106,2473,2975.0,1.2569,4
ENST00000350498.8,ENSG00000106244,182,49,595,551.5,1.0101,4
ENST00000351554.8,ENSG00000085063,129,161,548,426.5,1.1021,5
ENST00000351839.7,,464,107,1499,5652.0,4.0603,
ENST00000352035.7,ENSG00000131473,1102,95,3401,4965.0,1.5018,3
ENST00000352410.9,ENSG00000178802,424,32,1304,670.0,0.5267,5
ENST00000352433.10,ENSG00000164611,203,48,657,1185.0,1.9458,3
ENST00000352767.7,ENSG00000114867,1607,214,5035,5291.5,1.0976,4
ENST00000352861.9,ENSG00000132432,69,60,267,976.0,4.715,5
ENST00000352983.7,ENSG00000147604,249,21,768,3001.5,4.0181,3
ENST00000353245.7,ENSG00000164924,246,84,822,3480.5,4.7161,3
ENST00000353411.11,ENSG00000113558,164,96,588,936.0,1.9024,4
ENST00000353703.9,ENSG00000166913,247,185,926,1754.0,2.3671,4
ENST00000353801.7,ENSG00000096384,725,122,2297,12705.0,5.8414,5
ENST00000354371.7,ENSG00000198612,210,76,706,373.5,0.5929,1
ENST00000354488.8,ENSG00000198171,315,55,1000,540.0,0.5714,5
ENST00000354618.10,ENSG00000054118,956,197,3065,2015.5,0.7028,5
ENST00000354667.8,ENSG00000122566,354,169,1231,12815.5,12.0673,3
ENST00000354694.12,ENSG00000100029,589,77,1844,1217.0,0.6887,3
ENST00000354725.8,ENSG00000197157,911,180,2913,2019.5,0.7389,2
ENST00000354775.5,ENSG00000143149,519,4,1561,872.5,0.5604,3
ENST00000354777.6,ENSG00000116729,544,246,1878,916.5,0.5616,2
ENST00000354926.9,ENSG00000146963,393,368,1547,1050.5,0.891,4
ENST00000355057.3,ENSG00000197238,104,33,345,2633.0,8.4391,3
ENST00000355151.9,ENSG00000172590,124,30,402,606.0,1.629,2
ENST00000355264.9,ENSG00000185009,419,77,1334,745.5,0.5931,2
ENST00000355338.6,ENSG00000140105,472,619,2035,942.0,0.6653,3
ENST00000355899.8,ENSG00000102024,631,95,1988,4021.5,2.1244,3
ENST00000355937.9,ENSG00000101166,195,56,641,544.0,0.9299,2
ENST00000355938.9,ENSG00000159199,137,85,496,900.5,2.191,4
ENST00000356033.8,ENSG00000189159,182,278,824,786.5,1.4405,4
ENST00000356126.8,ENSG00000197170,457,58,1429,1943.5,1.4176,4
ENST00000356244.8,ENSG00000100401,588,240,2004,1680.5,0.9527,1
ENST00000356455.9,ENSG00000175063,180,52,592,1063.0,1.9685,1
ENST00000356476.3,ENSG00000197409,137,36,447,3096.0,7.5328,2
ENST00000356493.10,ENSG00000165283,357,37,1108,656.0,0.6125,3
ENST00000356508.9,ENSG00000105223,491,123,1596,950.0,0.6449,4
ENST00000356530.6,ENSG00000277224,127,43,424,2641.5,6.9331,4
ENST00000356577.10,ENSG00000159140,2427,55,7336,4547.0,0.6245,5
ENST00000356708.12,ENSG00000165629,299,31,928,2880.5,3.2113,2
ENST00000356950.2,ENSG00000197903,127,57,438,10446.0,27.4173,4
ENST00000356978.9,ENSG00000198668,150,202,652,1896.5,4.2144,4
ENST00000357194.10,ENSG00000109332,150,152,602,511.0,1.1356,3
ENST00000357360.5,ENSG00000196976,144,366,798,245.5,0.5683,4
ENST00000357394.8,ENSG00000125991,389,60,1227,1169.5,1.0021,3
ENST00000357500.5,ENSG00000167272,164,40,532,310.5,0.6311,3
ENST00000358007.7,ENSG00000213782,456,22,1390,901.0,0.6586,5
ENST00000358008.7,ENSG00000164022,313,674,1613,547.5,0.5831,5
ENST00000358015.8,ENSG00000119318,410,351,1581,746.0,0.6065,4
ENST00000358056.8,ENSG00000197045,143,53,482,236.5,0.5513,1
ENST00000358075.11,ENSG00000102158,336,183,1191,1159.5,1.1503,1
ENST00000358171.8,ENSG00000149257,419,101,1358,674.5,0.5366,5
ENST00000358227.5,ENSG00000137038,113,44,383,353.0,1.0413,1
ENST00000358344.8,ENSG00000197451,333,231,1230,3855.5,3.8594,5
ENST00000358572.10,ENSG00000198498,204,112,724,310.0,0.5065,2
ENST00000358598.6,ENSG00000108946,382,117,1263,637.5,0.5563,4
ENST00000358666.7,ENSG00000198258,74,184,406,927.5,4.1779,3
ENST00000358739.5,ENSG00000196747,131,37,430,5501.0,13.9975,5
ENST00000358794.9,ENSG00000168439,591,553,2326,2995.5,1.6895,1
ENST00000358901.11,ENSG00000165280,807,272,2693,3776.0,1.5597,5
ENST00000359087.8,ENSG00000159593,538,77,1691,1386.5,0.859,4
ENST00000359193.4,ENSG00000196787,131,29,422,7128.5,18.1387,5
ENST00000359308.8,ENSG00000196419,610,655,2485,6516.5,3.5609,4
ENST00000359415.8,ENSG00000095139,553,165,1824,1290.5,0.7779,3
ENST00000359462.9,ENSG00000197111,367,323,1424,1609.5,1.4619,2
ENST00000359611.4,ENSG00000278677,131,36,429,1867.0,4.7506,5
ENST00000359803.7,ENSG00000110492,144,222,654,379.0,0.8773,2
ENST00000359866.9,ENSG00000130311,103,92,401,197.5,0.6392,4
ENST00000359995.10,ENSG00000161547,222,171,837,3715.5,5.5788,4
ENST00000360000.8,ENSG00000180964,118,146,500,266.5,0.7528,1
ENST00000360003.7,ENSG00000197771,643,170,2099,1258.0,0.6522,4
ENST00000360458.5,ENSG00000123562,289,292,1159,1853.5,2.1378,2
ENST00000360541.10,ENSG00000120705,438,158,1472,1321.0,1.0053,3
ENST00000360566.6,ENSG00000171848,450,291,1641,2475.0,1.8333,2
ENST00000360700.4,ENSG00000147180,808,886,3310,2052.0,0.8465,2
ENST00000360803.9,ENSG00000107937,635,46,1951,1751.5,0.9194,1
ENST00000360876.9,ENSG00000106263,815,95,2540,3304.5,1.3515,5
ENST00000360961.11,ENSG00000060762,110,64,394,227.0,0.6879,1
ENST00000361183.8,ENSG00000198898,287,25,886,896.0,1.0407,5
ENST00000361337.3,ENSG00000198900,766,246,2544,1615.5,0.703,5
ENST00000361351.8,ENSG00000138629,381,104,1247,642.5,0.5621,5
ENST00000361441.5,ENSG00000244509,191,106,679,298.0,0.5201,5
ENST00000361566.7,ENSG00000171345,401,61,1264,637.0,0.5295,5
ENST00000361575.4,ENSG00000198918,52,54,210,2767.0,17.7372,1
ENST00000361611.11,ENSG00000100804,264,19,811,1976.5,2.4956,2
ENST00000361740.9,ENSG00000100243,346,77,1115,1118.5,1.0776,4
ENST00000361891.9,ENSG00000143621,391,71,1244,3950.0,3.3674,4
ENST00000362034.7,ENSG00000197345,206,22,640,410.5,0.6642,3
ENST00000366535.4,ENSG00000035687,457,92,1463,1125.0,0.8206,4
ENST00000366560.4,ENSG00000091483,511,33,1566,774.5,0.5052,4
ENST00000366607.5,ENSG00000173726,146,122,560,872.0,1.9909,2
ENST00000366615.10,ENSG00000168275,156,11,479,486.5,1.0395,3
ENST00000366639.9,ENSG00000116918,291,142,1015,1135.5,1.3007,4
ENST00000366684.7,ENSG00000143632,378,103,1237,619.0,0.5459,4
ENST00000366695.3,ENSG00000181218,131,56,449,4208.5,10.7087,1
ENST00000366696.2,ENSG00000168148,137,35,446,1371.0,3.3358,3
ENST00000366794.10,ENSG00000143799,1015,164,3209,6519.5,2.1411,2
ENST00000366813.1,ENSG00000163041,137,375,786,217.5,0.5292,3
ENST00000366922.3,ENSG00000067704,1013,85,3124,1724.5,0.5675,2
ENST00000366923.8,ENSG00000136628,1513,117,4656,3342.0,0.7363,1
ENST00000366932.4,ENSG00000067533,283,24,873,644.5,0.7591,5
ENST00000367034.5,ENSG00000112110,181,121,664,388.5,0.7155,3
ENST00000367048.5,ENSG00000120437,398,43,1237,1153.0,0.9657,2
ENST00000367055.8,ENSG00000291237,223,67,736,456.5,0.6824,5
ENST00000367089.8,ENSG00000146425,114,35,377,544.5,1.5921,5
ENST00000367142.5,ENSG00000069275,244,209,941,3191.5,4.36,4
ENST00000367287.5,ENSG00000134375,172,24,540,695.5,1.3479,5
ENST00000367332.5,ENSG00000116857,187,93,654,434.0,0.7736,5
ENST00000367380.9,ENSG00000120265,251,33,786,1097.5,1.4575,3
ENST00000367549.4,ENSG00000135829,1271,132,3945,5055.0,1.3257,1
ENST00000367569.4,ENSG00000169976,87,76,337,1106.5,4.2395,3
ENST00000367576.6,ENSG00000135521,476,140,1568,867.5,0.6075,1
ENST00000367630.9,ENSG00000009844,308,25,949,581.0,0.6288,5
ENST00000367660.4,ENSG00000146386,82,137,383,363.0,1.4756,4
ENST00000367679.7,ENSG00000116161,229,234,921,1205.0,1.754,5
ENST00000367883.3,ENSG00000143198,167,89,590,488.5,0.975,2
ENST00000368003.6,ENSG00000143222,168,20,524,466.0,0.9246,4
ENST00000368010.4,ENSG00000143256,155,11,476,549.0,1.1806,2
ENST00000368096.5,ENSG00000158710,221,247,910,3355.0,5.0603,2
ENST00000368273.8,ENSG00000160783,208,10,634,316.5,0.5072,1
ENST00000368325.5,ENSG00000203760,104,100,412,517.0,1.6571,1
ENST00000368399.1,ENSG00000179085,123,77,446,211.5,0.5732,3
ENST00000368547.4,ENSG00000127884,291,21,894,1402.5,1.6065,4
ENST00000368608.4,ENSG00000189241,438,100,1414,1774.5,1.3505,2
ENST00000368759.5,ENSG00000107949,323,12,981,770.5,0.7951,1
ENST00000368809.1,ENSG00000197747,98,77,371,991.0,3.3707,4
ENST00000368830.8,ENSG00000143436,268,17,821,560.0,0.6965,2
ENST00000368845.6,ENSG00000065154,440,80,1400,3737.5,2.8314,5
ENST00000368865.9,ENSG00000154473,329,84,1071,2372.0,2.4032,5
ENST00000368921.5,ENSG00000213190,91,163,436,250.0,0.9158,2
ENST00000369016.8,ENSG00000143420,188,96,660,540.5,0.9583,2
ENST00000369026.3,ENSG00000143384,351,80,1133,822.5,0.7811,3
ENST00000369144.8,ENSG00000107581,1383,141,4290,3888.5,0.9372,3
ENST00000369155.4,ENSG00000184678,127,42,423,1984.0,5.2073,1
ENST00000369158.2,ENSG00000203811,137,51,462,10716.5,26.0742,5
ENST00000369159.3,ENSG00000288825,131,52,445,245.5,0.6247,5
ENST00000369163.4,ENSG00000278828,137,23,434,3296.5,8.0207,5
ENST00000369541.4,ENSG00000116752,226,24,702,759.5,1.1202,3
ENST00000369550.10,ENSG00000130826,515,102,1647,1496.5,0.9686,3
ENST00000369592.1,ENSG00000119953,239,305,1022,512.5,0.7148,1
ENST00000369626.8,ENSG00000155380,501,206,1709,3178.5,2.1148,5
ENST00000369713.10,ENSG00000148834,242,37,763,1569.5,2.1618,1
ENST00000369722.8,ENSG00000116459,257,78,849,1660.5,2.1537,1
ENST00000369762.7,ENSG00000071553,471,16,1429,1049.0,0.7424,2
ENST00000369817.7,ENSG00000147403,215,41,686,3983.0,6.1752,5
ENST00000369850.10,ENSG00000196924,2648,245,8189,4183.0,0.5266,5
ENST00000369851.7,ENSG00000065135,355,106,1171,846.0,0.7944,2
ENST00000369905.9,ENSG00000138107,377,65,1196,905.5,0.8006,3
ENST00000369923.4,ENSG00000031698,537,11,1622,1022.5,0.6347,4
ENST00000370053.3,ENSG00000197457,181,79,622,334.5,0.616,2
ENST00000370081.6,ENSG00000112695,116,311,659,1409.5,4.0503,5
ENST00000370110.6,ENSG00000107833,179,56,593,582.5,1.0847,2
ENST00000370177.1,ENSG00000125534,141,145,568,299.5,0.708,4
ENST00000370206.9,ENSG00000117519,330,216,1206,1038.5,1.049,5
ENST00000370277.5,ENSG00000147400,173,47,566,395.5,0.762,5
ENST00000370321.8,ENSG00000122406,298,75,969,11274.5,12.6113,3
ENST00000370355.3,ENSG00000099194,360,272,1352,2312.0,2.1407,2
ENST00000370500.10,ENSG00000137947,317,68,1019,546.0,0.5741,2
ENST00000370508.7,ENSG00000120053,414,59,1301,649.5,0.5229,5
ENST00000370641.3,ENSG00000174021,69,474,681,145.5,0.7029,2
ENST00000370651.8,ENSG00000285976,45,201,336,416.0,3.0815,5
ENST00000370654.6,ENSG00000117133,350,16,1066,905.5,0.8624,2
ENST00000370659.2,ENSG00000198225,109,88,415,832.5,2.5459,1
ENST00000370873.9,ENSG00000101182,249,91,838,1370.5,1.8347,1
ENST00000370902.8,ENSG00000171311,196,21,609,373.5,0.6352,5
ENST00000370918.8,ENSG00000012660,327,371,1352,880.5,0.8976,3
ENST00000370920.8,ENSG00000132485,331,40,1033,550.0,0.5539,1
ENST00000370949.2,ENSG00000116754,485,257,1712,1128.0,0.7753,1
ENST00000370982.4,ENSG00000172380,73,200,419,311.5,1.4224,5
ENST00000370995.6,ENSG00000142864,409,86,1313,5138.0,4.1874,2
ENST00000371092.7,ENSG00000142856,217,61,712,460.5,0.7074,2
ENST00000371142.9,ENSG00000077147,590,177,1947,1023.5,0.5782,5
ENST00000371224.7,ENSG00000059573,796,143,2531,1714.5,0.718,4
ENST00000371315.3,ENSG00000232119,183,533,1082,659.0,1.2004,2
ENST00000371419.7,ENSG00000101132,135,14,419,637.5,1.5741,2
ENST00000371437.5,ENSG00000125356,71,80,293,970.0,4.554,2
ENST00000371443.6,ENSG00000182154,138,108,522,598.0,1.4444,2
ENST00000371470.8,ENSG00000162385,147,70,511,545.5,1.237,1
ENST00000371477.4,ENSG00000096401,803,118,2527,1419.5,0.5892,2
ENST00000371584.9,ENSG00000000419,296,9,897,860.5,0.969,1
ENST00000371626.9,ENSG00000117862,173,95,614,454.0,0.8748,1
ENST00000371703.8,ENSG00000148688,269,13,820,644.0,0.798,1
ENST00000371708.1,ENSG00000112759,457,175,1546,686.0,0.5004,5
ENST00000371856.7,ENSG00000124214,578,378,2112,1128.5,0.6508,2
ENST00000371873.10,ENSG00000162368,229,156,843,371.0,0.54,3
ENST00000371989.8,ENSG00000148248,270,91,901,905.0,1.1173,3
ENST00000372014.5,ENSG00000180992,146,127,565,462.5,1.0559,1
ENST00000372133.8,ENSG00000096080,197,12,603,371.0,0.6277,1
ENST00000372134.6,ENSG00000165678,346,124,1162,1879.0,1.8102,2
ENST00000372257.7,ENSG00000117419,338,231,1245,571.0,0.5631,5
ENST00000372480.1,ENSG00000148335,224,152,824,345.0,0.5134,5
ENST00000372616.1,ENSG00000171793,592,130,1906,1234.0,0.6948,2
ENST00000372635.1,ENSG00000166681,112,236,572,915.5,2.7247,4
ENST00000372656.5,ENSG00000185222,105,188,503,195.5,0.6206,1
ENST00000372688.9,ENSG00000119335,297,45,936,1089.0,1.2222,4
ENST00000372691.3,ENSG00000102409,121,120,483,206.0,0.5675,4
ENST00000372728.4,ENSG00000133169,126,171,549,372.5,0.9854,3
ENST00000372759.4,ENSG00000084073,476,36,1464,1158.5,0.8113,4
ENST00000372792.7,ENSG00000131236,476,86,1514,1370.5,0.9597,1
ENST00000372833.6,ENSG00000172586,119,28,385,242.0,0.6779,4
ENST00000372858.8,ENSG00000090621,661,839,2822,1384.5,0.6982,1
ENST00000372879.8,ENSG00000196683,126,12,390,389.5,1.0304,1
ENST00000372921.10,ENSG00000138279,467,48,1449,969.5,0.692,4
ENST00000372945.8,ENSG00000182180,138,162,576,439.0,1.0604,3
ENST00000372967.3,ENSG00000168653,107,83,404,1932.5,6.0202,5
ENST00000373014.5,ENSG00000183520,254,69,831,985.5,1.2933,1
ENST00000373019.5,ENSG00000183431,502,57,1563,2032.0,1.3493,4
ENST00000373020.9,ENSG00000000003,246,112,850,434.5,0.5888,5
ENST00000373044.3,ENSG00000196449,280,28,868,539.5,0.6423,2
ENST00000373062.8,ENSG00000134697,732,115,2311,1333.5,0.6072,3
ENST00000373075.6,ENSG00000163875,202,17,623,306.0,0.505,2
ENST00000373232.8,ENSG00000180817,290,102,972,3515.5,4.0408,1
ENST00000373237.4,ENSG00000126067,202,94,700,2746.5,4.5322,5
ENST00000373238.5,ENSG00000079332,199,358,955,567.5,0.9506,4
ENST00000373316.5,ENSG00000102144,418,93,1347,5292.0,4.2201,4
ENST00000373365.5,ENSG00000124767,185,91,646,2933.5,5.2856,5
ENST00000373477.9,ENSG00000134684,529,114,1701,1550.5,0.977,1
ENST00000373493.10,ENSG00000162521,426,99,1377,3231.5,2.5286,2
ENST00000373548.8,ENSG00000116478,483,87,1536,1229.0,0.8482,4
ENST00000373609.1,ENSG00000084652,547,281,1922,1198.0,0.73,2
ENST00000373699.6,ENSG00000137168,167,31,532,637.0,1.2715,4
ENST00000373703.5,ENSG00000162517,285,12,867,889.0,1.0398,4
ENST00000373715.11,ENSG00000112081,165,122,617,2081.5,4.2051,2
ENST00000373768.4,ENSG00000119421,173,102,621,525.5,1.0125,4
ENST00000373795.7,ENSG00000116350,495,148,1633,812.0,0.5468,4
ENST00000373812.8,ENSG00000198492,580,181,1921,1205.5,0.6928,4
ENST00000373825.7,ENSG00000096063,656,42,2010,1502.0,0.7632,4
ENST00000373831.7,ENSG00000180198,453,61,1420,1054.0,0.7756,2
ENST00000373840.9,ENSG00000119396,216,238,886,477.0,0.7361,2
ENST00000373944.8,ENSG00000122952,278,23,857,644.5,0.7728,3
ENST00000374017.3,ENSG00000124562,181,287,830,1293.5,2.3821,3
ENST00000374050.4,ENSG00000136888,119,70,427,541.5,1.5168,4
ENST00000374169.7,ENSG00000148229,148,89,533,255.0,0.5743,5
ENST00000374293.5,ENSG00000242616,69,30,237,125.5,0.6063,2
ENST00000374358.5,ENSG00000183726,158,136,610,453.5,0.9568,2
ENST00000374379.9,ENSG00000169504,254,107,869,665.0,0.8727,5
ENST00000374436.7,ENSG00000242372,246,228,966,1393.0,1.8875,5
ENST00000374517.6,ENSG00000136810,106,72,390,2872.0,9.0314,4
ENST00000374561.6,ENSG00000117318,120,75,435,488.0,1.3556,2
ENST00000374606.10,ENSG00000204220,130,256,646,639.5,1.6397,1
ENST00000374616.7,ENSG00000125944,637,109,2020,3412.5,1.7857,5
ENST00000374846.3,ENSG00000125971,149,263,710,789.0,1.7651,5
ENST00000374865.5,ENSG00000136897,159,26,503,327.0,0.6855,5
ENST00000374980.3,ENSG00000125977,334,133,1135,1905.0,1.9012,4
ENST00000375433.3,ENSG00000179051,523,47,1616,1903.5,1.2132,2
ENST00000375549.8,ENSG00000204370,160,35,515,338.5,0.7052,5
ENST00000375571.6,ENSG00000101367,269,78,885,1438.5,1.7825,1
ENST00000375643.7,ENSG00000196305,1263,267,4056,2619.5,0.6913,2
ENST00000375650.5,ENSG00000204388,642,213,2139,13930.0,7.2326,3
ENST00000375651.7,ENSG00000204389,642,214,2140,12737.0,6.6132,1
ENST00000375654.5,ENSG00000204390,642,408,2334,1562.0,0.811,1
ENST00000375661.6,ENSG00000204392,96,209,497,240.5,0.8351,3
ENST00000375663.8,ENSG00000204394,1265,240,4035,2048.0,0.5397,1
ENST00000375779.6,ENSG00000213719,242,140,866,1104.5,1.5213,4
ENST00000375885.8,ENSG00000204435,235,212,917,1192.5,1.6915,1
ENST00000376263.8,ENSG00000165119,465,170,1565,5694.0,4.0817,4
ENST00000376327.6,ENSG00000102007,153,103,562,536.5,1.1688,4
ENST00000376387.5,ENSG00000125304,664,135,2127,1788.0,0.8976,4
ENST00000376588.4,ENSG00000135069,371,86,1199,1572.0,1.4124,1
ENST00000376755.1,ENSG00000102317,158,229,703,1757.5,3.7078,1
ENST00000376925.8,ENSG00000101439,147,93,534,815.5,1.8492,5
ENST00000376957.7,ENSG00000116649,303,75,984,496.5,0.5462,4
ENST00000377191.5,ENSG00000088930,951,68,2921,1770.5,0.6206,3
ENST00000377401.4,ENSG00000185130,127,23,404,2862.5,7.5131,2
ENST00000377459.3,ENSG00000274997,129,23,410,7146.5,18.4664,5
ENST00000377673.10,ENSG00000204856,274,31,853,620.5,0.7549,4
ENST00000377727.2,ENSG00000158406,104,35,347,1413.5,4.5304,1
ENST00000377733.4,ENSG00000278588,127,45,426,417.5,1.0958,1
ENST00000377745.5,ENSG00000278705,104,31,343,1996.0,6.3974,4
ENST00000377791.4,ENSG00000180573,131,61,454,4527.0,11.5191,2
ENST00000377803.4,ENSG00000197061,104,15,327,9978.0,31.9808,3
ENST00000377818.4,ENSG00000204899,83,27,276,295.5,1.1867,1
ENST00000377855.6,ENSG00000097021,381,147,1290,633.0,0.5538,1
ENST00000377891.6,ENSG00000168003,632,159,2055,1225.5,0.6464,1
ENST00000377982.8,ENSG00000138071,400,73,1273,1286.0,1.0717,4
ENST00000378037.9,ENSG00000136108,684,90,2142,1834.0,0.8938,2
ENST00000378364.8,ENSG00000198931,181,29,572,2027.0,3.733,4
ENST00000378665.1,ENSG00000164405,83,236,485,1117.5,4.488,4
ENST00000378700.8,ENSG00000172201,162,385,871,288.5,0.5936,3
ENST00000378720.8,ENSG00000139684,283,112,961,2183.5,2.5718,4
ENST00000378937.7,ENSG00000165609,233,94,793,1006.0,1.4392,4
ENST00000379143.10,ENSG00000132646,262,160,946,3154.0,4.0127,2
ENST00000379270.5,ENSG00000130066,172,179,695,289.0,0.5601,2
ENST00000379341.9,ENSG00000123131,272,78,894,1637.0,2.0061,3
ENST00000379412.9,ENSG00000134333,362,270,1356,3137.0,2.8886,2
ENST00000379440.9,ENSG00000171867,254,67,829,390.5,0.5125,5
ENST00000379516.7,ENSG00000205302,520,24,1584,912.5,0.5849,3
ENST00000379638.9,ENSG00000129625,190,37,607,704.0,1.2351,2
ENST00000379715.10,ENSG00000124802,175,27,552,469.5,0.8943,5
ENST00000379719.8,ENSG00000205339,1039,112,3229,2406.0,0.7719,3
ENST00000379757.9,ENSG00000239264,433,12,1311,1072.5,0.8256,3
ENST00000379847.8,ENSG00000165264,129,99,486,963.5,2.4897,4
ENST00000380041.8,ENSG00000047634,330,304,1294,810.0,0.8182,4
ENST00000380071.8,ENSG00000133119,357,30,1101,1266.5,1.1825,1
ENST00000380084.8,ENSG00000102054,470,245,1655,3957.5,2.8067,5
ENST00000380113.8,ENSG00000125877,195,54,639,463.5,0.7923,3
ENST00000380155.4,ENSG00000169895,353,113,1172,1014.5,0.958,3
ENST00000380191.9,ENSG00000057608,446,176,1514,3024.5,2.2605,4
ENST00000380325.4,ENSG00000125901,206,17,635,695.0,1.1246,2
ENST00000380394.9,ENSG00000137154,250,41,791,5278.0,7.0373,3
ENST00000380527.3,ENSG00000155876,314,233,1175,553.5,0.5876,1
ENST00000380591.8,ENSG00000145741,207,226,847,3788.5,6.1006,2
ENST00000380633.1,ENSG00000205542,45,90,225,107.0,0.7926,3
ENST00000380707.9,ENSG00000172062,295,17,902,1161.5,1.3124,2
ENST00000380733.9,ENSG00000164985,531,295,1888,974.0,0.6114,4
ENST00000380743.9,ENSG00000205571,295,17,902,1146.0,1.2949,3
ENST00000380747.5,ENSG00000205581,117,125,476,350.0,0.9972,5
ENST00000380822.9,ENSG00000085231,173,30,549,475.0,0.9152,5
ENST00000380876.5,ENSG00000205609,915,85,2830,7453.5,2.7153,3
ENST00000381344.8,ENSG00000067064,285,116,971,737.5,0.8626,3
ENST00000381401.11,ENSG00000169100,299,104,1001,2111.5,2.354,4
ENST00000381474.7,ENSG00000185164,1268,66,3870,3602.5,0.947,2
ENST00000381556.6,ENSG00000132382,1333,62,4061,2090.5,0.5228,3
ENST00000381815.9,ENSG00000159131,1011,94,3127,3722.0,1.2272,1
ENST00000382361.8,ENSG00000075618,494,121,1603,870.0,0.587,4
ENST00000382421.7,ENSG00000111641,846,76,2614,1304.0,0.5138,4
ENST00000382533.9,ENSG00000150459,173,434,953,1155.5,2.2264,3
ENST00000382708.7,ENSG00000092010,251,63,816,388.0,0.5153,5
ENST00000383329.7,ENSG00000204525,373,15,1134,693.5,0.6197,1
ENST00000383801.6,ENSG00000157020,369,72,1179,1172.5,1.0592,1
ENST00000388752.8,ENSG00000112651,306,53,971,707.0,0.7702,2
ENST00000388857.8,ENSG00000211450,123,24,393,420.0,1.1382,3
ENST00000389682.8,ENSG00000211460,229,129,816,476.0,0.6929,2
ENST00000389704.4,ENSG00000120699,277,20,851,476.5,0.5734,2
ENST00000389805.9,ENSG00000161011,441,32,1355,936.0,0.7075,1
ENST00000389912.7,ENSG00000133983,107,96,417,194.5,0.6059,2
ENST00000390658.4,ENSG00000176396,237,82,793,787.5,1.1076,1
ENST00000391842.6,ENSG00000104960,417,170,1421,980.0,0.7834,4
ENST00000391857.9,ENSG00000142541,204,22,634,396.5,0.6479,5
ENST00000392006.8,ENSG00000105323,857,132,2703,1655.0,0.6437,1
ENST00000392061.6,ENSG00000218739,81,14,257,177.5,0.7305,5
ENST00000392132.7,ENSG00000079246,733,89,2288,4734.0,2.1528,2
ENST00000392201.1,ENSG00000126267,87,95,356,2780.5,10.6533,5
ENST00000392367.4,ENSG00000132341,234,41,743,7031.0,10.0157,5
ENST00000392708.9,ENSG00000134910,706,102,2220,1502.5,0.7094,4
ENST00000392872.8,ENSG00000139372,411,166,1399,910.5,0.7384,1
ENST00000392948.5,ENSG00000273213,137,11,422,1903.5,4.6314,3
ENST00000393085.4,ENSG00000105887,119,259,616,698.5,1.9566,1
ENST00000393190.4,ENSG00000243678,153,267,726,4845.0,10.5556,5
ENST00000393227.6,ENSG00000108848,490,134,1604,1069.0,0.7272,1
ENST00000393263.7,ENSG00000187109,392,120,1296,4936.0,4.1973,2
ENST00000393733.6,ENSG00000105364,358,27,1101,682.5,0.6355,3
ENST00000393868.7,ENSG00000163541,347,11,1052,703.5,0.6758,4
ENST00000393909.7,ENSG00000115364,293,25,904,528.5,0.6013,3
ENST00000394053.7,ENSG00000065911,351,27,1080,987.0,0.9373,4
ENST00000394077.8,ENSG00000114391,158,42,516,4362.5,9.2036,3
ENST00000394223.2,ENSG00000109390,77,283,514,457.0,1.9784,3
ENST00000394332.5,ENSG00000125691,141,12,435,4012.5,9.4858,3
ENST00000394366.6,ENSG00000100650,273,307,1126,1113.5,1.3596,1
ENST00000394391.9,ENSG00000005194,313,99,1038,723.5,0.7705,3
ENST00000394434.7,ENSG00000133706,1177,157,3688,2539.5,0.7192,4
ENST00000394440.8,ENSG00000115484,540,149,1769,4513.5,2.7861,3
ENST00000394552.4,ENSG00000101898,182,125,671,286.0,0.5238,4
ENST00000394665.5,ENSG00000109475,118,132,486,3631.0,10.2571,4
ENST00000394800.6,ENSG00000015479,896,549,3237,4967.5,1.848,5
ENST00000394936.8,ENSG00000197746,525,30,1605,2587.5,1.6429,3
ENST00000394938.8,ENSG00000198242,195,48,633,294.5,0.5034,2
ENST00000395284.8,ENSG00000170312,298,118,1012,2701.0,3.0213,1
ENST00000395422.4,ENSG00000106153,152,63,519,1709.0,3.7478,2
ENST00000395878.8,ENSG00000103353,310,16,946,477.5,0.5134,2
ENST00000396049.5,ENSG00000114978,217,205,856,340.0,0.5223,3
ENST00000396060.7,ENSG00000140307,110,159,489,196.0,0.5939,1
ENST00000396172.6,ENSG00000198563,429,186,1473,3187.5,2.4767,3
ENST00000396651.8,ENSG00000142937,209,57,684,13875.0,22.1292,4
ENST00000396779.7,ENSG00000126768,223,149,818,462.0,0.6906,1
ENST00000396821.8,ENSG00000100201,732,100,2296,2637.5,1.201,4
ENST00000397061.4,ENSG00000213965,376,140,1268,1015.5,0.9003,2
ENST00000397149.4,ENSG00000122692,514,66,1608,1123.5,0.7286,1
ENST00000397297.7,ENSG00000214026,192,31,607,308.5,0.5356,4
ENST00000397456.2,ENSG00000265818,152,9,465,401.0,0.8794,4
ENST00000397609.6,ENSG00000171262,434,35,1337,709.5,0.5449,1
ENST00000397666.6,ENSG00000130731,206,12,630,388.0,0.6278,4
ENST00000397764.8,ENSG00000214194,60,150,330,173.5,0.9639,1
ENST00000398136.7,ENSG00000152558,209,142,769,465.0,0.7416,3
ENST00000398153.7,ENSG00000111906,205,35,650,345.0,0.561,5
ENST00000398174.9,ENSG00000101294,427,110,1391,1169.5,0.913,2
ENST00000398226.7,ENSG00000131871,190,33,603,299.0,0.5246,4
ENST00000398491.6,ENSG00000101911,322,92,1058,554.0,0.5735,3
ENST00000398733.8,ENSG00000131508,148,453,897,334.5,0.7534,5
ENST00000398881.4,ENSG00000214736,75,4,229,1022.5,4.5444,3
ENST00000399312.3,ENSG00000243927,126,123,501,328.5,0.869,3
ENST00000399688.7,ENSG00000128050,433,175,1474,1899.5,1.4623,1
ENST00000400099.5,ENSG00000154723,120,46,406,827.0,2.2972,2
ENST00000400788.9,ENSG00000215712,142,20,446,283.0,0.6643,4
ENST00000401558.7,ENSG00000082898,1072,801,4017,1930.5,0.6003,4
ENST00000401675.7,ENSG00000250479,150,68,518,572.5,1.2722,3
ENST00000401811.3,ENSG00000175768,99,72,369,252.5,0.8502,2
ENST00000402673.7,ENSG00000152700,199,119,716,496.0,0.8308,2
ENST00000403564.5,ENSG00000171863,195,142,727,3810.5,6.5137,1
ENST00000403683.2,ENSG00000203852,137,47,458,10716.5,26.0742,1
ENST00000404371.6,ENSG00000143870,493,338,1817,1774.5,1.1998,2
ENST00000404933.7,ENSG00000102172,367,116,1217,878.0,0.7975,3
ENST00000405271.5,ENSG00000119888,343,214,1243,666.5,0.6477,3
ENST00000405356.5,ENSG00000166197,710,235,2365,2778.0,1.3042,3
ENST00000406925.6,ENSG00000242028,122,4135,4501,379.0,1.0355,5
ENST00000407426.8,ENSG00000163811,678,32,2066,1127.0,0.5541,3
ENST00000407627.7,ENSG00000066044,327,163,1144,1456.5,1.4847,4
ENST00000407936.5,ENSG00000100142,159,91,568,276.5,0.5797,1
ENST00000409038.5,ENSG00000071082,131,23,416,1152.0,2.9313,4
ENST00000409170.3,ENSG00000257529,119,32,389,3352.0,9.3894,3
ENST00000409255.1,ENSG00000152082,219,26,683,498.0,0.758,4
ENST00000409368.5,ENSG00000116030,147,143,584,275.5,0.6247,5
ENST00000409433.2,ENSG00000141378,181,1572,2115,364.0,0.6703,5
ENST00000409546.5,ENSG00000138430,417,631,1882,1109.5,0.8869,3
ENST00000409563.5,ENSG00000143933,197,142,733,2275.5,3.8503,5
ENST00000409682.8,ENSG00000115233,311,317,1250,863.5,0.9255,4
ENST00000409752.5,ENSG00000221823,190,122,692,373.0,0.6544,4
ENST00000409784.8,ENSG00000138069,206,191,809,388.5,0.6286,5
ENST00000409960.6,ENSG00000140264,171,47,560,505.0,0.9844,5
ENST00000410042.1,ENSG00000273155,132,207,603,348.0,0.8788,4
ENST00000410080.8,ENSG00000196504,995,350,3335,1639.0,0.5491,1
ENST00000411646.2,ENSG00000232388,96,47,335,565.5,1.9635,3
ENST00000411763.6,ENSG00000161203,461,148,1531,1438.5,1.0401,5
ENST00000412278.2,ENSG00000248643,340,95,1115,799.0,0.7833,3
ENST00000412331.6,ENSG00000100129,608,453,2277,1676.5,0.9191,5
ENST00000412830.8,ENSG00000136045,502,101,1607,946.0,0.6282,3
ENST00000413453.7,ENSG00000223572,418,192,1446,659.0,0.5255,3
ENST00000413966.2,ENSG00000155660,695,115,2200,2075.0,0.9952,3
ENST00000414183.6,ENSG00000182944,662,21,2007,3053.5,1.5375,1
ENST00000414487.7,ENSG00000182004,93,61,340,1948.5,6.9839,5
ENST00000414651.3,ENSG00000115286,237,5,716,392.0,0.5513,4
ENST00000414835.7,ENSG00000133835,762,257,2543,1175.5,0.5142,4
ENST00000415136.6,ENSG00000244038,457,143,1514,2547.0,1.8578,4
ENST00000415930.8,ENSG00000105220,598,170,1964,9344.0,5.2085,5
ENST00000418115.6,ENSG00000067560,194,159,741,1353.5,2.3256,3
ENST00000418389.6,ENSG00000174886,229,78,765,837.5,1.2191,1
ENST00000418458.6,ENSG00000163938,550,61,1711,2074.0,1.257,3
ENST00000418988.2,ENSG00000129084,270,328,1138,1664.0,2.0543,5
ENST00000419343.7,ENSG00000105185,130,61,451,1352.5,3.4679,1
ENST00000419783.3,ENSG00000233276,204,75,687,658.0,1.0752,5
ENST00000420463.7,ENSG00000063046,617,28,1879,1534.5,0.829,3
ENST00000420743.6,ENSG00000092199,307,521,1442,3747.0,4.0684,5
ENST00000420826.7,ENSG00000188612,96,125,413,1264.5,4.3906,4
ENST00000420959.6,ENSG00000110880,528,49,1633,948.0,0.5985,1
ENST00000421351.4,ENSG00000112378,194,79,661,485.0,0.8333,1
ENST00000421641.2,ENSG00000162613,688,106,2170,1735.5,0.8408,5
ENST00000422424.7,ENSG00000166595,164,38,530,334.0,0.6789,4
ENST00000422782.2,ENSG00000168288,331,167,1160,668.5,0.6732,4
ENST00000423485.6,ENSG00000131747,1532,105,4701,5304.5,1.1542,3
ENST00000423505.6,ENSG00000131828,429,111,1398,1508.0,1.1717,5
ENST00000423516.5,ENSG00000163931,632,80,1976,3369.0,1.7769,1
ENST00000423691.2,ENSG00000070087,189,66,633,302.0,0.5326,3
ENST00000423828.5,ENSG00000139644,296,328,1216,4018.0,4.5248,5
ENST00000424491.5,ENSG00000241962,192,636,1212,458.0,0.7951,1
ENST00000425847.6,ENSG00000114686,376,162,1290,1264.5,1.121,1
ENST00000426263.10,ENSG00000117394,493,217,1696,967.5,0.6542,1
ENST00000426333.7,ENSG00000108883,973,81,3000,2331.0,0.7986,1
ENST00000426559.6,ENSG00000117632,175,140,665,3274.5,6.2371,1
ENST00000427805.6,ENSG00000241343,143,112,541,3602.5,8.3974,1
ENST00000428459.6,ENSG00000186010,151,9,462,931.5,2.0563,5
ENST00000429182.6,ENSG00000178035,539,76,1693,1638.5,1.0133,1
ENST00000429568.1,ENSG00000163882,176,59,587,611.0,1.1572,2
ENST00000429985.1,ENSG00000228474,38,187,301,121.5,1.0658,2
ENST00000430157.6,ENSG00000221983,129,94,481,2619.5,6.7687,5
ENST00000430524.6,ENSG00000099901,279,81,918,2952.0,3.5269,5
ENST00000431206.6,ENSG00000185627,379,73,1210,583.0,0.5128,5
ENST00000431388.3,ENSG00000224877,75,46,271,279.5,1.2422,2
ENST00000431635.6,ENSG00000117395,362,149,1235,1124.5,1.0355,3
ENST00000433034.1,ENSG00000241553,188,5,569,627.0,1.1117,1
ENST00000433627.9,ENSG00000257103,464,75,1467,1190.0,0.8549,2
ENST00000433834.5,ENSG00000077549,302,385,1291,1126.0,1.2428,4
ENST00000433866.7,ENSG00000230989,77,99,330,607.0,2.6277,4
ENST00000434013.6,ENSG00000119655,202,33,639,365.0,0.6023,1
ENST00000434715.7,ENSG00000175203,407,78,1299,1032.0,0.8452,4
ENST00000434724.7,ENSG00000103342,638,236,2150,2154.5,1.1257,3
ENST00000435634.3,ENSG00000223496,273,40,859,668.0,0.8156,3
ENST00000437652.6,ENSG00000143569,1098,131,3425,1774.0,0.5386,2
ENST00000438552.6,ENSG00000125835,241,163,886,4537.0,6.2752,2
ENST00000438607.2,ENSG00000232112,65,40,235,255.0,1.3077,3
ENST00000439211.7,ENSG00000228716,188,494,1058,997.5,1.7686,2
ENST00000439602.7,ENSG00000231500,153,45,504,3503.0,7.6318,1
ENST00000439747.7,ENSG00000082515,233,16,715,731.5,1.0465,5
ENST00000440191.6,ENSG00000156976,409,34,1261,655.0,0.5338,5
ENST00000440692.6,ENSG00000138326,290,39,909,3731.0,4.2885,4
ENST00000441173.1,ENSG00000188186,138,35,449,335.0,0.8092,3
ENST00000441448.7,ENSG00000197498,307,69,990,992.0,1.0771,5
ENST00000441626.6,ENSG00000169714,180,149,689,1881.5,3.4843,1
ENST00000444053.5,ENSG00000127837,436,92,1400,681.0,0.5206,5
ENST00000444122.3,ENSG00000235272,119,201,558,216.0,0.605,4
ENST00000444897.3,ENSG00000165688,564,31,1723,1121.5,0.6628,2
ENST00000445593.6,ENSG00000104341,318,680,1634,1138.0,1.1929,5
ENST00000445755.7,ENSG00000007080,224,45,717,813.0,1.2098,1
ENST00000445930.7,ENSG00000100519,390,20,1190,895.0,0.765,3
ENST00000446090.6,ENSG00000132912,468,42,1446,723.0,0.515,2
ENST00000448187.6,ENSG00000205531,399,64,1261,920.5,0.769,2
ENST00000448864.6,ENSG00000182899,111,142,475,4267.0,12.8138,3
ENST00000448878.6,ENSG00000106554,233,95,794,440.5,0.6302,1
ENST00000449683.5,ENSG00000241468,99,26,323,460.5,1.5505,4
ENST00000450169.7,ENSG00000106355,92,15,291,190.0,0.6884,2
ENST00000451315.7,ENSG00000225921,258,24,798,994.0,1.2842,3
ENST00000452510.7,ENSG00000145833,1033,160,3259,1801.5,0.5813,4
ENST00000452790.6,ENSG00000082153,452,52,1408,2410.5,1.7777,3
ENST00000453386.7,ENSG00000136527,289,154,1021,1886.5,2.1759,2
ENST00000454207.2,ENSG00000280148,141,116,539,227.5,0.5378,5
ENST00000454220.7,ENSG00000105568,630,46,1936,2931.5,1.5511,1
ENST00000454376.7,ENSG00000126457,372,10,1126,3334.0,2.9875,2
ENST00000454402.7,ENSG00000111445,341,125,1148,660.5,0.6457,4
ENST00000454893.1,ENSG00000143977,97,62,353,842.5,2.8952,2
ENST00000455217.6,ENSG00000113407,757,122,2393,3707.5,1.6325,4
ENST00000455511.9,ENSG00000196510,566,81,1779,940.0,0.5536,3
ENST00000457354.7,ENSG00000139921,281,46,889,543.5,0.6447,4
ENST00000457408.7,ENSG00000158604,228,25,709,514.0,0.7515,2
ENST00000458198.3,ENSG00000237190,117,27,378,366.0,1.0427,5
ENST00000458578.6,ENSG00000185651,213,3,642,1430.5,2.2387,5
ENST00000458587.8,ENSG00000185825,314,402,1344,1050.0,1.1146,4
ENST00000462430.5,ENSG00000185088,101,199,502,683.5,2.2558,4
ENST00000464265.5,ENSG00000185808,159,224,701,335.0,0.7023,5
ENST00000464845.6,ENSG00000102030,236,133,841,1062.0,1.5,2
ENST00000464942.7,ENSG00000184047,240,38,758,415.5,0.5771,4
ENST00000465139.6,ENSG00000140350,250,144,894,876.0,1.168,5
ENST00000465271.6,ENSG00000143771,140,46,466,917.5,2.1845,2
ENST00000466490.7,ENSG00000144867,272,295,1111,583.0,0.7145,3
ENST00000466652.2,ENSG00000143162,256,64,832,389.5,0.5072,4
ENST00000466830.6,ENSG00000187118,107,175,496,174.5,0.5436,5
ENST00000467789.5,ENSG00000114850,199,60,657,738.0,1.2362,4
ENST00000468812.6,ENSG00000196262,166,44,542,965.5,1.9388,4
ENST00000469176.1,ENSG00000145494,173,3,522,1064.5,2.0511,4
ENST00000472024.3,ENSG00000083937,230,297,987,350.0,0.5072,4
ENST00000474315.5,ENSG00000101365,388,1,1165,1146.0,0.9845,2
ENST00000474597.5,ENSG00000124783,299,87,984,755.0,0.8417,1
ENST00000476371.1,ENSG00000120333,129,17,404,388.5,1.0039,2
ENST00000476781.6,ENSG00000136522,251,14,767,443.5,0.589,5
ENST00000479257.5,ENSG00000128595,324,831,1803,988.0,1.0165,5
ENST00000481105.5,ENSG00000134602,439,216,1533,753.5,0.5721,2
ENST00000482352.1,ENSG00000242485,156,73,541,565.5,1.2083,4
ENST00000483273.2,ENSG00000233954,92,1699,1975,645.5,2.3388,1
ENST00000484810.5,ENSG00000138495,99,36,333,186.5,0.6279,4
ENST00000485876.6,ENSG00000170906,85,24,279,273.5,1.0725,4
ENST00000487519.6,ENSG00000108064,247,138,879,973.0,1.3131,5
ENST00000488034.6,ENSG00000112514,180,107,647,727.0,1.3463,1
ENST00000488353.2,ENSG00000157916,197,1786,2377,395.0,0.6684,1
ENST00000490341.3,ENSG00000243910,242,165,891,375.5,0.5172,3
ENST00000491306.6,ENSG00000197756,93,31,310,1676.5,6.009,2
ENST00000491660.1,ENSG00000120742,79,364,601,134.0,0.5654,5
ENST00000492112.3,ENSG00000188529,263,72,861,549.0,0.6958,5
ENST00000492758.1,ENSG00000128524,148,1,445,597.0,1.3446,5
ENST00000492933.5,ENSG00000163636,443,53,1382,1264.0,0.9511,4
ENST00000493945.6,ENSG00000075624,376,155,1283,21954.0,19.4628,3
ENST00000495186.6,ENSG00000147155,231,173,866,712.5,1.0281,2
ENST00000495461.6,ENSG00000113811,95,71,356,202.0,0.7088,5
ENST00000495699.3,ENSG00000130713,304,27,939,485.5,0.5323,2
ENST00000496455.7,ENSG00000163655,694,221,2303,1239.5,0.5953,3
ENST00000497317.5,ENSG00000163463,144,30,462,377.0,0.8727,4
ENST00000497547.2,ENSG00000160214,462,53,1439,1078.5,0.7781,1
ENST00000498124.1,ENSG00000147889,168,39,543,864.5,1.7153,5
ENST00000498926.7,ENSG00000247077,290,35,905,499.5,0.5741,1
ENST00000503362.2,ENSG00000129128,181,111,654,397.0,0.7311,4
ENST00000503643.1,ENSG00000145354,146,44,482,224.0,0.5114,3
ENST00000503682.5,ENSG00000138663,439,18,1335,707.5,0.5372,4
ENST00000504986.6,ENSG00000109133,248,56,800,610.5,0.8206,3
ENST00000505459.6,ENSG00000153037,145,90,525,378.0,0.869,4
ENST00000505490.3,ENSG00000183684,265,6,801,2573.5,3.2371,5
ENST00000505920.1,ENSG00000249222,101,327,630,267.5,0.8828,3
ENST00000505992.1,ENSG00000151247,249,21,768,791.0,1.0589,2
ENST00000507591.2,ENSG00000124795,381,149,1292,1287.0,1.126,3
ENST00000507606.3,ENSG00000243317,48,66,210,124.0,0.8611,1
ENST00000507746.7,ENSG00000170445,513,111,1650,1175.5,0.7638,1
ENST00000510038.1,ENSG00000113648,373,132,1251,1324.0,1.1832,2
ENST00000510515.5,ENSG00000138758,440,257,1577,718.5,0.5443,2
ENST00000512788.1,ENSG00000154277,242,32,758,4623.5,6.3685,4
ENST00000512805.6,ENSG00000204628,318,106,1060,17987.0,18.8543,3
ENST00000517490.6,ENSG00000085719,538,155,1769,1017.0,0.6301,3
ENST00000517669.1,ENSG00000113732,82,30,276,249.5,1.0142,3
ENST00000518338.6,ENSG00000171530,132,4,400,1406.0,3.5505,5
ENST00000519065.6,ENSG00000196591,489,240,1707,2149.5,1.4652,2
ENST00000519487.6,ENSG00000154582,136,145,553,479.5,1.1752,2
ENST00000519807.5,ENSG00000008988,143,126,555,1207.0,2.8135,1
ENST00000520547.4,ENSG00000253626,155,117,582,7772.0,16.714,1
ENST00000521158.5,ENSG00000078668,285,68,923,1901.5,2.224,4
ENST00000521264.5,ENSG00000177556,74,110,332,433.5,1.9527,5
ENST00000521688.6,ENSG00000120533,102,122,428,631.0,2.0621,1
ENST00000521764.3,ENSG00000253506,216,39,687,380.0,0.5864,5
ENST00000522439.1,ENSG00000147669,68,96,300,248.5,1.2181,3
ENST00000522944.5,ENSG00000168078,334,393,1395,839.5,0.8378,5
ENST00000523111.7,ENSG00000169139,146,24,462,615.5,1.4053,3
ENST00000523377.2,ENSG00000083099,89,31,298,210.0,0.7865,1
ENST00000523483.5,ENSG00000137575,319,1514,2471,715.5,0.7476,1
ENST00000523920.1,ENSG00000156467,162,16,502,817.0,1.6811,1
ENST00000525428.6,ENSG00000074201,238,80,794,964.5,1.3508,3
ENST00000525566.6,ENSG00000198431,650,24,1974,1134.0,0.5815,4
ENST00000525634.6,ENSG00000110700,152,26,482,5545.5,12.1612,3
ENST00000525954.5,ENSG00000079459,477,101,1532,1378.0,0.963,2
ENST00000526070.2,ENSG00000110367,484,361,1813,1103.0,0.7596,3
ENST00000526991.3,ENSG00000255112,200,99,699,328.5,0.5475,2
ENST00000527548.5,ENSG00000149806,134,86,488,3622.5,9.0112,4
ENST00000527673.2,ENSG00000118181,126,59,437,4344.5,11.4934,4
ENST00000527947.5,ENSG00000101146,438,178,1492,818.5,0.6229,2
ENST00000527958.6,ENSG00000168092,230,139,829,548.5,0.7949,5
ENST00000528157.7,ENSG00000145050,183,52,601,485.0,0.8834,5
ENST00000528848.3,ENSG00000254598,392,131,1307,637.5,0.5421,4
ENST00000530028.3,ENSG00000255302,188,43,607,1370.0,2.4291,2
ENST00000530167.2,ENSG00000188486,144,71,503,3084.0,7.1389,5
ENST00000530758.2,ENSG00000254999,76,27,255,477.0,2.0921,3
ENST00000531120.6,ENSG00000149100,375,57,1182,2023.5,1.7987,2
ENST00000531224.6,ENSG00000029363,921,248,3011,3639.5,1.3172,1
ENST00000531572.2,ENSG00000175390,360,16,1096,1310.5,1.2134,3
ENST00000531967.5,ENSG00000093144,308,504,1428,566.0,0.6126,1
ENST00000532642.5,ENSG00000117410,262,97,883,723.5,0.9205,3
ENST00000532699.1,ENSG00000255292,141,5,428,285.0,0.6738,3
ENST00000533162.2,ENSG00000179950,597,76,1867,1315.0,0.7342,5
ENST00000533417.6,ENSG00000110651,304,9,921,1248.0,1.3684,2
ENST00000534312.5,ENSG00000284969,131,11,404,336.0,0.855,2
ENST00000534769.5,ENSG00000172757,205,48,663,4054.0,6.5919,4
ENST00000535035.6,ENSG00000116133,529,48,1635,1128.5,0.7111,4
ENST00000535406.5,ENSG00000111665,269,306,1113,413.0,0.5118,4
ENST00000535715.5,ENSG00000167770,287,452,1313,687.0,0.7979,5
ENST00000535923.6,ENSG00000215021,300,121,1021,2053.0,2.2811,2
ENST00000536128.5,ENSG00000092841,239,40,757,2420.5,3.3759,1
ENST00000536889.1,ENSG00000133134,161,358,841,285.5,0.5911,5
ENST00000536961.6,ENSG00000100865,228,89,773,371.5,0.5431,4
ENST00000537328.6,ENSG00000134825,80,41,281,376.0,1.5667,1
ENST00000538173.2,ENSG00000180574,473,13,1432,1962.0,1.3827,2
ENST00000539276.7,ENSG00000174437,1043,543,3672,3119.5,0.997,5
ENST00000539745.2,ENSG00000197837,104,47,359,1736.5,5.5657,4
ENST00000539909.6,ENSG00000156110,363,58,1147,561.5,0.5156,5
ENST00000539945.7,ENSG00000014641,354,81,1143,1634.0,1.5386,5
ENST00000541231.1,ENSG00000150779,99,30,327,501.0,1.6869,5
ENST00000541364.5,ENSG00000167553,520,28,1588,6928.0,4.441,1
ENST00000541455.1,ENSG00000181924,97,394,685,227.5,0.7818,2
ENST00000541515.3,ENSG00000269955,459,25,1402,1356.0,0.9847,1
ENST00000541790.4,ENSG00000273802,127,45,426,735.0,1.9291,1
ENST00000542575.6,ENSG00000105281,542,629,2255,3259.0,2.0043,5
ENST00000543307.5,ENSG00000089327,195,80,665,430.0,0.735,1
ENST00000543341.7,ENSG00000111358,309,31,958,492.0,0.5307,1
ENST00000544017.5,ENSG00000105197,457,133,1504,2091.5,1.5255,1
ENST00000544844.6,ENSG00000173113,126,33,411,947.0,2.5053,5
ENST00000545606.6,ENSG00000111530,1231,360,4053,2901.0,0.7855,5
ENST00000545683.1,ENSG00000203814,135,50,455,466.0,1.1506,1
ENST00000545908.6,ENSG00000100714,965,397,3292,2639.5,0.9117,4
ENST00000546588.1,ENSG00000111237,215,100,745,708.0,1.0977,5
ENST00000546954.2,ENSG00000170855,77,12,243,301.0,1.303,2
ENST00000547098.5,ENSG00000198015,156,134,602,574.0,1.2265,3
ENST00000547517.5,ENSG00000108774,250,301,1051,766.5,1.022,2
ENST00000548577.5,ENSG00000219200,138,150,564,832.5,2.0109,2
ENST00000549555.5,ENSG00000183283,208,84,708,645.0,1.0337,5
ENST00000549759.2,ENSG00000123349,157,62,533,1157.0,2.4565,2
ENST00000549920.6,ENSG00000063177,189,35,602,2639.5,4.6552,3
ENST00000550443.5,ENSG00000196465,209,303,930,343.5,0.5478,2
ENST00000551671.5,ENSG00000120805,195,108,693,453.5,0.7752,5
ENST00000551765.6,ENSG00000257218,137,37,448,311.5,0.7579,2
ENST00000552080.1,ENSG00000205323,214,8,650,781.0,1.2165,1
ENST00000552085.1,ENSG00000139343,128,105,489,515.5,1.3424,2
ENST00000552218.5,ENSG00000111481,199,33,630,653.5,1.0946,3
ENST00000552330.5,ENSG00000175183,244,55,787,966.5,1.3204,3
ENST00000553591.2,ENSG00000198805,329,107,1094,1123.5,1.1383,1
ENST00000553809.5,ENSG00000100902,253,79,838,1740.0,2.2925,2
ENST00000554075.2,ENSG00000213741,88,30,294,972.5,3.6837,5
ENST00000554713.2,ENSG00000156411,100,51,351,646.0,2.1533,2
ENST00000555531.1,ENSG00000256206,165,45,540,858.5,1.7343,4
ENST00000555572.1,ENSG00000011052,293,176,1055,7202.0,8.1934,4
ENST00000555938.1,ENSG00000258674,274,12,834,867.0,1.0547,4
ENST00000557016.6,ENSG00000100632,105,66,381,1819.5,5.7762,5
ENST00000557395.5,ENSG00000255339,173,30,549,1292.5,2.4904,5
ENST00000557431.5,ENSG00000119705,125,9,384,873.5,2.3293,2
ENST00000557690.5,ENSG00000100528,161,64,547,485.0,1.0041,1
ENST00000558008.3,ENSG00000166803,116,67,415,903.0,2.5948,4
ENST00000558134.5,ENSG00000140612,186,14,572,599.5,1.0744,3
ENST00000559596.6,ENSG00000137804,442,77,1403,1318.5,0.9943,4
ENST00000559780.6,ENSG00000182718,368,374,1478,1536.5,1.3918,5
ENST00000559916.1,ENSG00000166710,120,34,394,1646.0,4.5722,3
ENST00000560055.5,ENSG00000108107,171,38,551,1115.5,2.1745,2
ENST00000560595.6,ENSG00000140374,407,81,1302,1585.0,1.2981,1
ENST00000561157.5,ENSG00000182774,137,31,442,1407.0,3.4234,3
ENST00000561971.1,ENSG00000128989,132,278,674,256.5,0.6477,5
ENST00000562684.5,ENSG00000206053,219,36,693,923.5,1.4056,4
ENST00000562833.2,ENSG00000260836,585,244,1999,2717.0,1.5481,3
ENST00000564206.2,ENSG00000133124,1258,65,3839,4848.0,1.2846,4
ENST00000565154.6,ENSG00000067225,606,126,1944,10725.5,5.8996,5
ENST00000565299.5,ENSG00000074696,401,142,1345,2323.5,1.9314,3
ENST00000565361.3,ENSG00000090861,1000,158,3158,1665.0,0.555,5
ENST00000568685.1,ENSG00000089280,528,64,1648,5705.0,3.6016,1
ENST00000568783.5,ENSG00000178741,154,69,531,2028.0,4.3896,3
ENST00000570382.2,ENSG00000184009,376,210,1338,25492.5,22.5997,3
ENST00000571133.6,ENSG00000171490,491,30,1503,3054.5,2.0737,1
ENST00000571730.1,ENSG00000262660,443,131,1460,901.5,0.6783,5
ENST00000571941.5,ENSG00000217930,146,168,606,225.5,0.5148,2
ENST00000572815.5,ENSG00000132507,187,192,753,9358.0,16.6809,2
ENST00000573331.5,ENSG00000262481,69,13,220,226.5,1.0942,2
ENST00000578186.3,ENSG00000270882,104,28,340,26796.5,85.8862,3
ENST00000578454.5,ENSG00000266412,651,145,2098,1101.0,0.5637,5
ENST00000578794.2,ENSG00000266086,202,109,715,992.5,1.6378,2
ENST00000579002.5,ENSG00000125445,272,415,1231,857.5,1.0509,5
ENST00000579248.5,ENSG00000265681,185,200,755,9378.5,16.8982,1
ENST00000579512.3,ENSG00000270276,104,28,340,26797.5,85.8894,3
ENST00000579991.3,ENSG00000264364,90,274,544,198.0,0.7333,5
ENST00000580018.4,ENSG00000265354,210,136,766,859.5,1.3643,3
ENST00000580887.5,ENSG00000101608,178,48,582,683.5,1.28,4
ENST00000581066.2,ENSG00000266472,88,447,711,764.0,2.8939,3
ENST00000582471.1,ENSG00000263809,108,51,375,5727.5,17.6775,1
ENST00000582556.5,ENSG00000161970,146,310,748,9826.0,22.4338,5
ENST00000583313.7,ENSG00000265241,175,58,583,936.0,1.7829,1
ENST00000583931.6,ENSG00000143401,269,326,1133,785.0,0.9727,1
ENST00000584347.1,ENSG00000169689,132,18,414,276.0,0.697,2
ENST00000584461.5,ENSG00000141522,236,59,767,1046.0,1.4774,3
ENST00000584773.5,ENSG00000136450,254,124,886,1581.5,2.0755,1
ENST00000584895.5,ENSG00000215472,229,15,702,9066.5,13.1972,1
ENST00000585603.6,ENSG00000105171,221,36,699,1265.0,1.908,1
ENST00000585671.2,ENSG00000127540,57,64,235,597.5,3.4942,4
ENST00000585809.6,ENSG00000065268,433,9,1308,1256.0,0.9669,3
ENST00000585937.1,ENSG00000267059,57,36,207,597.5,3.4942,3
ENST00000586746.5,ENSG00000099817,211,39,672,1112.5,1.7575,3
ENST00000587323.5,ENSG00000099622,298,91,985,656.5,0.7343,4
ENST00000587718.5,ENSG00000126247,323,65,1034,1765.5,1.822,5
ENST00000587950.5,ENSG00000174917,141,103,526,365.0,0.8629,3
ENST00000588025.5,ENSG00000179115,549,141,1788,2118.0,1.286,1
ENST00000588234.6,ENSG00000104979,100,22,322,452.5,1.5083,5
ENST00000588657.6,ENSG00000129351,899,232,2929,3487.5,1.2931,4
ENST00000588705.1,ENSG00000267228,83,4,253,138.5,0.5562,5
ENST00000588734.5,ENSG00000167900,268,239,1043,830.0,1.0323,3
ENST00000588852.2,ENSG00000160633,918,123,2877,1853.0,0.6728,3
ENST00000588919.5,ENSG00000167468,243,52,781,433.0,0.594,1
ENST00000591613.2,ENSG00000188223,56,119,287,253.0,1.506,2
ENST00000591776.5,ENSG00000173812,122,152,518,1724.5,4.7117,1
ENST00000591912.1,ENSG00000130165,121,329,692,225.5,0.6212,1
ENST00000592741.5,ENSG00000130175,536,153,1761,2747.5,1.7086,3
ENST00000593052.5,ENSG00000115268,153,138,597,7006.0,15.2636,1
ENST00000593771.2,ENSG00000077348,258,22,796,594.0,0.7674,5
ENST00000593829.6,ENSG00000130520,140,56,476,526.5,1.2536,1
ENST00000593863.5,ENSG00000105372,146,49,487,15000.5,34.2477,5
ENST00000594797.6,ENSG00000229833,74,41,263,367.5,1.6554,2
ENST00000595090.6,ENSG00000183207,464,25,1417,1990.0,1.4296,3
ENST00000596073.6,ENSG00000099797,347,40,1081,623.5,0.5989,3
ENST00000596731.7,ENSG00000105583,107,12,333,800.0,2.4922,1
ENST00000598441.6,ENSG00000104852,438,196,1510,1551.5,1.1807,2
ENST00000598495.5,ENSG00000083845,226,72,750,4955.5,7.309,3
ENST00000598884.1,ENSG00000167774,114,21,363,730.0,2.1345,4
ENST00000599630.1,ENSG00000074842,190,28,598,502.5,0.8816,2
ENST00000599672.6,ENSG00000126749,245,11,746,475.5,0.6469,5
ENST00000599962.2,ENSG00000234289,127,57,438,6201.5,16.2769,2
ENST00000600006.6,ENSG00000130724,266,133,931,399.5,0.5006,2
ENST00000600480.2,ENSG00000088247,748,110,2354,4259.5,1.8982,3
ENST00000600659.3,ENSG00000233927,70,35,245,2307.5,10.9881,2
ENST00000600932.5,ENSG00000105669,332,32,1028,878.5,0.882,2
ENST00000601498.5,ENSG00000042753,159,132,609,895.5,1.8774,3
ENST00000602676.6,ENSG00000104904,229,79,766,2689.0,3.9141,1
ENST00000602956.5,ENSG00000270106,189,158,725,666.0,1.1746,5
ENST00000603700.1,ENSG00000270617,111,14,347,233.5,0.7012,3
ENST00000604458.1,ENSG00000270757,262,24,810,1358.5,1.7284,3
ENST00000605337.5,ENSG00000116221,484,48,1500,1177.5,0.811,5
ENST00000605844.6,ENSG00000270647,593,86,1865,1954.5,1.0987,4
ENST00000606613.1,ENSG00000233822,167,61,562,2773.0,5.5349,5
ENST00000607355.3,ENSG00000288859,131,53,446,245.5,0.6247,4
ENST00000607357.2,ENSG00000172428,58,21,195,247.0,1.4195,5
ENST00000607484.6,ENSG00000137288,127,14,395,344.0,0.9029,1
ENST00000607778.2,ENSG00000272047,72,80,296,381.5,1.7662,4
ENST00000610354.5,ENSG00000010278,256,173,941,505.5,0.6582,1
ENST00000610402.5,ENSG00000006125,952,130,2986,1854.0,0.6492,3
ENST00000610426.5,ENSG00000164346,261,112,895,1179.0,1.5057,3
ENST00000610726.5,ENSG00000009307,845,486,3021,3883.0,1.5318,1
ENST00000611854.4,ENSG00000176731,101,203,506,448.0,1.4785,5
ENST00000611927.2,ENSG00000273542,104,33,345,2632.5,8.4375,2
ENST00000612311.4,ENSG00000143183,240,18,738,801.5,1.1132,5
ENST00000612549.6,ENSG00000155463,436,14,1322,821.5,0.6281,5
ENST00000612612.5,ENSG00000259112,135,29,434,840.5,2.0753,1
ENST00000612661.2,ENSG00000277443,333,401,1400,1727.0,1.7287,5
ENST00000612748.1,ENSG00000242265,784,217,2569,2151.5,0.9148,2
ENST00000612966.3,ENSG00000287080,137,27,438,668.5,1.6265,4
ENST00000613174.2,ENSG00000276903,131,38,431,2418.0,6.1527,3
ENST00000613434.4,,684,210,2262,1441.0,0.7022,
ENST00000613659.1,ENSG00000276023,199,344,941,312.5,0.5235,4
ENST00000613854.2,ENSG00000275714,137,39,450,1388.5,3.3783,5
ENST00000614097.3,ENSG00000274290,127,35,416,2800.0,7.3491,4
ENST00000614247.2,ENSG00000277157,104,36,348,4320.0,13.8462,4
ENST00000614328.4,ENSG00000110958,165,446,941,2611.0,5.2747,4
ENST00000614556.5,ENSG00000136485,343,201,1230,760.5,0.7391,5
ENST00000614911.3,ENSG00000274750,137,20,431,266.5,0.6484,4
ENST00000615164.3,ENSG00000276966,104,35,347,5588.0,17.9103,1
ENST00000615868.2,ENSG00000278463,131,50,443,2563.0,6.5216,1
ENST00000615911.4,ENSG00000063322,222,37,703,346.0,0.5195,3
ENST00000615966.2,ENSG00000276410,127,56,437,327.5,0.8596,3
ENST00000616182.2,ENSG00000274641,127,38,419,2609.5,6.8491,1
ENST00000616365.2,ENSG00000275379,137,31,442,258.5,0.629,3
ENST00000616395.4,ENSG00000054116,189,136,703,295.0,0.5203,1
ENST00000616552.4,ENSG00000112118,854,72,2634,3301.0,1.2884,4
ENST00000616577.4,ENSG00000133112,198,215,809,581.5,0.979,5
ENST00000616972.4,ENSG00000168385,397,168,1359,1547.0,1.2989,4
ENST00000617122.1,ENSG00000183648,106,32,350,663.5,2.0865,4
ENST00000617231.5,ENSG00000161847,740,22,2242,1136.0,0.5117,2
ENST00000617429.5,ENSG00000273611,156,19,487,559.0,1.1944,4
ENST00000617558.2,ENSG00000263020,305,12,927,667.0,0.729,4
ENST00000617569.2,ENSG00000278637,104,30,342,2351.5,7.5369,2
ENST00000617763.1,ENSG00000184983,155,62,527,600.0,1.2903,2
ENST00000618052.2,ENSG00000277775,137,30,441,729.5,1.7749,2
ENST00000618570.1,ENSG00000276380,154,30,492,303.5,0.6569,3
ENST00000618958.2,ENSG00000275221,131,36,429,1927.0,4.9033,4
ENST00000619387.5,ENSG00000275700,561,172,1855,974.0,0.5787,2
ENST00000619426.5,ENSG00000277791,206,86,704,2209.0,3.5744,4
ENST00000619466.3,ENSG00000275713,127,37,418,273.0,0.7165,4
ENST00000620438.2,ENSG00000196890,127,27,408,958.0,2.5144,3
ENST00000620514.2,ENSG00000118418,131,122,515,436.0,1.1094,2
ENST00000620565.4,ENSG00000276043,858,44,2618,2189.5,0.8506,2
ENST00000621112.2,ENSG00000273703,127,22,403,511.5,1.3425,4
ENST00000621411.3,ENSG00000286522,137,39,450,18026.0,43.8589,5
ENST00000621444.4,ENSG00000048162,232,223,919,386.5,0.5553,2
ENST00000621592.8,ENSG00000136997,455,363,1728,757.5,0.5549,2
ENST00000621615.1,ENSG00000273734,131,74,467,2216.0,5.6387,2
ENST00000621632.5,ENSG00000089737,860,89,2669,2203.0,0.8539,4
ENST00000621805.5,ENSG00000099246,236,136,844,363.5,0.5134,3
ENST00000621994.3,ENSG00000275774,294,243,1125,466.5,0.5289,1
ENST00000625464.2,ENSG00000156531,367,202,1303,586.0,0.5322,3
ENST00000625837.2,ENSG00000215301,734,905,3107,3927.0,1.7834,1
ENST00000627305.2,ENSG00000155368,149,84,531,545.0,1.2192,1
ENST00000630972.2,ENSG00000120694,861,294,2877,1561.0,0.6043,3
ENST00000634017.1,ENSG00000180957,274,72,894,809.5,0.9848,2
ENST00000634318.1,ENSG00000259316,117,49,400,908.5,2.5883,2
ENST00000635200.1,ENSG00000282988,170,50,560,4212.0,8.2588,1
ENST00000635647.1,ENSG00000011304,589,423,2190,3129.0,1.7708,3
ENST00000635918.2,ENSG00000236444,155,963,1428,565.0,1.2151,3
ENST00000636580.2,ENSG00000182220,351,96,1149,635.5,0.6035,1
ENST00000636879.1,ENSG00000164904,555,21,1686,1009.0,0.606,5
ENST00000639725.1,ENSG00000270800,292,40,916,724.5,0.8271,4
ENST00000640218.2,ENSG00000153187,826,236,2714,9539.5,3.8497,3
ENST00000641023.2,ENSG00000092621,534,89,1691,2718.5,1.6969,2
ENST00000641471.1,ENSG00000131238,336,9,1017,857.0,0.8502,4
ENST00000642195.1,ENSG00000171453,347,21,1062,535.0,0.5139,4
ENST00000642379.1,ENSG00000135821,508,139,1663,3100.0,2.0341,2
ENST00000642748.1,ENSG00000124733,189,181,748,407.0,0.7178,2
ENST00000642816.3,ENSG00000149925,419,181,1438,11405.0,9.0732,2
ENST00000643754.2,ENSG00000142676,179,18,555,7414.0,13.8063,5
ENST00000643795.2,ENSG00000147224,322,201,1167,634.0,0.6563,2
ENST00000644393.1,ENSG00000124614,187,38,599,686.0,1.2228,2
ENST00000645276.1,ENSG00000168036,784,214,2566,3648.5,1.5512,2
ENST00000646651.1,ENSG00000077152,198,106,700,853.5,1.4369,2
ENST00000647557.2,ENSG00000104824,627,20,1901,5161.0,2.7438,2
ENST00000647795.1,ENSG00000141543,412,152,1388,2405.0,1.9458,3
ENST00000647800.2,ENSG00000136156,267,155,956,1500.0,1.8727,4
ENST00000647897.1,ENSG00000171135,184,113,665,283.0,0.5127,3
ENST00000647960.1,ENSG00000285854,282,54,900,12032.5,14.2228,1
ENST00000648350.1,ENSG00000100138,273,13,832,1182.0,1.4432,1
ENST00000648640.1,ENSG00000162244,168,179,683,2300.5,4.5645,2
ENST00000648836.1,ENSG00000255639,568,26,1730,1008.0,0.5915,1
ENST00000649178.1,ENSG00000102393,471,9,1422,1719.5,1.2169,1
ENST00000649689.2,ENSG00000117593,646,557,2495,1409.0,0.727,4
ENST00000649838.1,ENSG00000104738,905,131,2846,4658.5,1.7158,3
ENST00000650182.1,ENSG00000163956,358,10,1084,961.0,0.8948,3
ENST00000650309.2,ENSG00000131174,81,86,329,1434.0,5.9012,5
ENST00000651259.3,ENSG00000204152,189,142,709,311.5,0.5494,1
ENST00000651435.1,ENSG00000105254,283,55,904,753.5,0.8875,2
ENST00000651615.1,ENSG00000286268,286,175,1033,469.0,0.5466,2
ENST00000651669.1,ENSG00000177954,85,35,290,1025.5,4.0216,2
ENST00000651763.1,ENSG00000178440,189,139,706,311.5,0.5494,1
ENST00000652248.1,ENSG00000286070,127,83,464,2456.0,6.4462,1
ENST00000661438.1,ENSG00000285920,442,892,2218,1318.5,0.9943,3
ENST00000664196.1,ENSG00000102309,157,35,506,832.0,1.7665,2
ENST00000672354.1,ENSG00000075239,435,35,1340,1047.0,0.8023,4
ENST00000672715.1,ENSG00000004455,240,55,775,1566.5,2.1757,1
ENST00000673047.2,ENSG00000111716,342,98,1124,15154.0,14.77,4
ENST00000673498.1,ENSG00000135390,158,536,1010,2688.5,5.6719,5
ENST00000673807.1,ENSG00000265590,390,622,1792,738.5,0.6312,1
ENST00000674233.1,ENSG00000168259,498,15,1509,1411.0,0.9444,5
ENST00000675092.1,ENSG00000156709,623,90,1959,952.5,0.5096,4
ENST00000675651.1,ENSG00000106105,746,44,2282,1275.0,0.5697,4
ENST00000675692.1,ENSG00000114354,413,336,1575,854.5,0.6897,3
ENST00000675864.1,ENSG00000075785,218,232,886,632.5,0.9671,5
ENST00000676571.1,ENSG00000204463,1174,295,3817,2372.0,0.6735,5
ENST00000676589.1,ENSG00000181163,324,118,1090,8943.0,9.2006,5
ENST00000676826.2,ENSG00000087460,1039,552,3669,3438.0,1.103,2
ENST00000677310.1,ENSG00000150093,826,353,2831,1425.5,0.5753,2
ENST00000677453.1,ENSG00000158864,485,116,1571,1385.0,0.9519,3
ENST00000677533.1,ENSG00000088832,130,166,556,648.0,1.6615,3
ENST00000677562.1,ENSG00000104969,361,118,1201,649.0,0.5993,2
ENST00000677567.1,ENSG00000130414,394,88,1270,727.5,0.6155,3
ENST00000677581.1,ENSG00000256646,157,213,684,1896.0,4.0255,1
ENST00000677730.1,ENSG00000137876,175,68,593,906.0,1.7257,2
ENST00000678042.1,ENSG00000104408,508,22,1546,1597.5,1.0482,5
ENST00000678063.1,ENSG00000084623,439,35,1352,2491.0,1.8914,2
ENST00000678090.1,ENSG00000128609,146,43,481,462.5,1.0559,1
ENST00000678573.1,ENSG00000108298,217,641,1292,5680.0,8.725,4
ENST00000678646.1,ENSG00000145907,477,132,1563,3605.5,2.5196,1
ENST00000678830.1,ENSG00000147140,502,178,1684,6784.0,4.5046,1
ENST00000679328.1,ENSG00000170144,397,27,1218,4282.0,3.5953,4
ENST00000679770.1,ENSG00000100749,449,47,1394,1085.5,0.8059,2
ENST00000680408.1,ENSG00000288698,103,9,318,172.5,0.5583,3
ENST00000680978.1,ENSG00000239900,527,59,1640,1003.5,0.6347,4
ENST00000680984.1,ENSG00000127022,627,171,2052,6026.5,3.2039,1
ENST00000681020.1,ENSG00000185624,558,51,1725,2263.0,1.3519,2
ENST00000681407.1,ENSG00000168066,765,129,2424,1686.0,0.7346,2
ENST00000681413.1,ENSG00000131462,498,97,1591,755.0,0.5054,5
ENST00000681861.1,ENSG00000166598,815,184,2629,8308.0,3.398,3
ENST00000682083.1,ENSG00000271793,563,194,1883,3381.5,2.0021,5
ENST00000682708.1,ENSG00000172893,493,277,1756,759.0,0.5132,2
ENST00000682876.1,ENSG00000131844,607,109,1930,912.5,0.5011,4
ENST00000683125.1,ENSG00000138095,1431,29,4322,2276.0,0.5302,3
ENST00000684824.1,ENSG00000165732,809,66,2493,4492.0,1.8508,2
ENST00000685102.1,ENSG00000004487,879,154,2791,1609.5,0.6104,4
ENST00000685801.1,ENSG00000100345,1982,214,6160,3902.5,0.6563,4
ENST00000687244.1,ENSG00000147123,164,787,1279,1560.0,3.1707,4
ENST00000688851.1,ENSG00000167004,513,102,1641,1452.5,0.9438,3
ENST00000689346.1,ENSG00000166165,406,77,1295,15586.5,12.7968,5
ENST00000690765.1,ENSG00000288894,343,75,1104,760.5,0.7391,3
ENST00000692677.1,ENSG00000103018,175,66,591,735.0,1.4,1
ENST00000692681.1,ENSG00000174010,671,430,2443,1886.0,0.9369,1
ENST00000692876.1,ENSG00000114023,161,139,622,388.0,0.8033,1
ENST00000693754.1,ENSG00000125037,300,182,1082,454.0,0.5044,3
ENST00000694947.1,ENSG00000038274,342,108,1134,517.5,0.5044,3
ENST00000695404.1,ENSG00000113048,461,40,1423,871.0,0.6298,1
ENST00000695855.1,ENSG00000289694,192,281,857,1529.5,2.6554,4
ENST00000696161.1,ENSG00000051523,255,65,830,1564.0,2.0444,3
ENST00000696533.1,ENSG00000077721,225,250,925,623.0,0.923,3
ENST00000696553.1,ENSG00000116560,729,334,2521,6730.5,3.0775,2
ENST00000696814.1,ENSG00000101003,203,92,701,308.0,0.5057,3
ENST00000697718.1,ENSG00000132963,148,36,480,1043.5,2.3502,5
ENST00000698283.1,ENSG00000072274,796,71,2459,1306.0,0.5469,4
ENST00000698368.1,ENSG00000268400,65,15,210,156.5,0.8026,2
ENST00000699222.1,ENSG00000067057,836,94,2602,1773.0,0.7069,3
ENST00000699273.1,ENSG00000058262,486,169,1627,950.0,0.6516,1
ENST00000699794.1,ENSG00000071127,660,284,2264,1079.5,0.5452,5
ENST00000699935.1,ENSG00000182117,73,346,565,380.0,1.7352,3
ENST00000700002.1,ENSG00000116062,1363,72,4161,2286.5,0.5592,1
ENST00000700293.1,ENSG00000099341,354,39,1101,3431.5,3.2312,4
ENST00000700714.2,ENSG00000141367,1722,237,5403,5896.5,1.1414,2
ENST00000703174.1,ENSG00000213639,369,96,1203,762.0,0.6883,4
ENST00000703354.1,ENSG00000113575,318,182,1136,1671.0,1.7516,1
ENST00000703936.1,ENSG00000290315,1195,181,3766,2138.0,0.5964,1
ENST00000704002.1,ENSG00000136238,226,197,875,711.0,1.0487,3
ENST00000704381.1,ENSG00000290318,164,234,726,1057.0,2.1484,3
ENST00000704995.1,ENSG00000184897,265,231,1026,1005.5,1.2648,5
ENST00000705448.1,ENSG00000118705,655,938,2903,2495.0,1.2697,4
ENST00000706299.1,ENSG00000008282,286,60,918,762.0,0.8881,5
ENST00000706454.1,ENSG00000105819,509,40,1567,1437.0,0.9411,1
ENST00000706600.1,ENSG00000005893,455,128,1493,863.5,0.6326,4
ENST00000706669.1,ENSG00000169727,560,34,1714,1410.0,0.8393,5
ENST00000706947.1,ENSG00000291313,98,339,633,577.5,1.9643,2
ENST00000710272.1,ENSG00000143321,326,37,1015,718.5,0.7347,3
ENST00000710273.1,ENSG00000177606,354,911,1973,1231.0,1.1591,2
ENST00000710358.1,ENSG00000159335,176,343,871,599.0,1.1345,3
ENST00000710369.1,ENSG00000160679,269,235,1042,936.0,1.1599,2
ENST00000710383.1,ENSG00000135316,679,42,2079,3545.5,1.7405,3
ENST00000711214.1,,299,104,1001,2111.5,2.354,
ENST00000711312.1,ENSG00000103275,211,339,972,761.5,1.203,4
ENST00000713776.1,ENSG00000213593,302,26,932,455.5,0.5028,1
ENST00000714034.1,ENSG00000117118,296,132,1020,735.0,0.8277,1
ENST00000714063.1,ENSG00000143252,180,25,565,1114.5,2.0639,5
ENST00000714408.1,ENSG00000141510,412,142,1378,869.0,0.7031,4
ENST00000715596.1,ENSG00000293600,104,398,710,248.5,0.7965,1
